id,data_inversa,dia_semana,horario,uf,br,km,municipio,causa_acidente,tipo_acidente,classificacao_acidente,fase_dia,sentido_via,condicao_metereologica,tipo_pista,tracado_via,uso_solo,ano,pessoas,mortos,feridos_leves,feridos_graves,ilesos,ignorados,feridos,veiculos
1052756,2012-02-02,Quinta,11:55:00,RN,304,294.6,MACAIBA,Falta de atenção,Colisão traseira,Sem Vítimas,Pleno dia,Crescente,Ceu Claro,Simples,Reta,Urbano,2012,3,0,0,0,2,1,0,3
1052790,2012-02-02,Quinta,08:30:00,RN,101,106.5,PARNAMIRIM,Falta de atenção,Colisão traseira,Sem Vítimas,Pleno dia,Decrescente,Ceu Claro,Dupla,Reta,Urbano,2012,2,0,0,0,2,0,0,2
1052798,2012-02-02,Quinta,07:00:00,RN,101,98.3,NATAL,Falta de atenção,Colisão lateral,Com Vítimas Feridas,Pleno dia,Decrescente,Ceu Claro,Dupla,Reta,Urbano,2012,3,0,2,0,0,1,2,2
1052816,2012-01-27,Sexta,08:00:00,RN,101,76.5,SAO GONCALO DO AMARANTE,Outras,Colisão Transversal,Com Vítimas Feridas,Pleno dia,Crescente,Ceu Claro,Dupla,Reta,Urbano,2012,4,0,2,1,1,0,3,2
1052831,2012-01-30,Segunda,06:10:00,RN,304,295,MACAIBA,Desobediência à sinalização,Colisão Transversal,Sem Vítimas,Pleno dia,Decrescente,Sol,Dupla,Curva,Urbano,2012,2,0,0,0,2,0,0,2
1052889,2012-02-02,Quinta,13:45:00,RN,101,105.2,PARNAMIRIM,Falta de atenção,Colisão Transversal,Sem Vítimas,Pleno dia,Crescente,Ceu Claro,Dupla,Reta,Urbano,2012,3,0,0,0,3,0,0,3
1052953,2012-02-02,Quinta,19:00:00,RN,101,98.7,NATAL,Falta de atenção,Colisão traseira,Sem Vítimas,Plena noite,Crescente,Ceu Claro,Múltipla,Reta,Urbano,2012,2,0,0,0,2,0,0,2
1052991,2012-02-02,Quinta,14:45:00,RN,101,65.4,EXTREMOZ,Outras,Colisão Transversal,Sem Vítimas,Pleno dia,Crescente,Ceu Claro,Simples,Cruzamento,Urbano,2012,2,0,0,0,2,0,0,2
1053002,2012-01-29,Domingo,18:25:00,RN,101,85.3,SAO GONCALO DO AMARANTE,Não guardar distância de segurança,Colisão traseira,Sem Vítimas,Anoitecer,Crescente,Ceu Claro,Dupla,Reta,Urbano,2012,3,0,0,0,2,1,0,3
1053050,2012-02-02,Quinta,22:10:00,RN,427,138.8,SERRA NEGRA DO NORTE,Outras,Capotamento,Com Vítimas Feridas,Plena noite,Crescente,Ceu Claro,Simples,Reta,Rural,2012,4,0,2,2,0,0,4,1
1053177,2012-02-03,Sexta,08:30:00,RN,101,99.8,NATAL,Falta de atenção,Colisão lateral,Sem Vítimas,Pleno dia,Crescente,Ceu Claro,Múltipla,Reta,Urbano,2012,3,0,0,0,2,1,0,3
1053257,2012-01-30,Segunda,11:50:00,RN,101,100,NATAL,Não guardar distância de segurança,Colisão traseira,Sem Vítimas,Pleno dia,Crescente,Sol,Múltipla,Reta,Urbano,2012,2,0,0,0,2,0,0,2
1053360,2012-02-03,Sexta,08:30:00,RN,101,68,EXTREMOZ,Falta de atenção,Colisão Transversal,Com Vítimas Feridas,Pleno dia,Crescente,Sol,Simples,Reta,Rural,2012,2,0,1,0,1,0,1,2
1053376,2012-02-03,Sexta,14:30:00,RN,406,100,JOAO CAMARA,Outras,Capotamento,Com Vítimas Feridas,Pleno dia,Crescente,Sol,Simples,Reta,Urbano,2012,1,0,1,0,0,0,1,1
1053442,2012-02-03,Sexta,10:20:00,RN,101,108,PARNAMIRIM,Falta de atenção,Colisão lateral,Sem Vítimas,Pleno dia,Decrescente,Sol,Dupla,Cruzamento,Urbano,2012,2,0,0,0,2,0,0,2
1053573,2012-02-03,Sexta,17:30:00,RN,101,106.8,PARNAMIRIM,Defeito mecânico em veículo,Colisão traseira,Com Vítimas Feridas,Anoitecer,Crescente,Ceu Claro,Dupla,Reta,Urbano,2012,5,0,1,0,3,1,1,5
1053587,2012-02-04,Sábado,03:30:00,RN,101,68,EXTREMOZ,Animais na Pista,Atropelamento de animal,Com Vítimas Feridas,Plena noite,Decrescente,Chuva,Simples,Reta,Rural,2012,1,0,1,0,0,0,1,1
1053667,2012-02-03,Sexta,20:19:00,RN,101,98,NATAL,Falta de atenção,Colisão lateral,Sem Vítimas,Plena noite,Crescente,Ceu Claro,Dupla,Curva,Urbano,2012,2,0,0,0,2,0,0,2
1053771,2012-02-04,Sábado,07:30:00,RN,101,99.2,NATAL,Outras,Colisão lateral,Sem Vítimas,Pleno dia,Decrescente,Nublado,Dupla,Reta,Urbano,2012,3,0,0,0,3,0,0,3
1053787,2012-02-04,Sábado,10:55:00,RN,101,96,NATAL,Outras,Colisão Transversal,Sem Vítimas,Pleno dia,Decrescente,Ceu Claro,Dupla,Reta,Urbano,2012,2,0,0,0,2,0,0,2
1053858,2012-02-04,Sábado,10:30:00,RN,101,94.2,NATAL,Não guardar distância de segurança,Colisão traseira,Sem Vítimas,Pleno dia,Crescente,Ceu Claro,Múltipla,Reta,Urbano,2012,2,0,0,0,2,0,0,2
1053928,2012-02-04,Sábado,10:30:00,RN,226,9.2,MACAIBA,Outras,Saída de Pista,Ignorado,Pleno dia,Crescente,Chuva,Simples,Curva,Urbano,2012,1,0,0,0,0,1,0,1
1053933,2012-02-04,Sábado,18:30:00,RN,101,107.3,PARNAMIRIM,Falta de atenção,Colisão Transversal,Sem Vítimas,Pleno dia,Crescente,Ceu Claro,Dupla,Cruzamento,Urbano,2012,2,0,0,0,2,0,0,2
1053964,2012-02-04,Sábado,19:40:00,RN,101,160.9,CANGUARETAMA,Desobediência à sinalização,Colisão Transversal,Sem Vítimas,Pleno dia,Decrescente,Ceu Claro,Dupla,Cruzamento,Rural,2012,2,0,0,0,2,0,0,2
1053999,2012-02-04,Sábado,23:26:00,RN,304,47.5,MOSSORO,Falta de atenção,Queda de motocicleta / bicicleta / veículo,Com Vítimas Feridas,Plena noite,Decrescente,Ceu Claro,Simples,Cruzamento,Urbano,2012,1,0,1,0,0,0,1,1
1054056,2012-02-01,Quarta,00:40:00,RN,304,281,MACAIBA,Dormindo,Tombamento,Sem Vítimas,Plena noite,Crescente,Ceu Claro,Simples,Curva,Rural,2012,1,0,0,0,1,0,0,1
1054129,2012-02-01,Quarta,10:35:00,RN,101,101.3,PARNAMIRIM,Desobediência à sinalização,Colisão lateral,Sem Vítimas,Pleno dia,Crescente,Ceu Claro,Múltipla,Cruzamento,Urbano,2012,2,0,0,0,2,0,0,2
1054143,2012-02-05,Domingo,08:20:00,RN,101,101.6,PARNAMIRIM,Não guardar distância de segurança,Colisão traseira,Com Vítimas Feridas,Pleno dia,Decrescente,Ceu Claro,Dupla,Reta,Urbano,2012,2,0,1,0,1,0,1,2
1054144,2012-02-01,Quarta,17:30:00,RN,304,297.2,MACAIBA,Falta de atenção,Colisão traseira,Sem Vítimas,Pleno dia,Decrescente,Ceu Claro,Múltipla,Cruzamento,Urbano,2012,2,0,0,0,2,0,0,2
1054186,2012-02-05,Domingo,12:35:00,RN,101,102,PARNAMIRIM,Não guardar distância de segurança,Colisão traseira,Sem Vítimas,Pleno dia,Decrescente,Nublado,Dupla,Reta,Urbano,2012,2,0,0,0,2,0,0,2
1054198,2012-02-05,Domingo,11:10:00,RN,304,306,PARNAMIRIM,Falta de atenção,Colisão traseira,Com Vítimas Feridas,Pleno dia,Crescente,Ceu Claro,Dupla,Reta,Rural,2012,2,0,1,0,1,0,1,2
1054259,2012-02-05,Domingo,16:30:00,RN,101,107.2,PARNAMIRIM,Não guardar distância de segurança,Colisão traseira,Sem Vítimas,Pleno dia,Decrescente,Ceu Claro,Dupla,Reta,Urbano,2012,2,0,0,0,2,0,0,2
1054317,2012-02-05,Domingo,19:30:00,RN,304,46,MOSSORO,Falta de atenção,Colisão Transversal,Sem Vítimas,Plena noite,Crescente,Ceu Claro,Simples,Reta,Urbano,2012,2,0,0,0,2,0,0,2
1054339,2012-02-05,Domingo,17:00:00,RN,101,66.5,CEARA-MIRIM,Ingestão de álcool,Colisão Transversal,Com Vítimas Feridas,Pleno dia,Decrescente,Ceu Claro,Simples,Cruzamento,Rural,2012,2,0,0,1,1,0,1,2
1054411,2012-02-05,Domingo,15:10:00,RN,101,99.9,NATAL,Falta de atenção,Colisão traseira,Sem Vítimas,Pleno dia,Crescente,Ceu Claro,Dupla,Cruzamento,Urbano,2012,3,0,0,0,3,0,0,3
1054462,2012-02-05,Domingo,10:30:00,RN,226,92.4,TANGARA,Outras,Capotamento,Com Vítimas Feridas,Pleno dia,Crescente,Sol,Simples,Reta,Rural,2012,5,0,5,0,0,0,5,1
1054533,2012-02-02,Quinta,10:25:00,RN,101,101.5,PARNAMIRIM,Falta de atenção,Colisão lateral,Com Vítimas Feridas,Pleno dia,Crescente,Ceu Claro,Múltipla,Curva,Urbano,2012,2,0,1,0,1,0,1,2
1054589,2012-02-06,Segunda,07:00:00,RN,101,84.1,SAO GONCALO DO AMARANTE,Falta de atenção,Colisão traseira,Sem Vítimas,Pleno dia,Crescente,Ceu Claro,Dupla,Reta,Urbano,2012,2,0,0,0,2,0,0,2
1054659,2012-02-02,Quinta,17:30:00,RN,304,37.6,MOSSORO,Falta de atenção,Colisão Transversal,Com Vítimas Feridas,Anoitecer,Decrescente,Ceu Claro,Simples,Cruzamento,Urbano,2012,3,0,2,0,1,0,2,2
1054676,2012-02-06,Segunda,09:30:00,RN,101,99.7,NATAL,Desobediência à sinalização,Colisão lateral,Sem Vítimas,Pleno dia,Decrescente,Ceu Claro,Múltipla,Reta,Urbano,2012,2,0,0,0,2,0,0,2
1054752,2012-02-06,Segunda,11:30:00,RN,101,85.4,NATAL,Falta de atenção,Colisão traseira,Com Vítimas Feridas,Pleno dia,Crescente,Ceu Claro,Dupla,Reta,Urbano,2012,5,0,2,0,3,0,2,4
1054863,2012-02-03,Sexta,01:40:00,RN,406,88,JOAO CAMARA,Animais na Pista,Atropelamento de animal,Sem Vítimas,Plena noite,Crescente,Ceu Claro,Simples,Reta,Rural,2012,1,0,0,0,1,0,0,1
1054914,2012-02-06,Segunda,17:15:00,RN,101,103.4,PARNAMIRIM,Não guardar distância de segurança,Colisão traseira,Sem Vítimas,Pleno dia,Crescente,Ceu Claro,Dupla,Curva,Urbano,2012,2,0,0,0,2,0,0,2
1054933,2012-02-06,Segunda,08:40:00,RN,101,96.5,NATAL,Outras,Colisão lateral,Sem Vítimas,Pleno dia,Crescente,Sol,Múltipla,Curva,Urbano,2012,2,0,0,0,2,0,0,2
1054937,2012-02-06,Segunda,17:40:00,RN,226,9.2,MACAIBA,Ingestão de álcool,Colisão Transversal,Com Vítimas Feridas,Anoitecer,Decrescente,Ceu Claro,Simples,Reta,Rural,2012,2,0,1,1,0,0,2,2
1054960,2012-02-06,Segunda,10:50:00,RN,101,129.7,SAO JOSE DE MIPIBU,Defeito mecânico em veículo,Tombamento,Sem Vítimas,Pleno dia,Crescente,Sol,Dupla,Cruzamento,Rural,2012,1,0,0,0,1,0,0,1
1054968,2012-02-06,Segunda,21:15:00,RN,304,54.9,MOSSORO,Animais na Pista,Atropelamento de animal,Sem Vítimas,Plena noite,Decrescente,Ceu Claro,Simples,Reta,Rural,2012,1,0,0,0,1,0,0,1
1055134,2012-02-03,Sexta,18:50:00,RN,406,32,GUAMARE,Falta de atenção,Colisão Transversal,Com Vítimas Feridas,Plena noite,Decrescente,Ceu Claro,Simples,Reta,Urbano,2012,2,0,1,0,1,0,1,2
1055219,2012-02-04,Sábado,23:00:00,RN,304,44,MOSSORO,Falta de atenção,Queda de motocicleta / bicicleta / veículo,Com Vítimas Feridas,Plena noite,Decrescente,Ceu Claro,Dupla,Curva,Urbano,2012,1,0,1,0,0,0,1,1
1055264,2012-02-07,Terça,10:30:00,RN,101,85.3,SAO GONCALO DO AMARANTE,Outras,Colisão lateral,Sem Vítimas,Pleno dia,Crescente,Ceu Claro,Dupla,Reta,Urbano,2012,2,0,0,0,2,0,0,2
1055298,2012-02-04,Sábado,19:50:00,RN,304,38.3,MOSSORO,Ingestão de álcool,Colisão lateral,Sem Vítimas,Plena noite,Crescente,Ceu Claro,Simples,Reta,Urbano,2012,2,0,0,0,1,1,0,2
1055328,2012-01-31,Terça,08:45:00,RN,304,78.6,MOSSORO,Falta de atenção,Colisão traseira,Com Vítimas Fatais,Pleno dia,Decrescente,Ceu Claro,Simples,Reta,Rural,2012,5,1,1,0,3,0,1,2
1055333,2012-02-05,Domingo,03:50:00,RN,304,22.5,MOSSORO,Ingestão de álcool,Colisão traseira,Com Vítimas Feridas,Plena noite,Crescente,Ceu Claro,Simples,Reta,Rural,2012,4,0,1,3,0,0,4,2
1055390,2012-02-07,Terça,08:40:00,RN,226,4,NATAL,Não guardar distância de segurança,Colisão traseira,Sem Vítimas,Pleno dia,Decrescente,Sol,Simples,Curva,Rural,2012,2,0,0,0,1,1,0,2
1055429,2012-02-07,Terça,17:20:00,RN,405,0.5,MOSSORO,Falta de atenção,Colisão lateral,Sem Vítimas,Anoitecer,Decrescente,Ceu Claro,Múltipla,Reta,Urbano,2012,2,0,0,0,2,0,0,2
1055436,2012-02-07,Terça,18:00:00,RN,405,0,MOSSORO,Desobediência à sinalização,Colisão Transversal,Com Vítimas Feridas,Anoitecer,Crescente,Ceu Claro,Múltipla,Reta,Urbano,2012,2,0,1,1,0,0,2,2
1055512,2012-02-07,Terça,20:10:00,RN,101,77.8,SAO GONCALO DO AMARANTE,Animais na Pista,Atropelamento de animal,Sem Vítimas,Plena noite,Crescente,Ceu Claro,Simples,Reta,Rural,2012,1,0,0,0,1,0,0,1
1055522,2012-02-07,Terça,19:15:00,RN,406,97,JOAO CAMARA,Outras,Colisão Transversal,Sem Vítimas,Plena noite,Decrescente,Ceu Claro,Simples,Reta,Urbano,2012,2,0,0,0,2,0,0,2
1055589,2012-02-03,Sexta,17:30:00,RN,304,35,MOSSORO,Falta de atenção,Colisão traseira,Sem Vítimas,Anoitecer,Decrescente,Ceu Claro,Múltipla,Cruzamento,Urbano,2012,2,0,0,0,2,0,0,2
1055727,2012-01-30,Segunda,04:25:00,RN,304,48,MOSSORO,Falta de atenção,Atropelamento de pessoa,Com Vítimas Feridas,Amanhecer,Crescente,Ceu Claro,Simples,Reta,Urbano,2012,2,0,1,0,0,1,1,1
1055740,2012-02-03,Sexta,06:20:00,RN,110,49.2,MOSSORO,Falta de atenção,Colisão frontal,Com Vítimas Feridas,Pleno dia,Crescente,Ceu Claro,Simples,Reta,Urbano,2012,2,0,1,1,0,0,2,2
1055830,2012-02-08,Quarta,07:40:00,RN,110,48.6,MOSSORO,Falta de atenção,Colisão lateral,Sem Vítimas,Pleno dia,Crescente,Sol,Dupla,Cruzamento,Urbano,2012,2,0,0,0,2,0,0,2
1055850,2012-02-08,Quarta,10:10:00,RN,101,99.8,NATAL,Falta de atenção,Colisão traseira,Sem Vítimas,Pleno dia,Decrescente,Ceu Claro,Dupla,Reta,Urbano,2012,2,0,0,0,2,0,0,2
1055889,2012-01-28,Sábado,00:45:00,RN,406,123.5,TAIPU,Animais na Pista,Atropelamento de animal,Com Vítimas Feridas,Plena noite,Crescente,Ceu Claro,Simples,Curva,Rural,2012,2,0,0,2,0,0,2,1
1055909,2012-02-08,Quarta,12:45:00,RN,101,95.3,NATAL,Falta de atenção,Colisão Transversal,Sem Vítimas,Pleno dia,Crescente,Ceu Claro,Múltipla,Reta,Urbano,2012,2,0,0,0,2,0,0,2
1055925,2012-02-08,Quarta,15:20:00,RN,101,86,NATAL,Falta de atenção,Colisão traseira,Sem Vítimas,Pleno dia,Decrescente,Ceu Claro,Dupla,Reta,Urbano,2012,2,0,0,0,1,1,0,2
1055958,2012-02-04,Sábado,15:30:00,RN,101,74,EXTREMOZ,Outras,Colisão Transversal,Sem Vítimas,Pleno dia,Decrescente,Ceu Claro,Simples,Reta,Urbano,2012,2,0,0,0,2,0,0,2
1055999,2012-02-08,Quarta,15:00:00,RN,101,104.1,PARNAMIRIM,Falta de atenção,Colisão traseira,Com Vítimas Feridas,Pleno dia,Crescente,Ceu Claro,Dupla,Reta,Urbano,2012,2,0,0,1,1,0,1,2
1056012,2012-02-08,Quarta,16:55:00,RN,101,103.9,PARNAMIRIM,Falta de atenção,Colisão traseira,Sem Vítimas,Pleno dia,Crescente,Ceu Claro,Dupla,Reta,Urbano,2012,2,0,0,0,2,0,0,2
1056042,2012-02-08,Quarta,18:30:00,RN,101,94,NATAL,Não guardar distância de segurança,Colisão lateral,Com Vítimas Feridas,Plena noite,Crescente,Ceu Claro,Dupla,Reta,Urbano,2012,4,0,1,0,3,0,1,2
1056057,2012-02-08,Quarta,17:15:00,RN,101,103.6,PARNAMIRIM,Não guardar distância de segurança,Colisão traseira,Sem Vítimas,Pleno dia,Crescente,Sol,Dupla,Reta,Urbano,2012,2,0,0,0,2,0,0,2
1056161,2012-02-05,Domingo,19:15:00,RN,101,100,NATAL,Outras,Colisão lateral,Sem Vítimas,Plena noite,Decrescente,Ceu Claro,Dupla,Reta,Urbano,2012,2,0,0,0,2,0,0,2
1056270,2012-02-06,Segunda,06:00:00,RN,101,101.8,PARNAMIRIM,Não guardar distância de segurança,Colisão traseira,Sem Vítimas,Pleno dia,Crescente,Ceu Claro,Dupla,Reta,Urbano,2012,2,0,0,0,2,0,0,2
1056271,2012-02-09,Quinta,07:20:00,RN,101,94.3,NATAL,Falta de atenção,Colisão lateral,Com Vítimas Feridas,Pleno dia,Decrescente,Nublado,Dupla,Reta,Urbano,2012,2,0,1,0,1,0,1,2
1056336,2012-02-05,Domingo,21:00:00,RN,304,300.5,MACAIBA,Animais na Pista,Capotamento,Com Vítimas Feridas,Plena noite,Decrescente,Ceu Claro,Dupla,Reta,Rural,2012,3,0,2,0,1,0,2,1
1056369,2012-02-09,Quinta,09:00:00,RN,101,95.4,NATAL,Outras,Queda de motocicleta / bicicleta / veículo,Com Vítimas Feridas,Pleno dia,Crescente,Ceu Claro,Dupla,Reta,Urbano,2012,2,0,2,0,0,0,2,1
1056388,2012-02-09,Quinta,12:45:00,RN,101,98.2,NATAL,Falta de atenção,Colisão traseira,Sem Vítimas,Pleno dia,Decrescente,Ceu Claro,Dupla,Reta,Urbano,2012,2,0,0,0,2,0,0,2
1056408,2012-02-05,Domingo,21:30:00,RN,101,95.8,NATAL,Outras,Colisão lateral,Sem Vítimas,Plena noite,Crescente,Nublado,Múltipla,Reta,Urbano,2012,2,0,0,0,2,0,0,2
1056410,2012-02-09,Quinta,16:00:00,RN,304,295.2,MACAIBA,Falta de atenção,Colisão traseira,Sem Vítimas,Pleno dia,Crescente,Ceu Claro,Simples,Reta,Urbano,2012,2,0,0,0,2,0,0,2
1056469,2012-02-05,Domingo,18:20:00,RN,226,6,NATAL,Falta de atenção,Colisão com objeto fixo,Sem Vítimas,Plena noite,Decrescente,Ceu Claro,Simples,Reta,Urbano,2012,1,0,0,0,1,0,0,1
1056482,2012-02-09,Quinta,09:40:00,RN,101,96.5,NATAL,Outras,Colisão traseira,Sem Vítimas,Pleno dia,Crescente,Ceu Claro,Múltipla,Curva,Urbano,2012,2,0,0,0,2,0,0,2
1056491,2012-02-09,Quinta,13:35:00,RN,304,298,MACAIBA,Não guardar distância de segurança,Colisão traseira,Sem Vítimas,Pleno dia,Decrescente,Ceu Claro,Simples,Reta,Rural,2012,2,0,0,0,2,0,0,2
1056508,2012-02-09,Quinta,16:40:00,RN,110,46.9,MOSSORO,Desobediência à sinalização,Colisão Transversal,Com Vítimas Feridas,Pleno dia,Decrescente,Ceu Claro,Simples,Cruzamento,Urbano,2012,2,0,1,0,1,0,1,2
1056524,2012-02-09,Quinta,19:25:00,RN,101,95.6,NATAL,Falta de atenção,Colisão lateral,Sem Vítimas,Plena noite,Crescente,Ceu Claro,Dupla,Reta,Urbano,2012,2,0,0,0,2,0,0,2
1056656,2012-02-09,Quinta,23:20:00,RN,304,118.9,ITAJA,Animais na Pista,Atropelamento de animal,Sem Vítimas,Plena noite,Crescente,Ceu Claro,Simples,Reta,Rural,2012,1,0,0,0,1,0,0,1
1056702,2012-01-29,Domingo,16:00:00,RN,101,98.7,NATAL,Falta de atenção,Colisão traseira,Sem Vítimas,Pleno dia,Crescente,Sol,Dupla,Reta,Urbano,2012,2,0,0,0,2,0,0,2
1056759,2012-02-04,Sábado,20:40:00,RN,406,146,CEARA-MIRIM,Outras,Colisão lateral,Com Vítimas Feridas,Plena noite,Decrescente,Ceu Claro,Simples,Curva,Urbano,2012,2,0,1,0,1,0,1,2
1056834,2012-02-10,Sexta,07:58:00,RN,406,27.8,GUAMARE,Animais na Pista,Atropelamento de animal,Sem Vítimas,Pleno dia,Crescente,Chuva,Simples,Reta,Urbano,2012,1,0,0,0,1,0,0,1
1056891,2012-02-10,Sexta,12:30:00,RN,304,282.2,MACAIBA,Falta de atenção,Atropelamento de pessoa,Com Vítimas Feridas,Pleno dia,Crescente,Sol,Simples,Reta,Urbano,2012,2,0,1,0,1,0,1,1
1056925,2012-02-10,Sexta,10:00:00,RN,101,101.7,PARNAMIRIM,Falta de atenção,Colisão lateral,Sem Vítimas,Pleno dia,Crescente,Ceu Claro,Dupla,Reta,Urbano,2012,2,0,0,0,1,1,0,2
1056982,2012-02-10,Sexta,11:50:00,RN,101,103.9,PARNAMIRIM,Falta de atenção,Colisão lateral,Sem Vítimas,Pleno dia,Crescente,Ceu Claro,Dupla,Reta,Urbano,2012,2,0,0,0,2,0,0,2
1057004,2012-02-10,Sexta,17:50:00,RN,101,126.6,SAO JOSE DE MIPIBU,Outras,Colisão Transversal,Com Vítimas Feridas,Anoitecer,Decrescente,Ceu Claro,Dupla,Cruzamento,Urbano,2012,2,0,1,0,1,0,1,2
1057055,2012-02-10,Sexta,19:35:00,RN,226,5.5,NATAL,Animais na Pista,Atropelamento de animal,Sem Vítimas,Plena noite,Decrescente,Ceu Claro,Simples,Reta,Urbano,2012,1,0,0,0,1,0,0,1
1057057,2012-02-10,Sexta,21:50:00,RN,101,81.6,NATAL,Falta de atenção,Colisão Transversal,Com Vítimas Feridas,Plena noite,Decrescente,Ceu Claro,Dupla,Reta,Urbano,2012,3,0,0,1,1,1,1,2
1057121,2012-02-10,Sexta,21:45:00,RN,304,252,SANTA MARIA,Animais na Pista,Atropelamento de animal,Sem Vítimas,Plena noite,Crescente,Ceu Claro,Simples,Reta,Rural,2012,1,0,0,0,1,0,0,1
1057176,2012-02-10,Sexta,14:30:00,RN,101,96.1,NATAL,Falta de atenção,Colisão traseira,Sem Vítimas,Pleno dia,Decrescente,Ceu Claro,Simples,Reta,Urbano,2012,2,0,0,0,2,0,0,2
1057266,2012-02-11,Sábado,09:45:00,RN,110,48,MOSSORO,Não guardar distância de segurança,Colisão lateral,Sem Vítimas,Pleno dia,Crescente,Sol,Simples,Reta,Urbano,2012,2,0,0,0,2,0,0,2
1057315,2012-02-11,Sábado,11:30:00,RN,101,100,NATAL,Falta de atenção,Colisão traseira,Sem Vítimas,Pleno dia,Decrescente,Ceu Claro,Dupla,Cruzamento,Urbano,2012,2,0,0,0,2,0,0,2
1057373,2012-02-08,Quarta,06:30:00,RN,101,84,SAO GONCALO DO AMARANTE,Falta de atenção,Colisão traseira,Com Vítimas Feridas,Pleno dia,Crescente,Ceu Claro,Dupla,Reta,Urbano,2012,2,0,1,0,1,0,1,2
1057399,2012-02-11,Sábado,13:30:00,RN,101,83.9,NATAL,Falta de atenção,Colisão Transversal,Sem Vítimas,Pleno dia,Decrescente,Ceu Claro,Dupla,Curva,Urbano,2012,2,0,0,0,2,0,0,2
1057578,2012-02-11,Sábado,23:30:00,RN,226,15.5,MACAIBA,Falta de atenção,Colisão lateral,Sem Vítimas,Plena noite,Crescente,Ceu Claro,Simples,Reta,Rural,2012,2,0,0,0,2,0,0,2
1057601,2012-02-11,Sábado,17:00:00,RN,101,116,SAO JOSE DE MIPIBU,Ingestão de álcool,Queda de motocicleta / bicicleta / veículo,Com Vítimas Feridas,Pleno dia,Decrescente,Ceu Claro,Dupla,Reta,Urbano,2012,1,0,1,0,0,0,1,1
1057604,2012-02-03,Sexta,10:00:00,RN,405,2,MOSSORO,Outras,Colisão Transversal,Sem Vítimas,Pleno dia,Crescente,Ceu Claro,Dupla,Reta,Urbano,2012,2,0,0,0,2,0,0,2
1057608,2012-02-12,Domingo,00:10:00,RN,110,49.6,MOSSORO,Falta de atenção,Colisão traseira,Com Vítimas Fatais,Plena noite,Decrescente,Ceu Claro,Dupla,Cruzamento,Urbano,2012,3,1,0,1,0,1,1,2
1057616,2012-02-12,Domingo,02:10:00,RN,304,265.5,SANTA MARIA,Outras,Colisão traseira,Sem Vítimas,Plena noite,Crescente,Ceu Claro,Simples,Reta,Rural,2012,2,0,0,0,2,0,0,2
1057627,2012-02-11,Sábado,21:00:00,RN,406,145,CEARA-MIRIM,Ingestão de álcool,Colisão lateral,Sem Vítimas,Plena noite,Crescente,Vento,Simples,Reta,Urbano,2012,2,0,0,0,2,0,0,2
1057630,2012-02-12,Domingo,04:00:00,RN,101,100,PARNAMIRIM,Falta de atenção,Colisão traseira,Sem Vítimas,Plena noite,Decrescente,Nublado,Múltipla,Reta,Urbano,2012,2,0,0,0,2,0,0,2
1057697,2012-02-10,Sexta,15:00:00,RN,406,112.5,POCO BRANCO,Velocidade incompatível,Capotamento,Com Vítimas Feridas,Plena noite,Crescente,Ceu Claro,Simples,Reta,Rural,2012,4,0,4,0,0,0,4,1
1057711,2012-02-08,Quarta,07:20:00,RN,101,107.4,PARNAMIRIM,Falta de atenção,Colisão traseira,Sem Vítimas,Pleno dia,Decrescente,Ceu Claro,Dupla,Reta,Urbano,2012,3,0,0,0,3,0,0,3
1057721,2012-02-12,Domingo,08:30:00,RN,101,121.5,SAO JOSE DE MIPIBU,Defeito mecânico em veículo,Capotamento,Sem Vítimas,Pleno dia,Crescente,Sol,Dupla,Reta,Rural,2012,1,0,0,0,1,0,0,1
1057727,2012-02-08,Quarta,18:20:00,RN,304,286.1,MACAIBA,Animais na Pista,Atropelamento de animal,Com Vítimas Fatais,Plena noite,Crescente,Ceu Claro,Simples,Reta,Rural,2012,5,1,2,2,0,0,4,1
1057768,2012-02-12,Domingo,11:50:00,RN,101,104.1,PARNAMIRIM,Outras,Tombamento,Com Vítimas Feridas,Pleno dia,Crescente,Nublado,Dupla,Curva,Urbano,2012,1,0,1,0,0,0,1,1
1057777,2012-02-12,Domingo,11:30:00,RN,101,69.6,EXTREMOZ,Defeito mecânico em veículo,Saída de Pista,Sem Vítimas,Pleno dia,Decrescente,Sol,Simples,Curva,Rural,2012,5,0,0,0,5,0,0,1
1057795,2012-02-12,Domingo,11:45:00,RN,101,100.5,NATAL,Falta de atenção,Colisão traseira,Sem Vítimas,Pleno dia,Crescente,Ceu Claro,Dupla,Reta,Urbano,2012,2,0,0,0,2,0,0,2
1057980,2012-02-12,Domingo,18:45:00,RN,304,291,MACAIBA,Outras,Colisão Transversal,Sem Vítimas,Plena noite,Crescente,Ceu Claro,Simples,Cruzamento,Urbano,2012,2,0,0,0,2,0,0,2
1058010,2012-02-06,Segunda,17:10:00,RN,101,97.1,NATAL,Não guardar distância de segurança,Colisão traseira,Sem Vítimas,Anoitecer,Crescente,Ceu Claro,Dupla,Reta,Urbano,2012,2,0,0,0,2,0,0,2
1058013,2012-02-12,Domingo,20:20:00,RN,101,107,PARNAMIRIM,Desobediência à sinalização,Colisão Transversal,Sem Vítimas,Plena noite,Decrescente,Ceu Claro,Dupla,Cruzamento,Urbano,2012,2,0,0,0,2,0,0,2