id,data_inversa,dia_semana,horario,uf,br,km,municipio,causa_acidente,tipo_acidente,classificacao_acidente,fase_dia,sentido_via,condicao_metereologica,tipo_pista,tracado_via,uso_solo,ano,pessoas,mortos,feridos_leves,feridos_graves,ilesos,ignorados,feridos,veiculos
1058024,2012-02-02,Quinta,21:00:00,RN,101,101.8,PARNAMIRIM,Outras,Atropelamento de pessoa,Com Vítimas Fatais,Plena noite,Crescente,Ceu Claro,Dupla,Reta,Urbano,2012,2,1,0,0,0,1,0,1
1058076,2012-02-12,Domingo,14:20:00,RN,226,6.6,NATAL,Outras,Colisão Transversal,Com Vítimas Feridas,Pleno dia,Crescente,Sol,Simples,Curva,Rural,2012,5,0,4,0,1,0,4,2
1058121,2012-02-13,Segunda,05:40:00,RN,101,120,SAO JOSE DE MIPIBU,Outras,Colisão traseira,Sem Vítimas,Amanhecer,Decrescente,Nublado,Dupla,Reta,Rural,2012,2,0,0,0,2,0,0,2
1058255,2012-02-13,Segunda,07:45:00,RN,101,94.3,NATAL,Falta de atenção,Colisão traseira,Sem Vítimas,Pleno dia,Decrescente,Ceu Claro,Dupla,Reta,Urbano,2012,2,0,0,0,2,0,0,2
1058315,2012-02-13,Segunda,08:15:00,RN,101,116.5,SAO JOSE DE MIPIBU,Outras,Saída de Pista,Sem Vítimas,Pleno dia,Decrescente,Chuva,Dupla,Curva,Urbano,2012,1,0,0,0,1,0,0,1
1058326,2012-02-10,Sexta,05:00:00,RN,101,98,NATAL,Falta de atenção,Colisão traseira,Sem Vítimas,Pleno dia,Crescente,Nublado,Múltipla,Reta,Urbano,2012,2,0,0,0,2,0,0,2
1058335,2012-02-13,Segunda,04:20:00,RN,304,57.3,MOSSORO,Falta de atenção,Capotamento,Com Vítimas Feridas,Plena noite,Decrescente,Ceu Claro,Simples,Reta,Rural,2012,2,0,1,1,0,0,2,1
1058337,2012-02-13,Segunda,07:20:00,RN,101,106.8,PARNAMIRIM,Falta de atenção,Colisão Transversal,Sem Vítimas,Pleno dia,Decrescente,Nublado,Dupla,Reta,Urbano,2012,3,0,0,0,3,0,0,3
1058386,2012-02-13,Segunda,10:30:00,RN,101,99.9,NATAL,Não guardar distância de segurança,Colisão traseira,Sem Vítimas,Pleno dia,Decrescente,Nublado,Dupla,Cruzamento,Urbano,2012,2,0,0,0,2,0,0,2
1058406,2012-02-10,Sexta,15:00:00,RN,101,101.9,PARNAMIRIM,Não guardar distância de segurança,Colisão traseira,Sem Vítimas,Pleno dia,Crescente,Ceu Claro,Dupla,Cruzamento,Urbano,2012,2,0,0,0,2,0,0,2
1058428,2012-02-12,Domingo,04:30:00,RN,226,140.1,CAMPO REDONDO,Dormindo,Saída de Pista,Sem Vítimas,Amanhecer,Decrescente,Ceu Claro,Simples,Reta,Rural,2012,1,0,0,0,1,0,0,1
1058434,2012-02-10,Sexta,20:15:00,RN,101,100,NATAL,Não guardar distância de segurança,Colisão lateral,Sem Vítimas,Plena noite,Decrescente,Ceu Claro,Dupla,Cruzamento,Urbano,2012,2,0,0,0,2,0,0,2
1058480,2012-02-11,Sábado,06:45:00,RN,110,48,MOSSORO,Falta de atenção,Colisão frontal,Com Vítimas Feridas,Pleno dia,Decrescente,Sol,Simples,Reta,Urbano,2012,2,0,2,0,0,0,2,2
1058482,2012-02-12,Domingo,03:20:00,RN,304,45,MOSSORO,Falta de atenção,Colisão Transversal,Com Vítimas Feridas,Plena noite,Crescente,Ignorada,Dupla,Cruzamento,Urbano,2012,4,0,1,1,1,1,2,2
1058487,2012-02-10,Sexta,21:40:00,RN,101,164.2,CANGUARETAMA,Animais na Pista,Saída de Pista,Com Vítimas Feridas,Plena noite,Decrescente,Ceu Claro,Dupla,Reta,Rural,2012,3,0,2,1,0,0,3,1
1058619,2012-02-13,Segunda,14:00:00,RN,304,232.6,RIACHUELO,Outras,Colisão lateral,Com Vítimas Feridas,Pleno dia,Decrescente,Nevoeiro/neblina,Dupla,Curva,Rural,2012,2,0,1,0,1,0,1,2
1058793,2012-02-10,Sexta,16:30:00,RN,101,149.6,GOIANINHA,Defeito mecânico em veículo,Capotamento,Com Vítimas Feridas,Pleno dia,Decrescente,Sol,Dupla,Reta,Urbano,2012,3,0,0,3,0,0,3,1
1058809,2012-02-08,Quarta,21:40:00,RN,304,230.5,RIACHUELO,Defeito na via,Tombamento,Sem Vítimas,Plena noite,Crescente,Ceu Claro,Simples,Reta,Rural,2012,1,0,0,0,1,0,0,1
1058855,2012-02-08,Quarta,18:30:00,RN,304,232,RIACHUELO,Outras,Capotamento,Sem Vítimas,Plena noite,Crescente,Ceu Claro,Simples,Curva,Rural,2012,1,0,0,0,1,0,0,1
1058859,2012-02-10,Sexta,21:40:00,RN,101,164.2,CANGUARETAMA,Animais na Pista,Atropelamento de animal,Sem Vítimas,Plena noite,Decrescente,Ceu Claro,Dupla,Reta,Rural,2012,1,0,0,0,1,0,0,1
1058906,2012-02-12,Domingo,23:30:00,RN,405,152.9,PAU DOS FERROS,Ultrapassagem indevida,Colisão lateral,Com Vítimas Feridas,Plena noite,Crescente,Ceu Claro,Simples,Reta,Urbano,2012,2,0,1,1,0,0,2,2
1058948,2012-02-12,Domingo,09:10:00,RN,101,127.4,SAO JOSE DE MIPIBU,Outras,Tombamento,Com Vítimas Feridas,Pleno dia,Crescente,Ceu Claro,Dupla,Cruzamento,Urbano,2012,2,0,1,0,1,0,1,2
1058999,2012-02-11,Sábado,05:00:00,RN,405,102.8,APODI,Outras,Colisão lateral,Com Vítimas Fatais,Amanhecer,Crescente,Ceu Claro,Simples,Reta,Rural,2012,4,1,3,0,0,0,3,2
1059075,2012-02-14,Terça,15:30:00,RN,101,101.9,PARNAMIRIM,Falta de atenção,Colisão traseira,Sem Vítimas,Pleno dia,Crescente,Ceu Claro,Dupla,Cruzamento,Urbano,2012,2,0,0,0,2,0,0,2
1059119,2012-02-14,Terça,18:00:00,RN,101,99.7,NATAL,Falta de atenção,Colisão lateral,Sem Vítimas,Plena noite,Decrescente,Ceu Claro,Simples,Reta,Urbano,2012,2,0,0,0,2,0,0,2
1059151,2012-02-14,Terça,17:20:00,RN,427,15.7,ACARI,Desobediência à sinalização,Colisão frontal,Com Vítimas Fatais,Pleno dia,Crescente,Ceu Claro,Simples,Curva,Rural,2012,2,1,0,0,1,0,0,2
1059172,2012-02-10,Sexta,19:30:00,RN,101,96.7,NATAL,Desobediência à sinalização,Colisão lateral,Sem Vítimas,Plena noite,Crescente,Ceu Claro,Dupla,Reta,Urbano,2012,2,0,0,0,2,0,0,2
1059176,2012-02-13,Segunda,06:40:00,RN,101,125.6,SAO JOSE DE MIPIBU,Defeito mecânico em veículo,Tombamento,Com Vítimas Feridas,Pleno dia,Crescente,Ceu Claro,Dupla,Reta,Rural,2012,2,0,1,1,0,0,2,1
1059180,2012-02-14,Terça,08:00:00,RN,304,280,MACAIBA,Outras,Capotamento,Sem Vítimas,Pleno dia,Decrescente,Nublado,Simples,Curva,Rural,2012,1,0,0,0,1,0,0,1
1059235,2012-02-14,Terça,18:00:00,RN,304,2.7,MOSSORO,Animais na Pista,Saída de Pista,Com Vítimas Feridas,Anoitecer,Decrescente,Ceu Claro,Simples,Reta,Rural,2012,1,0,1,0,0,0,1,1
1059337,2012-02-15,Quarta,07:20:00,RN,101,82.9,NATAL,Falta de atenção,Colisão Transversal,Sem Vítimas,Pleno dia,Decrescente,Ceu Claro,Dupla,Reta,Urbano,2012,2,0,0,0,2,0,0,2
1059342,2012-02-15,Quarta,08:10:00,RN,101,98.3,NATAL,Falta de atenção,Colisão traseira,Sem Vítimas,Pleno dia,Decrescente,Nublado,Dupla,Reta,Urbano,2012,2,0,0,0,2,0,0,2
1059352,2012-02-15,Quarta,07:50:00,RN,101,80,NATAL,Falta de atenção,Colisão Transversal,Com Vítimas Feridas,Pleno dia,Decrescente,Ceu Claro,Dupla,Curva,Urbano,2012,2,0,1,0,1,0,1,2
1059354,2012-02-15,Quarta,08:00:00,RN,101,99.9,NATAL,Falta de atenção,Colisão lateral,Sem Vítimas,Pleno dia,Crescente,Chuva,Dupla,Cruzamento,Urbano,2012,2,0,0,0,2,0,0,2
1059355,2012-02-13,Segunda,19:45:00,RN,427,27.6,ACARI,Outras,Colisão Transversal,Com Vítimas Feridas,Plena noite,Decrescente,Ceu Claro,Simples,Reta,Urbano,2012,2,0,0,1,1,0,1,2
1059439,2012-02-15,Quarta,12:00:00,RN,101,100.5,PARNAMIRIM,Falta de atenção,Colisão lateral,Sem Vítimas,Pleno dia,Crescente,Sol,Dupla,Reta,Urbano,2012,2,0,0,0,2,0,0,2
1059440,2012-02-15,Quarta,07:30:00,RN,101,95.3,PARNAMIRIM,Falta de atenção,Colisão lateral,Sem Vítimas,Pleno dia,Crescente,Nublado,Múltipla,Cruzamento,Rural,2012,2,0,0,0,2,0,0,2
1059495,2012-02-15,Quarta,13:50:00,RN,101,97.8,NATAL,Falta de atenção,Colisão traseira,Sem Vítimas,Pleno dia,Decrescente,Sol,Múltipla,Reta,Urbano,2012,2,0,0,0,2,0,0,2
1059529,2012-02-15,Quarta,13:30:00,RN,101,98,NATAL,Falta de atenção,Colisão traseira,Sem Vítimas,Pleno dia,Decrescente,Ceu Claro,Múltipla,Cruzamento,Urbano,2012,2,0,0,0,2,0,0,2
1059562,2012-02-15,Quarta,16:00:00,RN,304,306.4,NATAL,Falta de atenção,Colisão lateral,Sem Vítimas,Pleno dia,Decrescente,Sol,Dupla,Reta,Urbano,2012,2,0,0,0,2,0,0,2
1059566,2012-02-15,Quarta,16:30:00,RN,101,58,CEARA-MIRIM,Dormindo,Colisão com objeto fixo,Sem Vítimas,Pleno dia,Crescente,Ceu Claro,Simples,Reta,Rural,2012,1,0,0,0,1,0,0,1
1059572,2012-02-15,Quarta,14:30:00,RN,101,106.8,PARNAMIRIM,Outras,Colisão Transversal,Sem Vítimas,Pleno dia,Crescente,Nublado,Dupla,Cruzamento,Urbano,2012,2,0,0,0,2,0,0,2
1059596,2012-02-15,Quarta,16:50:00,RN,101,107.3,PARNAMIRIM,Defeito mecânico em veículo,Colisão traseira,Sem Vítimas,Pleno dia,Decrescente,Sol,Dupla,Cruzamento,Urbano,2012,3,0,0,0,3,0,0,3
1059597,2012-02-15,Quarta,16:30:00,RN,304,36,MOSSORO,Outras,Colisão lateral,Com Vítimas Feridas,Pleno dia,Decrescente,Chuva,Simples,Cruzamento,Urbano,2012,4,0,2,0,2,0,2,2
1059653,2012-02-11,Sábado,22:50:00,RN,406,147.5,CEARA-MIRIM,Defeito mecânico em veículo,Saída de Pista,Sem Vítimas,Plena noite,Decrescente,Ceu Claro,Simples,Reta,Rural,2012,1,0,0,0,1,0,0,1
1060098,2012-02-11,Sábado,18:30:00,RN,304,36.8,MOSSORO,Desobediência à sinalização,Colisão Transversal,Sem Vítimas,Plena noite,Crescente,Ceu Claro,Simples,Cruzamento,Urbano,2012,2,0,0,0,2,0,0,2
1060187,2012-02-13,Segunda,03:00:00,RN,101,78.8,NATAL,Animais na Pista,Atropelamento de animal,Com Vítimas Feridas,Plena noite,Decrescente,Chuva,Dupla,Reta,Urbano,2012,1,0,1,0,0,0,1,1
1060223,2012-02-04,Sábado,04:50:00,RN,101,82,SAO GONCALO DO AMARANTE,Outras,Atropelamento de pessoa,Com Vítimas Fatais,Amanhecer,Crescente,Ceu Claro,Dupla,Reta,Urbano,2012,2,1,0,0,1,0,0,1
1060232,2012-02-16,Quinta,05:40:00,RN,226,50,BOM JESUS,Desobediência à sinalização,Colisão Transversal,Com Vítimas Feridas,Pleno dia,Crescente,Ceu Claro,Simples,Reta,Rural,2012,2,0,0,1,1,0,1,2
1060456,2012-02-16,Quinta,15:55:00,RN,101,82.9,SAO GONCALO DO AMARANTE,Falta de atenção,Colisão traseira,Com Vítimas Feridas,Pleno dia,Crescente,Sol,Simples,Cruzamento,Urbano,2012,2,0,1,0,1,0,1,2
1060460,2012-02-16,Quinta,17:00:00,RN,406,162,SAO GONCALO DO AMARANTE,Outras,Tombamento,Com Vítimas Feridas,Pleno dia,Decrescente,Sol,Simples,Reta,Rural,2012,2,0,1,0,1,0,1,2
1060500,2012-02-11,Sábado,04:47:00,RN,405,155,PAU DOS FERROS,Outras,Colisão com objeto fixo,Com Vítimas Feridas,Amanhecer,Crescente,Ceu Claro,Simples,Reta,Urbano,2012,1,0,1,0,0,0,1,1
1060502,2012-02-16,Quinta,17:16:00,RN,101,97.6,NATAL,Não guardar distância de segurança,Colisão traseira,Sem Vítimas,Anoitecer,Decrescente,Nublado,Dupla,Reta,Urbano,2012,2,0,0,0,2,0,0,2
1060521,2012-02-16,Quinta,13:40:00,RN,304,43,MOSSORO,Falta de atenção,Colisão Transversal,Com Vítimas Feridas,Pleno dia,Crescente,Sol,Simples,Cruzamento,Rural,2012,8,0,3,3,2,0,6,3
1060873,2012-02-01,Quarta,22:30:00,RN,101,77.9,NATAL,Animais na Pista,Atropelamento de animal,Com Vítimas Fatais,Plena noite,Crescente,Ceu Claro,Dupla,Reta,Urbano,2012,3,1,1,0,0,1,1,2
1060909,2012-02-17,Sexta,11:30:00,RN,101,95.8,NATAL,Desobediência à sinalização,Colisão lateral,Sem Vítimas,Pleno dia,Crescente,Ceu Claro,Dupla,Cruzamento,Urbano,2012,2,0,0,0,2,0,0,2
1060926,2012-02-13,Segunda,13:30:00,RN,101,94.4,NATAL,Falta de atenção,Colisão Transversal,Com Vítimas Feridas,Pleno dia,Decrescente,Ceu Claro,Múltipla,Cruzamento,Urbano,2012,2,0,1,0,1,0,1,2
1060963,2012-02-14,Terça,06:50:00,RN,101,98.8,NATAL,Não guardar distância de segurança,Colisão traseira,Sem Vítimas,Pleno dia,Decrescente,Ceu Claro,Dupla,Reta,Urbano,2012,3,0,0,0,3,0,0,3
1060997,2012-02-17,Sexta,09:15:00,RN,101,98.4,PARNAMIRIM,Não guardar distância de segurança,Colisão traseira,Sem Vítimas,Pleno dia,Decrescente,Ceu Claro,Dupla,Reta,Urbano,2012,2,0,0,0,2,0,0,2
1061000,2012-02-17,Sexta,12:30:00,RN,101,94.9,NATAL,Outras,Colisão com objeto fixo,Sem Vítimas,Pleno dia,Decrescente,Ceu Claro,Dupla,Reta,Urbano,2012,1,0,0,0,1,0,0,1
1061020,2012-02-17,Sexta,16:00:00,RN,101,84.6,SAO GONCALO DO AMARANTE,Ultrapassagem indevida,Colisão lateral,Sem Vítimas,Pleno dia,Crescente,Ceu Claro,Simples,Curva,Urbano,2012,2,0,0,0,2,0,0,2
1061041,2012-02-17,Sexta,06:10:00,RN,101,82.5,SAO GONCALO DO AMARANTE,Falta de atenção,Colisão traseira,Sem Vítimas,Pleno dia,Crescente,Sol,Simples,Reta,Urbano,2012,2,0,0,0,2,0,0,2
1061053,2012-02-17,Sexta,15:50:00,RN,226,3.6,NATAL,Desobediência à sinalização,Colisão Transversal,Sem Vítimas,Plena noite,Crescente,Ceu Claro,Simples,Cruzamento,Urbano,2012,2,0,0,0,2,0,0,2
1061080,2012-02-17,Sexta,07:45:00,RN,110,47.4,MOSSORO,Não guardar distância de segurança,Colisão traseira,Sem Vítimas,Pleno dia,Decrescente,Nublado,Simples,Reta,Urbano,2012,2,0,0,0,2,0,0,2
1061094,2012-02-17,Sexta,17:40:00,RN,101,99.9,NATAL,Falta de atenção,Colisão lateral,Sem Vítimas,Plena noite,Crescente,Nublado,Múltipla,Cruzamento,Urbano,2012,2,0,0,0,2,0,0,2
1061109,2012-02-13,Segunda,15:25:00,RN,304,39.1,MOSSORO,Desobediência à sinalização,Colisão Transversal,Sem Vítimas,Pleno dia,Decrescente,Ceu Claro,Simples,Reta,Urbano,2012,2,0,0,0,2,0,0,2
1061111,2012-02-15,Quarta,17:00:00,RN,304,82.3,MOSSORO,Outras,Capotamento,Ignorado,Pleno dia,Crescente,Chuva,Simples,Reta,Rural,2012,2,0,0,0,0,2,0,1
1061152,2012-02-10,Sexta,14:30:00,RN,304,11.1,ASSU,Outras,Tombamento,Sem Vítimas,Pleno dia,Crescente,Chuva,Simples,Reta,Rural,2012,2,0,0,0,2,0,0,1
1061155,2012-02-15,Quarta,14:10:00,RN,304,46.7,MOSSORO,Ultrapassagem indevida,Colisão lateral,Sem Vítimas,Pleno dia,Crescente,Ignorada,Simples,Reta,Rural,2012,2,0,0,0,2,0,0,2
1061181,2012-02-17,Sexta,20:30:00,RN,101,158.7,CANGUARETAMA,Outras,Saída de Pista,Sem Vítimas,Plena noite,Decrescente,Chuva,Dupla,Reta,Rural,2012,1,0,0,0,1,0,0,1
1061205,2012-02-17,Sexta,21:20:00,RN,101,94.4,NATAL,Falta de atenção,Colisão traseira,Com Vítimas Feridas,Plena noite,Crescente,Chuva,Dupla,Reta,Urbano,2012,3,0,1,0,2,0,1,3
1061277,2012-02-17,Sexta,23:15:00,RN,304,35,MOSSORO,Ingestão de álcool,Colisão lateral,Sem Vítimas,Plena noite,Crescente,Ceu Claro,Simples,Curva,Urbano,2012,3,0,0,0,3,0,0,3
1061312,2012-02-17,Sexta,20:55:00,RN,101,125.6,SAO JOSE DE MIPIBU,Defeito na via,Tombamento,Com Vítimas Feridas,Plena noite,Crescente,Chuva,Dupla,Reta,Rural,2012,1,0,0,1,0,0,1,1
1061314,2012-02-17,Sexta,21:30:00,RN,101,96,NATAL,Falta de atenção,Colisão traseira,Sem Vítimas,Plena noite,Crescente,Chuva,Dupla,Reta,Urbano,2012,4,0,0,0,4,0,0,4
1061363,2012-02-17,Sexta,21:20:00,RN,304,55.8,MOSSORO,Falta de atenção,Colisão com objeto fixo,Sem Vítimas,Plena noite,Decrescente,Nublado,Simples,Reta,Rural,2012,1,0,0,0,1,0,0,1
1061406,2012-02-18,Sábado,08:00:00,RN,304,289,MACAIBA,Falta de atenção,Colisão traseira,Sem Vítimas,Plena noite,Decrescente,Chuva,Simples,Reta,Rural,2012,2,0,0,0,2,0,0,2
1061475,2012-02-14,Terça,13:00:00,RN,405,1.5,MOSSORO,Falta de atenção,Atropelamento de pessoa,Com Vítimas Feridas,Pleno dia,Decrescente,Sol,Dupla,Reta,Urbano,2012,2,0,1,1,0,0,2,1
1061520,2012-02-17,Sexta,13:30:00,RN,405,77.4,APODI,Falta de atenção,Colisão traseira,Sem Vítimas,Pleno dia,Crescente,Ceu Claro,Dupla,Cruzamento,Urbano,2012,2,0,0,0,2,0,0,2
1061521,2012-02-18,Sábado,08:55:00,RN,304,60.8,MOSSORO,Não guardar distância de segurança,Colisão traseira,Sem Vítimas,Pleno dia,Crescente,Nublado,Simples,Reta,Rural,2012,2,0,0,0,2,0,0,2
1061668,2012-02-18,Sábado,15:00:00,RN,304,34,MOSSORO,Não guardar distância de segurança,Colisão traseira,Sem Vítimas,Pleno dia,Decrescente,Ceu Claro,Simples,Reta,Urbano,2012,3,0,0,0,3,0,0,3
1061780,2012-02-18,Sábado,13:30:00,RN,101,82.5,NATAL,Falta de atenção,Colisão traseira,Sem Vítimas,Pleno dia,Decrescente,Ceu Claro,Dupla,Reta,Urbano,2012,2,0,0,0,1,1,0,2
1061856,2012-02-18,Sábado,20:35:00,RN,101,97.4,NATAL,Ingestão de álcool,Colisão traseira,Sem Vítimas,Plena noite,Crescente,Chuva,Dupla,Reta,Urbano,2012,2,0,0,0,2,0,0,2
1062126,2012-02-15,Quarta,15:20:00,RN,226,168.7,CURRAIS NOVOS,Ultrapassagem indevida,Tombamento,Sem Vítimas,Pleno dia,Crescente,Nublado,Simples,Curva,Rural,2012,2,0,0,0,1,1,0,2
1062127,2012-02-19,Domingo,06:30:00,RN,406,164.6,SAO GONCALO DO AMARANTE,Não guardar distância de segurança,Colisão traseira,Com Vítimas Feridas,Pleno dia,Crescente,Ceu Claro,Simples,Reta,Rural,2012,3,0,1,1,1,0,2,2
1062172,2012-02-19,Domingo,12:00:00,RN,304,305.9,PARNAMIRIM,Outras,Saída de Pista,Com Vítimas Feridas,Pleno dia,Crescente,Chuva,Dupla,Curva,Rural,2012,2,0,1,0,1,0,1,1
1062175,2012-02-19,Domingo,09:00:00,RN,304,284.2,MACAIBA,Falta de atenção,Colisão traseira,Com Vítimas Feridas,Pleno dia,Decrescente,Chuva,Simples,Reta,Rural,2012,3,0,2,0,1,0,2,2
1062203,2012-02-19,Domingo,14:20:00,RN,101,101.7,PARNAMIRIM,Desobediência à sinalização,Colisão Transversal,Sem Vítimas,Pleno dia,Crescente,Nublado,Simples,Cruzamento,Urbano,2012,2,0,0,0,2,0,0,2
1062207,2012-02-19,Domingo,13:30:00,RN,304,287.5,MACAIBA,Falta de atenção,Capotamento,Sem Vítimas,Pleno dia,Crescente,Chuva,Simples,Reta,Rural,2012,1,0,0,0,1,0,0,1
1062249,2012-02-19,Domingo,15:40:00,RN,101,105,PARNAMIRIM,Falta de atenção,Colisão traseira,Sem Vítimas,Pleno dia,Decrescente,Chuva,Simples,Cruzamento,Urbano,2012,2,0,0,0,2,0,0,2
1062274,2012-02-15,Quarta,19:20:00,RN,304,281,MACAIBA,Falta de atenção,Saída de Pista,Sem Vítimas,Plena noite,Crescente,Ceu Claro,Simples,Curva,Rural,2012,1,0,0,0,1,0,0,1
1062300,2012-02-11,Sábado,18:15:00,RN,405,152.8,SAO FRANCISCO DO OESTE,Ultrapassagem indevida,Colisão frontal,Com Vítimas Fatais,Anoitecer,Crescente,Ceu Claro,Simples,Reta,Urbano,2012,3,1,1,0,0,1,1,3
1062301,2012-02-15,Quarta,18:00:00,RN,110,2646,MOSSORO,Outras,Colisão Transversal,Com Vítimas Feridas,Anoitecer,Crescente,Ceu Claro,Simples,Reta,Rural,2012,3,0,2,0,1,0,2,2
1062337,2012-02-19,Domingo,18:10:00,RN,101,125.2,SAO JOSE DE MIPIBU,Defeito na via,Queda de motocicleta / bicicleta / veículo,Com Vítimas Feridas,Plena noite,Crescente,Nublado,Dupla,Curva,Urbano,2012,1,0,1,0,0,0,1,1
1062440,2012-02-19,Domingo,18:50:00,RN,427,96.8,CAICO,Outras,Colisão lateral,Com Vítimas Feridas,Anoitecer,Decrescente,Chuva,Simples,Reta,Urbano,2012,2,0,1,0,0,1,1,2
1062715,2012-02-20,Segunda,12:45:00,RN,226,117.1,SANTA CRUZ,Outras,Capotamento,Com Vítimas Feridas,Pleno dia,Decrescente,Nublado,Simples,Reta,Rural,2012,2,0,2,0,0,0,2,1
1062785,2012-02-18,Sábado,11:45:00,RN,101,82.8,SAO GONCALO DO AMARANTE,Não guardar distância de segurança,Colisão traseira,Sem Vítimas,Pleno dia,Crescente,Nublado,Dupla,Reta,Urbano,2012,2,0,0,0,2,0,0,2
1062869,2012-02-21,Terça,00:30:00,RN,101,82,NATAL,Falta de atenção,Colisão traseira,Ignorado,Plena noite,Crescente,Ceu Claro,Dupla,Reta,Urbano,2012,2,0,0,0,0,2,0,2
1062887,2012-02-20,Segunda,13:00:00,RN,304,294.9,MACAIBA,Não guardar distância de segurança,Colisão traseira,Com Vítimas Feridas,Pleno dia,Crescente,Sol,Simples,Reta,Rural,2012,3,0,1,0,2,0,1,3
1062891,2012-02-20,Segunda,19:30:00,RN,427,69.5,JARDIM DO SERIDO,Falta de atenção,Colisão com objeto fixo,Sem Vítimas,Plena noite,Crescente,Ceu Claro,Simples,Reta,Rural,2012,1,0,0,0,1,0,0,1
1062904,2012-02-19,Domingo,00:10:00,RN,406,152,CEARA-MIRIM,Outras,Capotamento,Com Vítimas Feridas,Plena noite,Decrescente,Chuva,Simples,Reta,Rural,2012,5,0,2,3,0,0,5,1
1063126,2012-02-18,Sábado,16:55:00,RN,110,46,MOSSORO,Não guardar distância de segurança,Colisão traseira,Sem Vítimas,Pleno dia,Decrescente,Nublado,Simples,Reta,Urbano,2012,2,0,0,0,2,0,0,2
1063191,2012-02-17,Sexta,15:50:00,RN,304,297,MACAIBA,Falta de atenção,Colisão lateral,Sem Vítimas,Pleno dia,Decrescente,Nublado,Múltipla,Curva,Rural,2012,2,0,0,0,2,0,0,2
1063228,2012-02-21,Terça,18:10:00,RN,110,45.3,MOSSORO,Falta de atenção,Colisão traseira,Sem Vítimas,Anoitecer,Crescente,Ceu Claro,Simples,Reta,Urbano,2012,2,0,0,0,1,1,0,2
1063292,2012-02-21,Terça,19:30:00,RN,406,162.8,SAO GONCALO DO AMARANTE,Animais na Pista,Atropelamento de animal,Sem Vítimas,Plena noite,Crescente,Ceu Claro,Simples,Reta,Rural,2012,1,0,0,0,1,0,0,1
1063389,2012-02-13,Segunda,18:35:00,RN,304,26.5,MOSSORO,Animais na Pista,Atropelamento de animal,Com Vítimas Feridas,Plena noite,Decrescente,Ceu Claro,Simples,Reta,Rural,2012,1,0,1,0,0,0,1,1
1063430,2012-02-20,Segunda,20:20:00,RN,101,80.6,NATAL,Desobediência à sinalização,Colisão Transversal,Com Vítimas Feridas,Plena noite,Decrescente,Ceu Claro,Múltipla,Curva,Urbano,2012,3,0,1,1,0,1,2,2
1063591,2012-02-22,Quarta,10:50:00,RN,304,28.9,MOSSORO,Não guardar distância de segurança,Colisão traseira,Sem Vítimas,Pleno dia,Crescente,Sol,Simples,Reta,Rural,2012,2,0,0,0,2,0,0,2
1063698,2012-02-18,Sábado,20:10:00,RN,427,94.3,CAICO,Ingestão de álcool,Capotamento,Com Vítimas Feridas,Plena noite,Crescente,Chuva,Simples,Curva,Rural,2012,4,0,4,0,0,0,4,1
1063737,2012-02-18,Sábado,17:40:00,RN,226,83.3,TANGARA,Falta de atenção,Colisão lateral,Com Vítimas Feridas,Pleno dia,Crescente,Ceu Claro,Simples,Reta,Urbano,2012,2,0,1,0,1,0,1,2
1063784,2012-02-22,Quarta,09:30:00,RN,226,110,SANTA CRUZ,Outras,Colisão traseira,Sem Vítimas,Pleno dia,Crescente,Ceu Claro,Simples,Reta,Urbano,2012,2,0,0,0,2,0,0,2
1063828,2012-02-18,Sábado,08:00:00,RN,427,82.8,CAICO,Falta de atenção,Tombamento,Sem Vítimas,Pleno dia,Crescente,Nublado,Simples,Curva,Rural,2012,1,0,0,0,1,0,0,1
1063846,2012-02-20,Segunda,19:10:00,RN,304,44.2,MOSSORO,Falta de atenção,Capotamento,Com Vítimas Fatais,Plena noite,Crescente,Chuva,Simples,Curva,Rural,2012,2,1,1,0,0,0,1,1
1063857,2012-02-18,Sábado,00:00:00,RN,427,147,SERRA NEGRA DO NORTE,Ingestão de álcool,Capotamento,Com Vítimas Feridas,Plena noite,Crescente,Ceu Claro,Simples,Reta,Rural,2012,3,0,2,1,0,0,3,1
1063935,2012-02-22,Quarta,13:50:00,RN,304,293.9,MACAIBA,Não guardar distância de segurança,Colisão traseira,Sem Vítimas,Pleno dia,Crescente,Sol,Simples,Reta,Rural,2012,3,0,0,0,3,0,0,3
1063940,2012-02-17,Sexta,19:00:00,RN,101,106,PARNAMIRIM,Ingestão de álcool,Colisão com bicicleta,Com Vítimas Feridas,Plena noite,Crescente,Nublado,Dupla,Reta,Urbano,2012,2,0,0,1,1,0,1,2
1063942,2012-02-15,Quarta,05:30:00,RN,101,99.9,NATAL,Falta de atenção,Colisão traseira,Com Vítimas Feridas,Pleno dia,Crescente,Chuva,Dupla,Cruzamento,Urbano,2012,2,0,1,0,1,0,1,2
1063946,2012-02-18,Sábado,18:20:00,RN,101,151.9,GOIANINHA,Outras,Atropelamento de pessoa,Com Vítimas Fatais,Plena noite,Crescente,Chuva,Dupla,Reta,Rural,2012,2,1,0,0,1,0,0,1
1063968,2012-02-19,Domingo,00:00:00,RN,101,138.3,ARES,Velocidade incompatível,Capotamento,Com Vítimas Feridas,Plena noite,Decrescente,Chuva,Dupla,Curva,Rural,2012,5,0,3,1,1,0,4,1