id,data_inversa,dia_semana,horario,uf,br,km,municipio,causa_acidente,tipo_acidente,classificacao_acidente,fase_dia,sentido_via,condicao_metereologica,tipo_pista,tracado_via,uso_solo,ano,pessoas,mortos,feridos_leves,feridos_graves,ilesos,ignorados,feridos,veiculos
1069140,2012-03-03,Sábado,04:25:00,RN,226,113.4,SANTA CRUZ,Falta de atenção,Capotamento,Com Vítimas Feridas,Amanhecer,Decrescente,Ceu Claro,Simples,Reta,Urbano,2012,4,0,1,2,0,1,3,1
1069147,2012-03-04,Domingo,16:20:00,RN,304,307.8,PARNAMIRIM,Ingestão de álcool,Queda de motocicleta / bicicleta / veículo,Com Vítimas Feridas,Pleno dia,Decrescente,Ceu Claro,Dupla,Curva,Urbano,2012,1,0,0,1,0,0,1,1
1069166,2012-03-04,Domingo,12:30:00,RN,427,142.4,SERRA NEGRA DO NORTE,Desobediência à sinalização,Colisão traseira,Com Vítimas Feridas,Pleno dia,Decrescente,Sol,Simples,Reta,Rural,2012,3,0,1,0,2,0,1,2
1069224,2012-03-04,Domingo,15:20:00,RN,304,55.1,MOSSORO,Falta de atenção,Colisão Transversal,Sem Vítimas,Pleno dia,Decrescente,Ceu Claro,Simples,Reta,Rural,2012,2,0,0,0,1,1,0,2
1069646,2012-03-05,Segunda,07:05:00,RN,101,100.8,PARNAMIRIM,Falta de atenção,Colisão traseira,Sem Vítimas,Pleno dia,Decrescente,Sol,Dupla,Reta,Urbano,2012,2,0,0,0,1,1,0,2
1069648,2012-03-05,Segunda,08:55:00,RN,101,96,NATAL,Não guardar distância de segurança,Colisão traseira,Sem Vítimas,Pleno dia,Decrescente,Sol,Múltipla,Reta,Urbano,2012,2,0,0,0,2,0,0,2
1069652,2012-03-05,Segunda,08:55:00,RN,101,95.5,NATAL,Falta de atenção,Colisão traseira,Sem Vítimas,Pleno dia,Crescente,Sol,Dupla,Reta,Urbano,2012,2,0,0,0,2,0,0,2
1069676,2012-03-05,Segunda,18:10:00,RN,101,84.9,SAO GONCALO DO AMARANTE,Não guardar distância de segurança,Colisão traseira,Sem Vítimas,Plena noite,Decrescente,Ceu Claro,Dupla,Reta,Urbano,2012,2,0,0,0,2,0,0,2
1069687,2012-03-05,Segunda,08:50:00,RN,304,37.5,MOSSORO,Não guardar distância de segurança,Colisão traseira,Sem Vítimas,Pleno dia,Decrescente,Sol,Simples,Cruzamento,Urbano,2012,2,0,0,0,2,0,0,2
1069708,2012-03-05,Segunda,14:30:00,RN,304,147.8,ANGICOS,Não guardar distância de segurança,Colisão traseira,Com Vítimas Fatais,Pleno dia,Decrescente,Sol,Simples,Reta,Rural,2012,5,1,1,2,1,0,3,2
1069717,2012-03-05,Segunda,06:30:00,RN,304,295.1,MACAIBA,Falta de atenção,Colisão lateral,Sem Vítimas,Pleno dia,Decrescente,Ceu Claro,Simples,Reta,Rural,2012,2,0,0,0,2,0,0,2
1069719,2012-03-05,Segunda,18:30:00,RN,304,7,MOSSORO,Animais na Pista,Capotamento,Com Vítimas Feridas,Plena noite,Decrescente,Ceu Claro,Simples,Reta,Rural,2012,1,0,1,0,0,0,1,1
1069723,2012-03-05,Segunda,06:30:00,RN,101,83.3,SAO GONCALO DO AMARANTE,Outras,Colisão Transversal,Sem Vítimas,Pleno dia,Crescente,Ceu Claro,Dupla,Reta,Urbano,2012,2,0,0,0,1,1,0,2
1069734,2012-03-05,Segunda,19:30:00,RN,101,94.3,NATAL,Falta de atenção,Colisão traseira,Com Vítimas Feridas,Plena noite,Crescente,Ceu Claro,Múltipla,Reta,Urbano,2012,2,0,1,0,1,0,1,2
1069758,2012-03-05,Segunda,22:10:00,RN,304,304.3,MACAIBA,Outras,Capotamento,Com Vítimas Feridas,Pleno dia,Crescente,Ceu Claro,Dupla,Reta,Rural,2012,1,0,1,0,0,0,1,1
1069852,2012-03-05,Segunda,21:30:00,RN,406,60.2,JANDAIRA,Animais na Pista,Atropelamento de animal,Sem Vítimas,Plena noite,Crescente,Ceu Claro,Simples,Reta,Rural,2012,1,0,0,0,1,0,0,1
1069934,2012-02-17,Sexta,19:30:00,RN,226,4,NATAL,Falta de atenção,Colisão Transversal,Com Vítimas Feridas,Plena noite,Decrescente,Chuva,Simples,Reta,Urbano,2012,2,0,0,1,1,0,1,2
1069981,2012-03-06,Terça,08:45:00,RN,101,101.9,PARNAMIRIM,Não guardar distância de segurança,Colisão traseira,Sem Vítimas,Pleno dia,Crescente,Sol,Dupla,Cruzamento,Urbano,2012,2,0,0,0,2,0,0,2
1070007,2012-03-06,Terça,11:15:00,RN,101,106.1,PARNAMIRIM,Falta de atenção,Colisão traseira,Sem Vítimas,Pleno dia,Decrescente,Ceu Claro,Dupla,Cruzamento,Urbano,2012,2,0,0,0,2,0,0,2
1070032,2012-03-02,Sexta,19:50:00,RN,304,194,LAJES,Falta de atenção,Colisão Transversal,Com Vítimas Feridas,Plena noite,Decrescente,Ceu Claro,Simples,Reta,Urbano,2012,3,0,1,0,2,0,1,2
1070034,2012-03-06,Terça,08:30:00,RN,101,68,EXTREMOZ,Outras,Colisão Transversal,Com Vítimas Feridas,Pleno dia,Crescente,Sol,Simples,Reta,Rural,2012,4,0,3,0,1,0,3,2
1070133,2012-03-06,Terça,16:50:00,RN,101,116.5,SAO JOSE DE MIPIBU,Falta de atenção,Colisão traseira,Sem Vítimas,Pleno dia,Crescente,Ceu Claro,Dupla,Cruzamento,Urbano,2012,2,0,0,0,2,0,0,2
1070174,2012-03-05,Segunda,12:50:00,RN,304,297.4,MACAIBA,Falta de atenção,Colisão lateral,Sem Vítimas,Pleno dia,Decrescente,Ceu Claro,Simples,Cruzamento,Urbano,2012,2,0,0,0,2,0,0,2
1070251,2012-03-06,Terça,15:40:00,RN,226,248.6,JUCURUTU,Outras,Colisão Transversal,Sem Vítimas,Pleno dia,Crescente,Sol,Simples,Reta,Rural,2012,2,0,0,0,2,0,0,2
1070300,2012-03-06,Terça,22:30:00,RN,101,85,NATAL,Falta de atenção,Colisão traseira,Sem Vítimas,Plena noite,Decrescente,Ceu Claro,Dupla,Reta,Urbano,2012,2,0,0,0,2,0,0,2
1070318,2012-03-06,Terça,18:45:00,RN,304,87.5,ASSU,Velocidade incompatível,Colisão traseira,Sem Vítimas,Plena noite,Decrescente,Ceu Claro,Simples,Reta,Rural,2012,2,0,0,0,2,0,0,2
1070354,2012-03-07,Quarta,01:30:00,RN,101,105.7,PARNAMIRIM,Outras,Queda de motocicleta / bicicleta / veículo,Com Vítimas Fatais,Plena noite,Crescente,Ceu Claro,Dupla,Reta,Urbano,2012,1,1,0,0,0,0,0,1
1070362,2012-03-06,Terça,17:50:00,RN,101,102,PARNAMIRIM,Outras,Colisão traseira,Sem Vítimas,Anoitecer,Decrescente,Ceu Claro,Múltipla,Reta,Urbano,2012,2,0,0,0,2,0,0,2
1070410,2012-03-01,Quinta,10:00:00,RN,304,106.5,ASSU,Falta de atenção,Colisão Transversal,Com Vítimas Feridas,Pleno dia,Decrescente,Ignorada,Simples,Cruzamento,Rural,2012,3,0,2,0,1,0,2,2
1070417,2012-03-01,Quinta,10:15:00,RN,304,32,MOSSORO,Falta de atenção,Colisão lateral,Sem Vítimas,Pleno dia,Decrescente,Sol,Simples,Reta,Rural,2012,3,0,0,0,2,1,0,3
1070460,2012-03-07,Quarta,07:45:00,RN,101,99.8,PARNAMIRIM,Falta de atenção,Colisão lateral,Com Vítimas Feridas,Pleno dia,Decrescente,Ceu Claro,Dupla,Reta,Urbano,2012,2,0,1,0,1,0,1,2
1070567,2012-03-05,Segunda,14:15:00,RN,101,97.1,NATAL,Outras,Colisão lateral,Sem Vítimas,Pleno dia,Decrescente,Ceu Claro,Múltipla,Reta,Urbano,2012,2,0,0,0,2,0,0,2
1070732,2012-03-07,Quarta,18:30:00,RN,101,95.5,NATAL,Não guardar distância de segurança,Colisão traseira,Sem Vítimas,Plena noite,Crescente,Vento,Simples,Reta,Urbano,2012,3,0,0,0,3,0,0,3
1070778,2012-03-07,Quarta,19:00:00,RN,101,95.3,NATAL,Não guardar distância de segurança,Colisão traseira,Sem Vítimas,Plena noite,Crescente,Ceu Claro,Múltipla,Reta,Urbano,2012,3,0,0,0,3,0,0,3
1070789,2012-03-07,Quarta,19:50:00,RN,101,71.1,EXTREMOZ,Outras,Incêndio,Sem Vítimas,Plena noite,Decrescente,Ceu Claro,Simples,Reta,Rural,2012,1,0,0,0,1,0,0,1
1070914,2012-03-05,Segunda,06:20:00,RN,101,109.9,SAO JOSE DE MIPIBU,Não guardar distância de segurança,Colisão traseira,Sem Vítimas,Pleno dia,Decrescente,Ceu Claro,Dupla,Reta,Urbano,2012,2,0,0,0,2,0,0,2
1070930,2012-03-06,Terça,07:15:00,RN,304,44.4,MOSSORO,Outras,Colisão Transversal,Com Vítimas Feridas,Pleno dia,Crescente,Ceu Claro,Simples,Reta,Urbano,2012,2,0,0,1,1,0,1,2
1071034,2012-03-05,Segunda,13:40:00,RN,226,1.2,NATAL,Falta de atenção,Colisão Transversal,Sem Vítimas,Pleno dia,Decrescente,Ceu Claro,Simples,Reta,Urbano,2012,2,0,0,0,2,0,0,2
1071068,2012-03-08,Quinta,12:45:00,RN,101,80.1,NATAL,Outras,Colisão Transversal,Sem Vítimas,Pleno dia,Crescente,Sol,Dupla,Cruzamento,Urbano,2012,2,0,0,0,2,0,0,2
1071161,2012-03-08,Quinta,14:25:00,RN,101,94,NATAL,Não guardar distância de segurança,Colisão traseira,Sem Vítimas,Pleno dia,Decrescente,Sol,Múltipla,Reta,Urbano,2012,3,0,0,0,3,0,0,3
1071200,2012-03-08,Quinta,08:10:00,RN,101,97.8,NATAL,Outras,Colisão lateral,Sem Vítimas,Pleno dia,Decrescente,Nublado,Múltipla,Cruzamento,Urbano,2012,2,0,0,0,2,0,0,2
1071233,2012-03-08,Quinta,18:30:00,RN,101,97,NATAL,Falta de atenção,Colisão lateral,Sem Vítimas,Plena noite,Decrescente,Ceu Claro,Dupla,Reta,Urbano,2012,2,0,0,0,2,0,0,2
1071381,2012-03-08,Quinta,19:35:00,RN,110,45.9,MOSSORO,Falta de atenção,Atropelamento de pessoa,Com Vítimas Feridas,Plena noite,Crescente,Ceu Claro,Simples,Reta,Urbano,2012,2,0,1,1,0,0,2,1
1071434,2012-03-03,Sábado,18:15:00,RN,406,146.0,CEARA-MIRIM,Falta de atenção,Colisão com bicicleta,Com Vítimas Feridas,Anoitecer,Decrescente,Ceu Claro,Simples,Curva,Urbano,2012,2,0,1,0,1,0,1,2
1071445,2012-03-09,Sexta,06:50:00,RN,304,38.0,MOSSORO,Não guardar distância de segurança,Colisão traseira,Com Vítimas Feridas,Pleno dia,Decrescente,Nublado,Simples,Reta,Urbano,2012,3,0,3,0,0,0,3,2
1071513,2012-03-08,Quinta,17:20:00,RN,101,104.0,PARNAMIRIM,Não guardar distância de segurança,Colisão traseira,Com Vítimas Feridas,Anoitecer,Crescente,Ignorada,Dupla,Reta,Urbano,2012,3,0,2,0,1,0,2,2
1071530,2012-03-09,Sexta,10:15:00,RN,101,99.9,NATAL,Falta de atenção,Colisão traseira,Sem Vítimas,Pleno dia,Crescente,Nublado,Múltipla,Cruzamento,Urbano,2012,2,0,0,0,2,0,0,2
1071536,2012-03-09,Sexta,08:35:00,RN,101,106.0,PARNAMIRIM,Não guardar distância de segurança,Colisão traseira,Sem Vítimas,Pleno dia,Decrescente,Chuva,Dupla,Reta,Urbano,2012,3,0,0,0,3,0,0,3
1071635,2012-03-09,Sexta,12:15:00,RN,226,1.3,NATAL,Não guardar distância de segurança,Colisão traseira,Sem Vítimas,Pleno dia,Decrescente,Chuva,Dupla,Reta,Urbano,2012,2,0,0,0,2,0,0,2
1071665,2012-03-08,Quinta,19:30:00,RN,101,99.9,NATAL,Não guardar distância de segurança,Colisão lateral,Sem Vítimas,Plena noite,Crescente,Ignorada,Simples,Cruzamento,Urbano,2012,2,0,0,0,2,0,0,2
1071816,2012-03-10,Sábado,10:00:00,RN,304,36.8,MOSSORO,Outras,Colisão Transversal,Sem Vítimas,Pleno dia,Crescente,Ceu Claro,Simples,Reta,Urbano,2012,2,0,0,0,2,0,0,2
1071835,2012-03-10,Sábado,09:15:00,RN,101,148.2,GOIANINHA,Falta de atenção,Colisão frontal,Com Vítimas Feridas,Pleno dia,Crescente,Chuva,Dupla,Curva,Urbano,2012,2,0,1,0,1,0,1,2
1071851,2012-03-10,Sábado,09:55:00,RN,101,97.6,NATAL,Outras,Colisão lateral,Sem Vítimas,Pleno dia,Decrescente,Sol,Múltipla,Reta,Urbano,2012,2,0,0,0,2,0,0,2
1071859,2012-03-10,Sábado,13:45:00,RN,101,82.5,NATAL,Desobediência à sinalização,Colisão Transversal,Com Vítimas Feridas,Pleno dia,Decrescente,Chuva,Dupla,Reta,Urbano,2012,2,0,1,1,0,0,2,2
1071874,2012-03-02,Sexta,19:40:00,RN,101,105.0,PARNAMIRIM,Desobediência à sinalização,Colisão lateral,Sem Vítimas,Plena noite,Crescente,Nublado,Dupla,Cruzamento,Urbano,2012,2,0,0,0,2,0,0,2
1071907,2012-03-07,Quarta,06:50:00,RN,101,98.8,NATAL,Outras,Colisão traseira,Sem Vítimas,Pleno dia,Decrescente,Sol,Dupla,Reta,Urbano,2012,3,0,0,0,3,0,0,3
1071924,2012-03-06,Terça,12:20:00,RN,101,96.5,NATAL,Falta de atenção,Colisão Transversal,Sem Vítimas,Pleno dia,Crescente,Ceu Claro,Múltipla,Reta,Urbano,2012,2,0,0,0,2,0,0,2
1071925,2012-03-10,Sábado,10:45:00,RN,101,96.6,NATAL,Falta de atenção,Colisão traseira,Sem Vítimas,Pleno dia,Decrescente,Sol,Múltipla,Cruzamento,Urbano,2012,2,0,0,0,2,0,0,2
1071942,2012-03-06,Terça,19:50:00,RN,101,107.7,PARNAMIRIM,Desobediência à sinalização,Colisão Transversal,Com Vítimas Feridas,Plena noite,Crescente,Ceu Claro,Dupla,Cruzamento,Urbano,2012,2,0,1,1,0,0,2,2
1071963,2012-03-10,Sábado,18:30:00,RN,304,50.8,MOSSORO,Animais na Pista,Atropelamento de animal,Sem Vítimas,Plena noite,Decrescente,Chuva,Simples,Reta,Rural,2012,1,0,0,0,1,0,0,1
1072003,2012-03-10,Sábado,18:15:00,RN,406,164.0,SAO GONCALO DO AMARANTE,Outras,Tombamento,Com Vítimas Feridas,Plena noite,Crescente,Chuva,Simples,Reta,Urbano,2012,1,0,1,0,0,0,1,1
1072089,2012-03-10,Sábado,20:50:00,RN,101,107.0,PARNAMIRIM,Ingestão de álcool,Colisão traseira,Sem Vítimas,Plena noite,Crescente,Chuva,Dupla,Cruzamento,Urbano,2012,3,0,0,0,3,0,0,3
1072143,2012-03-10,Sábado,20:20:00,RN,304,58.0,MOSSORO,Falta de atenção,Colisão frontal,Com Vítimas Feridas,Anoitecer,Crescente,Chuva,Simples,Reta,Rural,2012,2,0,1,1,0,0,2,2
1072154,2012-03-10,Sábado,17:20:00,RN,304,45.5,MOSSORO,Outras,Capotamento,Sem Vítimas,Anoitecer,Decrescente,Chuva,Dupla,Curva,Urbano,2012,1,0,0,0,1,0,0,1
1072402,2012-03-11,Domingo,12:10:00,RN,101,83.0,NATAL,Não guardar distância de segurança,Colisão traseira,Sem Vítimas,Pleno dia,Decrescente,Chuva,Dupla,Reta,Urbano,2012,2,0,0,0,2,0,0,2
1072469,2012-03-02,Sexta,22:30:00,RN,304,37.0,MOSSORO,Desobediência à sinalização,Colisão frontal,Com Vítimas Feridas,Plena noite,Decrescente,Ceu Claro,Simples,Reta,Urbano,2012,2,0,1,0,0,1,1,2
1072476,2012-03-11,Domingo,03:00:00,RN,304,34.0,MOSSORO,Outras,Colisão traseira,Sem Vítimas,Plena noite,Crescente,Nublado,Simples,Reta,Urbano,2012,2,0,0,0,1,1,0,2
1072639,2012-03-11,Domingo,17:50:00,RN,406,164.5,SAO GONCALO DO AMARANTE,Ingestão de álcool,Colisão traseira,Com Vítimas Feridas,Anoitecer,Crescente,Nublado,Simples,Reta,Urbano,2012,4,0,2,2,0,0,4,2
1072671,2012-03-11,Domingo,21:00:00,RN,304,116.0,ITAJA,Não guardar distância de segurança,Colisão traseira,Com Vítimas Feridas,Plena noite,Decrescente,Ignorada,Simples,Reta,Rural,2012,3,0,1,0,1,1,1,2
1072778,2012-03-08,Quinta,07:05:00,RN,304,266.6,SANTA MARIA,Ultrapassagem indevida,Colisão lateral,Sem Vítimas,Pleno dia,Decrescente,Ceu Claro,Simples,Reta,Rural,2012,3,0,0,0,3,0,0,3
1072820,2012-03-09,Sexta,10:50:00,RN,226,53.0,SENADOR ELOI DE SOUZA,Outras,Colisão Transversal,Com Vítimas Fatais,Pleno dia,Crescente,Nevoeiro/neblina,Simples,Curva,Rural,2012,4,2,2,0,0,0,2,2
1073014,2012-03-09,Sexta,17:00:00,RN,101,108.5,PARNAMIRIM,Falta de atenção,Colisão lateral,Sem Vítimas,Plena noite,Crescente,Ceu Claro,Múltipla,Reta,Urbano,2012,2,0,0,0,2,0,0,2
1073109,2012-03-12,Segunda,16:30:00,RN,101,83.3,NATAL,Não guardar distância de segurança,Colisão lateral,Sem Vítimas,Pleno dia,Decrescente,Ceu Claro,Dupla,Reta,Urbano,2012,2,0,0,0,2,0,0,2
1073211,2012-03-10,Sábado,18:30:00,RN,110,101.6,UPANEMA,Ingestão de álcool,Colisão Transversal,Com Vítimas Feridas,Plena noite,Decrescente,Ignorada,Dupla,Reta,Urbano,2012,3,0,1,0,2,0,1,2
1073286,2012-03-12,Segunda,09:50:00,RN,101,100.0,PARNAMIRIM,Outras,Colisão traseira,Sem Vítimas,Pleno dia,Decrescente,Nublado,Dupla,Reta,Urbano,2012,2,0,0,0,2,0,0,2
1073301,2012-03-12,Segunda,12:50:00,RN,101,109.7,PARNAMIRIM,Outras,Colisão traseira,Com Vítimas Feridas,Pleno dia,Decrescente,Nublado,Dupla,Reta,Rural,2012,2,0,1,0,1,0,1,2
1073332,2012-03-12,Segunda,18:00:00,RN,304,32.8,MOSSORO,Falta de atenção,Colisão traseira,Com Vítimas Feridas,Anoitecer,Crescente,Ceu Claro,Simples,Reta,Urbano,2012,2,0,0,1,1,0,1,2
1073333,2012-03-09,Sexta,20:00:00,RN,304,281.0,MACAIBA,Falta de atenção,Saída de Pista,Sem Vítimas,Plena noite,Crescente,Nublado,Simples,Cruzamento,Rural,2012,1,0,0,0,1,0,0,1
1073349,2012-03-13,Terça,01:35:00,RN,406,126.4,TAIPU,Animais na Pista,Atropelamento de animal,Sem Vítimas,Plena noite,Crescente,Ceu Claro,Simples,Reta,Rural,2012,1,0,0,0,1,0,0,1
1073393,2012-03-13,Terça,04:50:00,RN,304,31.9,MOSSORO,Animais na Pista,Atropelamento de animal,Com Vítimas Feridas,Amanhecer,Decrescente,Ceu Claro,Simples,Reta,Urbano,2012,2,0,1,1,0,0,2,1
1073424,2012-03-09,Sexta,18:00:00,RN,101,103.0,PARNAMIRIM,Falta de atenção,Colisão traseira,Sem Vítimas,Plena noite,Decrescente,Nublado,Dupla,Reta,Urbano,2012,3,0,0,0,3,0,0,3
1073462,2012-03-09,Sexta,21:20:00,RN,304,36.0,MOSSORO,Falta de atenção,Colisão lateral,Sem Vítimas,Plena noite,Crescente,Ceu Claro,Simples,Reta,Urbano,2012,2,0,0,0,2,0,0,2
1073466,2012-03-09,Sexta,23:50:00,RN,304,281.0,MACAIBA,Falta de atenção,Capotamento,Sem Vítimas,Plena noite,Crescente,Nublado,Simples,Cruzamento,Rural,2012,1,0,0,0,1,0,0,1
1073491,2012-03-08,Quinta,06:00:00,RN,304,58.6,MOSSORO,Dormindo,Colisão lateral,Sem Vítimas,Pleno dia,Crescente,Ceu Claro,Simples,Reta,Rural,2012,2,0,0,0,2,0,0,2
1073675,2012-03-13,Terça,13:57:00,RN,101,103.2,PARNAMIRIM,Falta de atenção,Colisão lateral,Sem Vítimas,Pleno dia,Decrescente,Sol,Múltipla,Reta,Urbano,2012,2,0,0,0,2,0,0,2
1073676,2012-03-13,Terça,10:05:00,RN,226,1.2,NATAL,Não guardar distância de segurança,Colisão traseira,Sem Vítimas,Pleno dia,Decrescente,Sol,Dupla,Reta,Urbano,2012,2,0,0,0,2,0,0,2
1073685,2012-03-01,Quinta,21:00:00,RN,406,163.6,SAO GONCALO DO AMARANTE,Defeito mecânico em veículo,Incêndio,Sem Vítimas,Pleno dia,Crescente,Ceu Claro,Simples,Reta,Rural,2012,1,0,0,0,1,0,0,1
1073840,2012-03-13,Terça,13:45:00,RN,101,99.9,NATAL,Falta de atenção,Colisão lateral,Sem Vítimas,Pleno dia,Decrescente,Ceu Claro,Dupla,Cruzamento,Urbano,2012,2,0,0,0,2,0,0,2
1073883,2012-03-13,Terça,22:40:00,RN,101,73.0,EXTREMOZ,Falta de atenção,Colisão frontal,Sem Vítimas,Plena noite,Crescente,Ceu Claro,Simples,Reta,Rural,2012,2,0,0,0,2,0,0,2
1074012,2012-03-12,Segunda,18:25:00,RN,304,34.3,MOSSORO,Desobediência à sinalização,Colisão Transversal,Sem Vítimas,Plena noite,Crescente,Ceu Claro,Simples,Reta,Urbano,2012,2,0,0,0,2,0,0,2
1074065,2012-03-13,Terça,08:20:00,RN,304,46.0,MOSSORO,Falta de atenção,Colisão lateral,Sem Vítimas,Pleno dia,Decrescente,Ceu Claro,Dupla,Cruzamento,Urbano,2012,2,0,0,0,2,0,0,2
1074200,2012-03-14,Quarta,23:10:00,RN,406,49.0,JANDAIRA,Animais na Pista,Colisão frontal,Com Vítimas Feridas,Plena noite,Decrescente,Nublado,Simples,Reta,Rural,2012,2,0,1,0,1,0,1,2
1074201,2012-03-14,Quarta,21:30:00,RN,304,36.1,MOSSORO,Animais na Pista,Atropelamento de animal,Com Vítimas Feridas,Plena noite,Decrescente,Ignorada,Simples,Reta,Urbano,2012,1,0,0,1,0,0,1,1
1074243,2012-03-13,Terça,05:40:00,RN,101,81.0,NATAL,Falta de atenção,Colisão lateral,Sem Vítimas,Amanhecer,Decrescente,Ceu Claro,Dupla,Reta,Urbano,2012,2,0,0,0,2,0,0,2
1074274,2012-03-11,Domingo,17:45:00,RN,101,76.6,SAO GONCALO DO AMARANTE,Falta de atenção,Colisão lateral,Sem Vítimas,Anoitecer,Decrescente,Ceu Claro,Dupla,Reta,Urbano,2012,2,0,0,0,2,0,0,2
1074360,2012-03-13,Terça,07:15:00,RN,110,47.0,MOSSORO,Ultrapassagem indevida,Colisão frontal,Com Vítimas Feridas,Pleno dia,Crescente,Sol,Simples,Reta,Urbano,2012,3,0,1,0,2,0,1,3
1074370,2012-03-09,Sexta,20:00:00,RN,406,95.5,JOAO CAMARA,Outras,Colisão Transversal,Sem Vítimas,Plena noite,Decrescente,Ceu Claro,Simples,Reta,Rural,2012,2,0,0,0,1,1,0,2
1074382,2012-03-12,Segunda,19:50:00,RN,226,15.5,MACAIBA,Outras,Colisão traseira,Com Vítimas Feridas,Plena noite,Decrescente,Ceu Claro,Simples,Reta,Urbano,2012,3,0,1,1,1,0,2,2
1074445,2012-03-12,Segunda,09:50:00,RN,101,106.4,PARNAMIRIM,Outras,Colisão traseira,Sem Vítimas,Pleno dia,Decrescente,Chuva,Dupla,Reta,Urbano,2012,4,0,0,0,4,0,0,4
1074453,2012-03-11,Domingo,02:00:00,RN,304,113.1,ASSU,Animais na Pista,Atropelamento de animal,Sem Vítimas,Plena noite,Crescente,Nevoeiro/neblina,Simples,Reta,Rural,2012,1,0,0,0,1,0,0,1
1074586,2012-02-10,Sexta,17:25:00,RN,304,0.0,PARNAMIRIM,Outras,Capotamento,Com Vítimas Feridas,Anoitecer,Decrescente,Chuva,Dupla,Reta,Urbano,2012,1,0,0,1,0,0,1,1
1074594,2012-03-16,Sexta,09:50:00,RN,427,102.8,CAICO,Falta de atenção,Colisão traseira,Sem Vítimas,Pleno dia,Crescente,Ceu Claro,Simples,Reta,Urbano,2012,3,0,0,0,3,0,0,2
1074614,2012-03-14,Quarta,12:10:00,RN,101,106.5,PARNAMIRIM,Outras,Colisão com objeto fixo,Sem Vítimas,Pleno dia,Crescente,Chuva,Dupla,Reta,Urbano,2012,3,0,0,0,3,0,0,3
1074634,2012-03-12,Segunda,11:30:00,RN,101,96.4,NATAL,Não guardar distância de segurança,Colisão traseira,Sem Vítimas,Pleno dia,Decrescente,Nublado,Múltipla,Cruzamento,Urbano,2012,3,0,0,0,3,0,0,3
1074650,2012-03-15,Quinta,08:30:00,RN,101,85.2,SAO GONCALO DO AMARANTE,Falta de atenção,Colisão traseira,Sem Vítimas,Pleno dia,Crescente,Nublado,Dupla,Reta,Urbano,2012,2,0,0,0,2,0,0,2
1074672,2012-03-12,Segunda,12:10:00,RN,304,2.7,MOSSORO,Dormindo,Saída de Pista,Com Vítimas Feridas,Pleno dia,Crescente,Ceu Claro,Simples,Reta,Rural,2012,2,0,2,0,0,0,2,1
1074719,2012-03-10,Sábado,07:20:00,RN,304,43.1,MOSSORO,Desobediência à sinalização,Colisão lateral,Sem Vítimas,Pleno dia,Crescente,Sol,Dupla,Cruzamento,Urbano,2012,2,0,0,0,2,0,0,2
1074750,2012-03-14,Quarta,18:30:00,RN,304,130.4,IPANGUACU,Defeito mecânico em veículo,Capotamento,Com Vítimas Feridas,Plena noite,Decrescente,Ignorada,Simples,Reta,Rural,2012,4,0,2,1,1,0,3,1
1075290,2012-03-17,Sábado,15:15:00,RN,110,46.5,MOSSORO,Falta de atenção,Colisão Transversal,Com Vítimas Feridas,Pleno dia,Decrescente,Ceu Claro,Simples,Cruzamento,Urbano,2012,2,0,1,0,1,0,1,2
1075354,2012-03-17,Sábado,10:32:00,RN,226,69.8,SERRA CAIADA,Outras,Queda de motocicleta / bicicleta / veículo,Com Vítimas Feridas,Pleno dia,Crescente,Ceu Claro,Simples,Curva,Rural,2012,3,0,3,0,0,0,3,1
1075357,2012-03-17,Sábado,13:30:00,RN,101,99.0,NATAL,Outras,Capotamento,Sem Vítimas,Pleno dia,Decrescente,Ceu Claro,Dupla,Reta,Urbano,2012,1,0,0,0,1,0,0,1
1075441,2012-03-17,Sábado,17:18:00,RN,101,75.8,NATAL,Ingestão de álcool,Colisão Transversal,Com Vítimas Feridas,Pleno dia,Decrescente,Ceu Claro,Dupla,Reta,Urbano,2012,3,0,1,0,2,0,1,2
1075471,2012-03-10,Sábado,00:30:00,RN,110,45.5,MOSSORO,Animais na Pista,Atropelamento de animal,Com Vítimas Feridas,Pleno dia,Crescente,Ceu Claro,Simples,Reta,Urbano,2012,2,0,2,0,0,0,2,1
1075477,2012-03-11,Domingo,20:45:00,RN,406,164.6,SAO GONCALO DO AMARANTE,Outras,Colisão frontal,Com Vítimas Feridas,Plena noite,Crescente,Ceu Claro,Simples,Reta,Urbano,2012,2,0,1,0,1,0,1,2
1075508,2012-03-17,Sábado,13:20:00,RN,101,136.0,SAO JOSE DE MIPIBU,Falta de atenção,Capotamento,Com Vítimas Fatais,Pleno dia,Crescente,Ceu Claro,Dupla,Reta,Rural,2012,2,1,0,1,0,0,1,1
1075673,2012-03-10,Sábado,11:45:00,RN,101,102.8,PARNAMIRIM,Outras,Colisão com bicicleta,Com Vítimas Feridas,Pleno dia,Crescente,Chuva,Dupla,Reta,Urbano,2012,2,0,0,1,1,0,1,2
1075677,2012-03-14,Quarta,18:00:00,RN,101,97.6,NATAL,Falta de atenção,Colisão traseira,Com Vítimas Feridas,Plena noite,Decrescente,Ceu Claro,Dupla,Reta,Urbano,2012,3,0,1,0,2,0,1,2