id,data_inversa,dia_semana,horario,uf,br,km,municipio,causa_acidente,tipo_acidente,classificacao_acidente,fase_dia,sentido_via,condicao_metereologica,tipo_pista,tracado_via,uso_solo,ano,pessoas,mortos,feridos_leves,feridos_graves,ilesos,ignorados,feridos,veiculos
1088957,2012-04-05,Quinta,17:15:00,RN,226,234.9,FLORANIA,Animais na Pista,Saída de Pista,Com Vítimas Feridas,Pleno dia,Crescente,Ceu Claro,Simples,Reta,Rural,2012,4,0,2,0,2,0,2,1
1088965,2012-04-08,Domingo,13:58:00,RN,101,109.8,PARNAMIRIM,Outras,Colisão Transversal,Sem Vítimas,Pleno dia,Decrescente,Ceu Claro,Dupla,Reta,Rural,2012,2,0,0,0,2,0,0,2
1089079,2012-04-10,Terça,07:50:00,RN,406,146.0,CEARA-MIRIM,Não guardar distância de segurança,Colisão traseira,Sem Vítimas,Pleno dia,Decrescente,Ceu Claro,Simples,Reta,Rural,2012,3,0,0,0,3,0,0,3
1089116,2012-04-08,Domingo,10:55:00,RN,304,36.1,MOSSORO,Desobediência à sinalização,Colisão lateral,Com Vítimas Feridas,Pleno dia,Decrescente,Sol,Simples,Cruzamento,Urbano,2012,2,0,1,0,1,0,1,2
1089180,2012-04-10,Terça,08:10:00,RN,101,101.7,PARNAMIRIM,Falta de atenção,Colisão lateral,Sem Vítimas,Pleno dia,Decrescente,Sol,Dupla,Curva,Urbano,2012,2,0,0,0,2,0,0,2
1089190,2012-04-07,Sábado,05:25:00,RN,304,305.9,PARNAMIRIM,Outras,Capotamento,Sem Vítimas,Amanhecer,Crescente,Chuva,Dupla,Curva,Urbano,2012,1,0,0,0,1,0,0,1
1089205,2012-04-10,Terça,07:30:00,RN,101,98.2,NATAL,Não guardar distância de segurança,Tombamento,Com Vítimas Feridas,Pleno dia,Decrescente,Sol,Dupla,Reta,Urbano,2012,1,0,1,0,0,0,1,1
1089211,2012-04-06,Sexta,05:00:00,RN,101,96.9,NATAL,Não guardar distância de segurança,Colisão traseira,Com Vítimas Feridas,Amanhecer,Crescente,Nublado,Dupla,Reta,Urbano,2012,3,0,1,1,1,0,2,2
1089257,2012-04-10,Terça,10:55:00,RN,226,32.9,MACAIBA,Ultrapassagem indevida,Saída de Pista,Com Vítimas Feridas,Pleno dia,Decrescente,Ceu Claro,Simples,Curva,Rural,2012,1,0,1,0,0,0,1,1
1089297,2012-04-10,Terça,15:00:00,RN,101,96.5,NATAL,Outras,Colisão lateral,Sem Vítimas,Pleno dia,Crescente,Ceu Claro,Dupla,Reta,Urbano,2012,2,0,0,0,2,0,0,2
1089306,2012-04-10,Terça,15:35:00,RN,101,96.0,NATAL,Outras,Colisão lateral,Sem Vítimas,Pleno dia,Decrescente,Ceu Claro,Dupla,Reta,Urbano,2012,2,0,0,0,1,1,0,2
1089339,2012-04-10,Terça,22:40:00,RN,101,99.7,NATAL,Não guardar distância de segurança,Colisão lateral,Sem Vítimas,Plena noite,Decrescente,Ceu Claro,Múltipla,Cruzamento,Urbano,2012,2,0,0,0,2,0,0,2
1089370,2012-04-10,Terça,08:15:00,RN,101,99.6,NATAL,Falta de atenção,Colisão traseira,Sem Vítimas,Pleno dia,Decrescente,Ceu Claro,Dupla,Reta,Urbano,2012,3,0,0,0,3,0,0,3
1089465,2012-04-08,Domingo,17:20:00,RN,101,113.7,SAO JOSE DE MIPIBU,Falta de atenção,Colisão traseira,Sem Vítimas,Anoitecer,Decrescente,Ceu Claro,Dupla,Reta,Rural,2012,2,0,0,0,2,0,0,2
1089496,2012-04-08,Domingo,17:00:00,RN,304,283.4,MACAIBA,Não guardar distância de segurança,Colisão traseira,Sem Vítimas,Anoitecer,Crescente,Ceu Claro,Simples,Reta,Rural,2012,3,0,0,0,3,0,0,3
1089531,2012-04-03,Terça,11:20:00,RN,304,62.0,MOSSORO,Outras,Capotamento,Sem Vítimas,Pleno dia,Decrescente,Ceu Claro,Simples,Reta,Rural,2012,2,0,0,0,2,0,0,1
1089604,2012-04-11,Quarta,12:10:00,RN,101,83.0,NATAL,Falta de atenção,Colisão traseira,Sem Vítimas,Pleno dia,Decrescente,Sol,Dupla,Reta,Urbano,2012,2,0,0,0,2,0,0,2
1089614,2012-04-11,Quarta,13:50:00,RN,101,106.2,PARNAMIRIM,Falta de atenção,Colisão traseira,Sem Vítimas,Pleno dia,Decrescente,Nublado,Dupla,Reta,Urbano,2012,2,0,0,0,2,0,0,2
1089636,2012-04-08,Domingo,04:40:00,RN,101,101.9,PARNAMIRIM,Outras,Colisão com objeto fixo,Ignorado,Amanhecer,Crescente,Ceu Claro,Dupla,Cruzamento,Urbano,2012,1,0,0,0,0,1,0,1
1089666,2012-04-06,Sexta,09:00:00,RN,101,129.6,SAO JOSE DE MIPIBU,Outras,Capotamento,Com Vítimas Feridas,Pleno dia,Crescente,Chuva,Dupla,Curva,Rural,2012,2,0,1,0,1,0,1,1
1089737,2012-04-11,Quarta,16:15:00,RN,101,99.9,NATAL,Desobediência à sinalização,Colisão lateral,Com Vítimas Feridas,Pleno dia,Crescente,Ceu Claro,Dupla,Cruzamento,Urbano,2012,3,0,2,0,0,1,2,2
1089778,2012-04-11,Quarta,17:40:00,RN,101,81.9,SAO GONCALO DO AMARANTE,Outras,Colisão traseira,Sem Vítimas,Plena noite,Crescente,Ceu Claro,Dupla,Reta,Urbano,2012,2,0,0,0,2,0,0,2
1089825,2012-04-10,Terça,16:00:00,RN,101,122.9,SAO JOSE DE MIPIBU,Outras,Colisão Transversal,Com Vítimas Feridas,Pleno dia,Decrescente,Ceu Claro,Simples,Reta,Urbano,2012,2,0,1,0,1,0,1,2
1089828,2012-03-26,Segunda,14:50:00,RN,304,144.0,ANGICOS,Falta de atenção,Colisão lateral,Sem Vítimas,Pleno dia,Crescente,Ceu Claro,Simples,Reta,Rural,2012,2,0,0,0,2,0,0,2
1089902,2012-04-11,Quarta,20:40:00,RN,226,115.6,SANTA CRUZ,Animais na Pista,Atropelamento de animal,Sem Vítimas,Plena noite,Crescente,Ceu Claro,Simples,Reta,Rural,2012,1,0,0,0,1,0,0,1
1089908,2012-04-08,Domingo,14:15:00,RN,101,96.9,NATAL,Outras,Atropelamento de pessoa,Com Vítimas Feridas,Pleno dia,Decrescente,Ceu Claro,Dupla,Reta,Urbano,2012,2,0,0,1,1,0,1,1
1090125,2012-04-06,Sexta,09:50:00,RN,101,144.8,GOIANINHA,Outras,Capotamento,Com Vítimas Feridas,Pleno dia,Crescente,Chuva,Dupla,Curva,Rural,2012,2,0,1,1,0,0,2,1
1090163,2012-04-08,Domingo,15:40:00,RN,304,295.8,MACAIBA,Falta de atenção,Colisão traseira,Sem Vítimas,Pleno dia,Crescente,Sol,Simples,Reta,Urbano,2012,2,0,0,0,2,0,0,2
1090192,2012-03-17,Sábado,18:25:00,RN,101,117.2,SAO JOSE DE MIPIBU,Ingestão de álcool,Colisão com objeto fixo,Com Vítimas Feridas,Anoitecer,Decrescente,Ignorada,Dupla,Reta,Urbano,2012,1,0,0,1,0,0,1,1
1090196,2012-04-12,Quinta,08:00:00,RN,101,99.8,NATAL,Falta de atenção,Colisão lateral,Sem Vítimas,Pleno dia,Decrescente,Ceu Claro,Dupla,Reta,Urbano,2012,2,0,0,0,2,0,0,2
1090218,2012-03-21,Quarta,08:00:00,RN,101,97.7,NATAL,Falta de atenção,Colisão lateral,Ignorado,Amanhecer,Decrescente,Sol,Dupla,Reta,Urbano,2012,2,0,0,0,0,2,0,2
1090278,2012-04-04,Quarta,19:30:00,RN,304,57.3,MOSSORO,Animais na Pista,Atropelamento de animal,Sem Vítimas,Plena noite,Decrescente,Ceu Claro,Simples,Reta,Rural,2012,1,0,0,0,1,0,0,1
1090280,2012-04-10,Terça,19:10:00,RN,226,4.5,NATAL,Falta de atenção,Colisão frontal,Com Vítimas Feridas,Plena noite,Decrescente,Ceu Claro,Simples,Curva,Urbano,2012,5,0,1,0,4,0,1,2
1090313,2012-04-12,Quinta,11:30:00,RN,101,101.3,PARNAMIRIM,Falta de atenção,Colisão traseira,Sem Vítimas,Pleno dia,Crescente,Ceu Claro,Dupla,Reta,Urbano,2012,2,0,0,0,2,0,0,2
1090348,2012-04-12,Quinta,14:15:00,RN,101,106.2,PARNAMIRIM,Falta de atenção,Colisão traseira,Com Vítimas Feridas,Pleno dia,Decrescente,Ceu Claro,Dupla,Cruzamento,Urbano,2012,2,0,1,0,1,0,1,2
1090458,2012-04-12,Quinta,18:00:00,RN,101,95.7,NATAL,Outras,Colisão traseira,Sem Vítimas,Plena noite,Crescente,Ceu Claro,Dupla,Reta,Urbano,2012,2,0,0,0,2,0,0,2
1090500,2012-04-12,Quinta,17:40:00,RN,226,3.2,NATAL,Não guardar distância de segurança,Colisão lateral,Sem Vítimas,Anoitecer,Decrescente,Ceu Claro,Simples,Curva,Urbano,2012,2,0,0,0,2,0,0,2
1090615,2012-04-12,Quinta,22:05:00,RN,101,99.8,NATAL,Falta de atenção,Colisão traseira,Sem Vítimas,Plena noite,Crescente,Ceu Claro,Múltipla,Reta,Urbano,2012,2,0,0,0,2,0,0,2
1090649,2012-04-09,Segunda,13:40:00,RN,406,165.0,SAO GONCALO DO AMARANTE,Outras,Colisão traseira,Sem Vítimas,Pleno dia,Crescente,Ceu Claro,Simples,Reta,Urbano,2012,5,0,0,0,5,0,0,2
1090692,2012-04-09,Segunda,17:00:00,RN,101,95.3,NATAL,Outras,Colisão com objeto móvel,Sem Vítimas,Anoitecer,Crescente,Ceu Claro,Múltipla,Curva,Urbano,2012,2,0,0,0,2,0,0,2
1090720,2012-04-13,Sexta,07:30:00,RN,101,94.1,NATAL,Outras,Colisão lateral,Sem Vítimas,Pleno dia,Decrescente,Ceu Claro,Dupla,Reta,Urbano,2012,2,0,0,0,2,0,0,2
1090728,2012-04-13,Sexta,09:00:00,RN,101,96.2,NATAL,Não guardar distância de segurança,Colisão lateral,Sem Vítimas,Pleno dia,Crescente,Ceu Claro,Dupla,Cruzamento,Urbano,2012,2,0,0,0,2,0,0,2
1090729,2012-03-21,Quarta,19:30:00,RN,101,99.0,NATAL,Outras,Colisão lateral,Ignorado,Plena noite,Crescente,Ignorada,Dupla,Reta,Urbano,2012,2,0,0,0,0,2,0,2
1090767,2012-04-13,Sexta,08:30:00,RN,101,83.0,NATAL,Falta de atenção,Colisão lateral,Com Vítimas Feridas,Pleno dia,Decrescente,Sol,Dupla,Reta,Urbano,2012,2,0,1,0,1,0,1,2
1090830,2012-04-09,Segunda,08:30:00,RN,110,50.1,MOSSORO,Desobediência à sinalização,Colisão Transversal,Sem Vítimas,Pleno dia,Decrescente,Ceu Claro,Dupla,Reta,Urbano,2012,2,0,0,0,2,0,0,2
1090851,2012-04-12,Quinta,23:45:00,RN,101,109.5,PARNAMIRIM,Velocidade incompatível,Colisão Transversal,Com Vítimas Fatais,Plena noite,Crescente,Ceu Claro,Dupla,Reta,Urbano,2012,3,1,0,2,0,0,2,2
1090888,2012-04-13,Sexta,13:30:00,RN,406,100.1,JOAO CAMARA,Falta de atenção,Colisão Transversal,Com Vítimas Feridas,Pleno dia,Decrescente,Ceu Claro,Simples,Reta,Urbano,2012,3,0,1,1,1,0,2,2
1090894,2012-04-09,Segunda,15:45:00,RN,226,1.6,NATAL,Não guardar distância de segurança,Colisão traseira,Sem Vítimas,Pleno dia,Crescente,Ceu Claro,Dupla,Reta,Urbano,2012,2,0,0,0,2,0,0,2
1090952,2012-04-09,Segunda,14:20:00,RN,101,0.0,PARNAMIRIM,Falta de atenção,Colisão traseira,Sem Vítimas,Pleno dia,Decrescente,Sol,Múltipla,Reta,Urbano,2012,2,0,0,0,2,0,0,2
1090999,2012-04-13,Sexta,16:30:00,RN,101,98.0,NATAL,Não guardar distância de segurança,Colisão traseira,Sem Vítimas,Pleno dia,Decrescente,Ceu Claro,Dupla,Reta,Urbano,2012,3,0,0,0,3,0,0,3
1091202,2012-04-13,Sexta,22:10:00,RN,101,98.1,NATAL,Outras,Atropelamento de pessoa,Com Vítimas Feridas,Plena noite,Crescente,Ceu Claro,Múltipla,Reta,Urbano,2012,2,0,0,1,1,0,1,1
1091240,2012-04-04,Quarta,14:00:00,RN,304,105.3,ASSU,Outras,Incêndio,Sem Vítimas,Pleno dia,Decrescente,Ceu Claro,Simples,Reta,Rural,2012,1,0,0,0,1,0,0,1
1091256,2012-04-13,Sexta,16:50:00,RN,101,97.0,NATAL,Não guardar distância de segurança,Colisão traseira,Sem Vítimas,Anoitecer,Decrescente,Ceu Claro,Dupla,Reta,Urbano,2012,2,0,0,0,2,0,0,2
1091277,2012-04-04,Quarta,19:40:00,RN,304,57.4,MOSSORO,Não guardar distância de segurança,Colisão traseira,Com Vítimas Feridas,Plena noite,Crescente,Ceu Claro,Simples,Reta,Rural,2012,2,0,0,1,0,1,1,2
1091330,2012-04-14,Sábado,09:10:00,RN,101,148.0,GOIANINHA,Falta de atenção,Colisão Transversal,Com Vítimas Feridas,Pleno dia,Decrescente,Ceu Claro,Dupla,Cruzamento,Urbano,2012,3,0,1,1,1,0,2,2
1091542,2012-04-06,Sexta,19:00:00,RN,226,44.9,BOM JESUS,Ingestão de álcool,Colisão lateral,Com Vítimas Fatais,Plena noite,Crescente,Ceu Claro,Simples,Reta,Rural,2012,2,1,0,0,1,0,0,2
1091634,2012-04-14,Sábado,15:55:00,RN,101,107.0,PARNAMIRIM,Ingestão de álcool,Colisão traseira,Com Vítimas Feridas,Pleno dia,Crescente,Ceu Claro,Dupla,Cruzamento,Urbano,2012,2,0,1,0,1,0,1,2
1091683,2012-04-14,Sábado,22:20:00,RN,304,35.1,MOSSORO,Outras,Colisão Transversal,Com Vítimas Feridas,Plena noite,Crescente,Ceu Claro,Simples,Cruzamento,Urbano,2012,2,0,1,0,0,1,1,2
1091684,2012-04-14,Sábado,22:30:00,RN,304,296.9,MACAIBA,Ingestão de álcool,Colisão Transversal,Sem Vítimas,Plena noite,Decrescente,Ceu Claro,Simples,Cruzamento,Urbano,2012,2,0,0,0,2,0,0,2
1091698,2012-04-14,Sábado,16:00:00,RN,304,119.1,ITAJA,Falta de atenção,Colisão Transversal,Com Vítimas Feridas,Pleno dia,Crescente,Ceu Claro,Simples,Cruzamento,Urbano,2012,6,0,4,0,2,0,4,2
1091881,2012-04-11,Quarta,20:15:00,RN,101,14.3,TOUROS,Outras,Colisão traseira,Com Vítimas Fatais,Plena noite,Crescente,Ceu Claro,Simples,Reta,Rural,2012,2,1,0,0,1,0,0,2
1091895,2012-04-15,Domingo,12:30:00,RN,226,136.2,CAMPO REDONDO,Falta de atenção,Colisão lateral,Com Vítimas Feridas,Plena noite,Decrescente,Ceu Claro,Simples,Reta,Rural,2012,3,0,0,2,1,0,2,2
1092006,2012-04-15,Domingo,17:45:00,RN,304,297.7,MACAIBA,Falta de atenção,Colisão Transversal,Com Vítimas Feridas,Plena noite,Decrescente,Nublado,Simples,Reta,Urbano,2012,2,0,0,1,1,0,1,2
1092022,2012-04-13,Sexta,18:15:00,RN,304,36.1,MOSSORO,Falta de atenção,Colisão lateral,Com Vítimas Feridas,Plena noite,Decrescente,Ceu Claro,Simples,Reta,Urbano,2012,2,0,1,0,1,0,1,2
1092048,2012-04-13,Sexta,15:20:00,RN,110,45.6,MOSSORO,Falta de atenção,Colisão traseira,Sem Vítimas,Pleno dia,Crescente,Ceu Claro,Simples,Reta,Urbano,2012,2,0,0,0,2,0,0,2
1092092,2012-03-31,Sábado,00:40:00,RN,304,78.0,MOSSORO,Animais na Pista,Atropelamento de animal,Sem Vítimas,Plena noite,Decrescente,Ceu Claro,Simples,Reta,Rural,2012,1,0,0,0,1,0,0,1
1092097,2012-04-09,Segunda,15:10:00,RN,101,96.0,NATAL,Outras,Colisão traseira,Sem Vítimas,Pleno dia,Decrescente,Ceu Claro,Múltipla,Reta,Urbano,2012,2,0,0,0,2,0,0,2
1092110,2012-04-15,Domingo,20:00:00,RN,226,15.1,MACAIBA,Falta de atenção,Colisão lateral,Sem Vítimas,Pleno dia,Decrescente,Ceu Claro,Simples,Cruzamento,Urbano,2012,2,0,0,0,2,0,0,2
1092171,2012-04-15,Domingo,19:35:00,RN,406,164.0,SAO GONCALO DO AMARANTE,Outras,Colisão Transversal,Com Vítimas Feridas,Plena noite,Crescente,Vento,Simples,Reta,Urbano,2012,4,0,3,0,1,0,3,2
1092181,2012-04-15,Domingo,18:20:00,RN,101,75.6,EXTREMOZ,Falta de atenção,Colisão traseira,Sem Vítimas,Plena noite,Crescente,Ceu Claro,Dupla,Curva,Rural,2012,2,0,0,0,2,0,0,2
1092196,2012-04-15,Domingo,18:30:00,RN,405,33.9,GOVERNADOR DIX-SEPT ROSADO,Animais na Pista,Atropelamento de animal,Sem Vítimas,Plena noite,Decrescente,Ceu Claro,Simples,Reta,Rural,2012,2,0,0,0,2,0,0,2
1092197,2012-04-16,Segunda,01:00:00,RN,101,83.5,SAO GONCALO DO AMARANTE,Outras,Atropelamento de pessoa,Com Vítimas Feridas,Plena noite,Crescente,Chuva,Dupla,Reta,Urbano,2012,2,0,0,1,0,1,1,1
1092412,2012-04-14,Sábado,17:30:00,RN,304,130.6,ITAJA,Falta de atenção,Colisão traseira,Sem Vítimas,Anoitecer,Decrescente,Ceu Claro,Simples,Reta,Rural,2012,2,0,0,0,2,0,0,2
1092421,2012-04-16,Segunda,07:35:00,RN,101,96.0,NATAL,Outras,Tombamento,Sem Vítimas,Pleno dia,Crescente,Ceu Claro,Dupla,Reta,Urbano,2012,1,0,0,0,1,0,0,1
1092459,2012-04-16,Segunda,12:00:00,RN,101,105.2,PARNAMIRIM,Falta de atenção,Colisão frontal,Sem Vítimas,Pleno dia,Decrescente,Sol,Dupla,Cruzamento,Urbano,2012,2,0,0,0,2,0,0,2
1092608,2012-04-16,Segunda,07:15:00,RN,304,307.4,PARNAMIRIM,Falta de atenção,Colisão Transversal,Com Vítimas Feridas,Pleno dia,Decrescente,Sol,Múltipla,Reta,Urbano,2012,2,0,0,1,1,0,1,2
1092655,2012-04-16,Segunda,15:05:00,RN,226,12.8,MACAIBA,Outras,Colisão lateral,Sem Vítimas,Pleno dia,Decrescente,Sol,Simples,Cruzamento,Rural,2012,2,0,0,0,2,0,0,2
1092674,2012-04-16,Segunda,17:00:00,RN,101,95.9,NATAL,Falta de atenção,Atropelamento de pessoa,Com Vítimas Feridas,Anoitecer,Decrescente,Ceu Claro,Dupla,Reta,Urbano,2012,2,0,0,1,1,0,1,1
1092692,2012-04-14,Sábado,18:10:00,RN,101,99.9,NATAL,Outras,Colisão traseira,Sem Vítimas,Plena noite,Decrescente,Ceu Claro,Dupla,Reta,Urbano,2012,2,0,0,0,2,0,0,2
1092758,2012-04-16,Segunda,12:40:00,RN,304,34.3,MOSSORO,Outras,Colisão com objeto fixo,Com Vítimas Feridas,Pleno dia,Decrescente,Nublado,Simples,Curva,Urbano,2012,1,0,1,0,0,0,1,1
1092777,2012-04-12,Quinta,12:20:00,RN,427,122.9,CAICO,Outras,Capotamento,Com Vítimas Feridas,Pleno dia,Decrescente,Ceu Claro,Simples,Reta,Rural,2012,2,0,2,0,0,0,2,1
1092793,2012-04-16,Segunda,22:20:00,RN,101,96.0,NATAL,Falta de atenção,Colisão lateral,Sem Vítimas,Plena noite,Crescente,Ceu Claro,Múltipla,Cruzamento,Urbano,2012,2,0,0,0,2,0,0,2
1092899,2012-04-08,Domingo,18:10:00,RN,226,69.0,SERRA CAIADA,Não guardar distância de segurança,Colisão traseira,Sem Vítimas,Anoitecer,Decrescente,Ceu Claro,Simples,Reta,Urbano,2012,3,0,0,0,2,1,0,3
1092932,2012-03-13,Terça,23:59:00,RN,101,114.0,SAO JOSE DE MIPIBU,Dormindo,Saída de Pista,Com Vítimas Feridas,Plena noite,Decrescente,Ceu Claro,Dupla,Reta,Urbano,2012,1,0,1,0,0,0,1,1
1092970,2012-04-07,Sábado,17:40:00,RN,101,79.9,EXTREMOZ,Falta de atenção,Colisão Transversal,Sem Vítimas,Anoitecer,Decrescente,Nublado,Simples,Reta,Rural,2012,2,0,0,0,2,0,0,2
1093061,2012-04-09,Segunda,20:25:00,RN,304,289.9,MACAIBA,Desobediência à sinalização,Colisão frontal,Com Vítimas Feridas,Plena noite,Decrescente,Ceu Claro,Simples,Reta,Rural,2012,5,0,2,3,0,0,5,2
1093096,2012-04-17,Terça,08:30:00,RN,101,98.1,NATAL,Não guardar distância de segurança,Colisão traseira,Sem Vítimas,Pleno dia,Crescente,Sol,Múltipla,Reta,Urbano,2012,2,0,0,0,2,0,0,2
1093140,2012-04-17,Terça,17:20:00,RN,101,97.1,NATAL,Falta de atenção,Colisão traseira,Sem Vítimas,Pleno dia,Crescente,Ceu Claro,Dupla,Reta,Urbano,2012,2,0,0,0,2,0,0,2
1093145,2012-04-17,Terça,09:45:00,RN,101,101.9,PARNAMIRIM,Não guardar distância de segurança,Colisão traseira,Sem Vítimas,Pleno dia,Decrescente,Nublado,Dupla,Reta,Urbano,2012,2,0,0,0,2,0,0,2
1093149,2012-04-14,Sábado,05:40:00,RN,101,126.6,SAO JOSE DE MIPIBU,Falta de atenção,Colisão Transversal,Sem Vítimas,Amanhecer,Decrescente,Ceu Claro,Dupla,Reta,Urbano,2012,2,0,0,0,2,0,0,2
1093172,2012-04-13,Sexta,21:45:00,RN,101,99.8,NATAL,Falta de atenção,Colisão traseira,Sem Vítimas,Plena noite,Crescente,Nublado,Múltipla,Reta,Urbano,2012,2,0,0,0,2,0,0,2
1093182,2012-04-17,Terça,17:30:00,RN,304,32.3,MOSSORO,Falta de atenção,Colisão traseira,Com Vítimas Feridas,Pleno dia,Decrescente,Ceu Claro,Simples,Reta,Urbano,2012,2,0,0,1,0,1,1,2
1093241,2012-04-17,Terça,20:20:00,RN,101,99.8,NATAL,Outras,Colisão lateral,Sem Vítimas,Plena noite,Crescente,Ceu Claro,Dupla,Reta,Urbano,2012,2,0,0,0,2,0,0,2
1093419,2012-04-15,Domingo,02:20:00,RN,304,36.0,MOSSORO,Ingestão de álcool,Colisão Transversal,Sem Vítimas,Plena noite,Crescente,Ceu Claro,Simples,Reta,Urbano,2012,2,0,0,0,2,0,0,2
1093449,2012-04-12,Quinta,20:50:00,RN,101,97.6,NATAL,Não guardar distância de segurança,Colisão traseira,Sem Vítimas,Plena noite,Decrescente,Ceu Claro,Dupla,Reta,Urbano,2012,2,0,0,0,2,0,0,2
1093460,2012-04-18,Quarta,11:10:00,RN,304,237.4,RIACHUELO,Falta de atenção,Capotamento,Com Vítimas Feridas,Pleno dia,Crescente,Ceu Claro,Simples,Reta,Rural,2012,2,0,1,0,1,0,1,1
1093532,2012-04-18,Quarta,10:47:00,RN,226,2.1,NATAL,Outras,Colisão traseira,Sem Vítimas,Pleno dia,Crescente,Ceu Claro,Dupla,Reta,Urbano,2012,2,0,0,0,2,0,0,2
1093549,2012-04-18,Quarta,13:20:00,RN,304,36.1,MOSSORO,Não guardar distância de segurança,Colisão traseira,Sem Vítimas,Pleno dia,Crescente,Sol,Simples,Cruzamento,Urbano,2012,3,0,0,0,3,0,0,3
1093561,2012-04-15,Domingo,02:45:00,RN,304,34.3,MOSSORO,Velocidade incompatível,Colisão traseira,Com Vítimas Feridas,Plena noite,Crescente,Ceu Claro,Simples,Reta,Urbano,2012,3,0,1,1,0,1,2,2
1093612,2012-04-18,Quarta,12:20:00,RN,405,100.9,SEVERIANO MELO,Outras,Colisão lateral,Com Vítimas Fatais,Pleno dia,Decrescente,Ceu Claro,Simples,Reta,Rural,2012,3,2,0,1,0,0,1,2
1093637,2012-04-18,Quarta,16:30:00,RN,101,108.6,PARNAMIRIM,Falta de atenção,Colisão com bicicleta,Com Vítimas Feridas,Pleno dia,Decrescente,Ceu Claro,Dupla,Cruzamento,Urbano,2012,2,0,1,0,1,0,1,2
1093669,2012-04-14,Sábado,17:45:00,RN,304,295.9,MACAIBA,Não guardar distância de segurança,Colisão traseira,Sem Vítimas,Anoitecer,Crescente,Sol,Simples,Reta,Rural,2012,2,0,0,0,2,0,0,2
1093682,2012-04-18,Quarta,17:55:00,RN,304,200.0,LAJES,Animais na Pista,Atropelamento de animal,Sem Vítimas,Anoitecer,Decrescente,Ceu Claro,Simples,Reta,Rural,2012,1,0,0,0,1,0,0,1
1093701,2012-04-14,Sábado,19:00:00,RN,101,103.0,PARNAMIRIM,Ingestão de álcool,Colisão traseira,Com Vítimas Feridas,Plena noite,Crescente,Ceu Claro,Múltipla,Reta,Urbano,2012,2,0,0,1,1,0,1,2
1093708,2012-04-18,Quarta,13:50:00,RN,101,94.2,NATAL,Falta de atenção,Colisão traseira,Sem Vítimas,Pleno dia,Decrescente,Ceu Claro,Dupla,Curva,Urbano,2012,2,0,0,0,2,0,0,2
1093728,2012-04-18,Quarta,16:15:00,RN,101,99.4,NATAL,Não guardar distância de segurança,Colisão traseira,Sem Vítimas,Pleno dia,Crescente,Sol,Múltipla,Reta,Urbano,2012,2,0,0,0,2,0,0,2
1093775,2012-04-18,Quarta,13:30:00,RN,304,46.5,MOSSORO,Falta de atenção,Colisão Transversal,Sem Vítimas,Pleno dia,Decrescente,Ceu Claro,Dupla,Reta,Urbano,2012,2,0,0,0,2,0,0,2
1093813,2012-04-18,Quarta,18:40:00,RN,226,384.3,ANTONIO MARTINS,Outras,Colisão traseira,Com Vítimas Fatais,Plena noite,Decrescente,Ceu Claro,Simples,Reta,Rural,2012,2,1,0,0,1,0,0,2
1093899,2012-04-19,Quinta,07:20:00,RN,101,104.4,PARNAMIRIM,Falta de atenção,Colisão lateral,Com Vítimas Feridas,Pleno dia,Decrescente,Ceu Claro,Dupla,Reta,Urbano,2012,2,0,1,0,1,0,1,2
1093902,2012-04-19,Quinta,08:20:00,RN,304,210.0,LAJES,Defeito mecânico em veículo,Colisão com objeto móvel,Sem Vítimas,Pleno dia,Crescente,Ceu Claro,Simples,Reta,Urbano,2012,2,0,0,0,2,0,0,2
1093947,2012-04-19,Quinta,08:40:00,RN,101,94.2,NATAL,Desobediência à sinalização,Colisão lateral,Sem Vítimas,Pleno dia,Decrescente,Sol,Dupla,Reta,Urbano,2012,2,0,0,0,2,0,0,2
1094025,2012-04-19,Quinta,14:00:00,RN,304,306.7,PARNAMIRIM,Outras,Colisão Transversal,Com Vítimas Feridas,Pleno dia,Crescente,Sol,Múltipla,Cruzamento,Urbano,2012,2,0,1,0,1,0,1,2
1094208,2012-04-19,Quinta,18:20:00,RN,405,61.0,FELIPE GUERRA,Animais na Pista,Atropelamento de animal,Sem Vítimas,Plena noite,Crescente,Ceu Claro,Simples,Reta,Rural,2012,1,0,0,0,1,0,0,1
1094369,2012-04-20,Sexta,07:30:00,RN,304,78.9,MOSSORO,Ultrapassagem indevida,Colisão frontal,Com Vítimas Feridas,Pleno dia,Crescente,Ceu Claro,Simples,Reta,Rural,2012,2,0,0,1,1,0,1,2
1094408,2012-04-20,Sexta,08:15:00,RN,101,97.9,NATAL,Falta de atenção,Colisão traseira,Sem Vítimas,Pleno dia,Decrescente,Ceu Claro,Dupla,Cruzamento,Urbano,2012,2,0,0,0,2,0,0,2
1094422,2012-04-20,Sexta,06:50:00,RN,101,97.7,NATAL,Outras,Colisão Transversal,Sem Vítimas,Pleno dia,Decrescente,Ceu Claro,Dupla,Reta,Urbano,2012,2,0,0,0,2,0,0,2
1094425,2012-04-20,Sexta,10:00:00,RN,304,78.9,MOSSORO,Outras,Colisão lateral,Sem Vítimas,Pleno dia,Decrescente,Sol,Simples,Reta,Rural,2012,2,0,0,0,2,0,0,2
1094471,2012-04-20,Sexta,09:00:00,RN,101,95.2,NATAL,Desobediência à sinalização,Colisão Transversal,Com Vítimas Feridas,Pleno dia,Crescente,Sol,Dupla,Reta,Urbano,2012,2,0,0,1,1,0,1,2