id,data_inversa,dia_semana,horario,uf,br,km,municipio,causa_acidente,tipo_acidente,classificacao_acidente,fase_dia,sentido_via,condicao_metereologica,tipo_pista,tracado_via,uso_solo,ano,pessoas,mortos,feridos_leves,feridos_graves,ilesos,ignorados,feridos,veiculos
1094518,2012-04-20,Sexta,10:50:00,RN,304,296.5,MACAIBA,Falta de atenção,Colisão traseira,Sem Vítimas,Pleno dia,Crescente,Ceu Claro,Simples,Reta,Urbano,2012,3,0,0,0,3,0,0,3
1094549,2012-04-20,Sexta,16:00:00,RN,101,78.0,SAO GONCALO DO AMARANTE,Falta de atenção,Colisão lateral,Com Vítimas Feridas,Pleno dia,Crescente,Ceu Claro,Dupla,Reta,Urbano,2012,3,0,1,1,1,0,2,2
1094620,2012-04-20,Sexta,14:30:00,RN,101,107.0,PARNAMIRIM,Não guardar distância de segurança,Colisão traseira,Sem Vítimas,Pleno dia,Decrescente,Sol,Dupla,Cruzamento,Urbano,2012,2,0,0,0,2,0,0,2
1094689,2012-04-20,Sexta,20:30:00,RN,101,97.5,NATAL,Outras,Atropelamento de pessoa,Com Vítimas Feridas,Plena noite,Decrescente,Ceu Claro,Dupla,Reta,Urbano,2012,5,0,0,1,4,0,1,4
1094718,2012-04-20,Sexta,17:40:00,RN,101,101.9,PARNAMIRIM,Não guardar distância de segurança,Colisão traseira,Sem Vítimas,Anoitecer,Crescente,Vento,Dupla,Reta,Urbano,2012,2,0,0,0,2,0,0,2
1094720,2012-04-20,Sexta,19:40:00,RN,101,96.9,NATAL,Não guardar distância de segurança,Colisão lateral,Sem Vítimas,Plena noite,Crescente,Ceu Claro,Dupla,Cruzamento,Urbano,2012,2,0,0,0,2,0,0,2
1094753,2012-04-20,Sexta,21:10:00,RN,304,36.4,MOSSORO,Desobediência à sinalização,Colisão frontal,Sem Vítimas,Plena noite,Decrescente,Ceu Claro,Simples,Cruzamento,Urbano,2012,2,0,0,0,1,1,0,2
1094927,2012-04-20,Sexta,01:05:00,RN,304,304.5,MACAIBA,Falta de atenção,Colisão traseira,Sem Vítimas,Plena noite,Crescente,Ceu Claro,Dupla,Reta,Rural,2012,2,0,0,0,2,0,0,2
1094982,2012-04-17,Terça,11:05:00,RN,101,83.5,NATAL,Falta de atenção,Colisão lateral,Sem Vítimas,Pleno dia,Decrescente,Ceu Claro,Simples,Reta,Urbano,2012,2,0,0,0,2,0,0,2
1094990,2012-04-21,Sábado,05:45:00,RN,405,0.6,MOSSORO,Outras,Colisão lateral,Com Vítimas Fatais,Pleno dia,Decrescente,Ceu Claro,Dupla,Reta,Urbano,2012,3,1,1,0,1,0,1,2
1094992,2012-04-21,Sábado,07:00:00,RN,101,176.3,CANGUARETAMA,Outras,Capotamento,Sem Vítimas,Pleno dia,Crescente,Nublado,Dupla,Reta,Rural,2012,1,0,0,0,1,0,0,1
1095025,2012-04-19,Quinta,11:00:00,RN,427,106.1,CAICO,Falta de atenção,Colisão lateral,Com Vítimas Feridas,Pleno dia,Crescente,Ceu Claro,Simples,Reta,Rural,2012,3,0,1,1,1,0,2,2
1095072,2012-04-18,Quarta,03:40:00,RN,304,296.0,MACAIBA,Dormindo,Colisão traseira,Sem Vítimas,Plena noite,Decrescente,Ceu Claro,Simples,Reta,Rural,2012,2,0,0,0,2,0,0,2
1095105,2012-04-21,Sábado,13:10:00,RN,101,98.1,NATAL,Falta de atenção,Colisão traseira,Sem Vítimas,Pleno dia,Decrescente,Nublado,Dupla,Reta,Urbano,2012,2,0,0,0,2,0,0,2
1095113,2012-04-20,Sexta,20:40:00,RN,101,126.9,SAO JOSE DE MIPIBU,Outras,Atropelamento de animal,Sem Vítimas,Plena noite,Crescente,Ceu Claro,Dupla,Reta,Rural,2012,1,0,0,0,1,0,0,1
1095114,2012-04-21,Sábado,12:15:00,RN,304,70.3,MOSSORO,Falta de atenção,Saída de Pista,Com Vítimas Feridas,Pleno dia,Decrescente,Sol,Simples,Reta,Rural,2012,2,0,1,0,0,1,1,2
1095123,2012-04-21,Sábado,02:50:00,RN,101,104.4,PARNAMIRIM,Ingestão de álcool,Queda de motocicleta / bicicleta / veículo,Com Vítimas Feridas,Plena noite,Crescente,Ceu Claro,Múltipla,Curva,Urbano,2012,1,0,1,0,0,0,1,1
1095170,2012-04-17,Terça,09:45:00,RN,101,101.9,PARNAMIRIM,Falta de atenção,Colisão lateral,Sem Vítimas,Pleno dia,Decrescente,Nublado,Dupla,Reta,Urbano,2012,2,0,0,0,2,0,0,2
1095174,2012-04-17,Terça,10:10:00,RN,101,101.9,PARNAMIRIM,Não guardar distância de segurança,Colisão traseira,Com Vítimas Feridas,Pleno dia,Decrescente,Nublado,Dupla,Reta,Urbano,2012,2,0,1,0,1,0,1,2
1095175,2012-04-21,Sábado,09:00:00,RN,101,160.0,CANGUARETAMA,Velocidade incompatível,Colisão com objeto fixo,Com Vítimas Feridas,Pleno dia,Crescente,Ceu Claro,Dupla,Curva,Urbano,2012,1,0,1,0,0,0,1,1
1095184,2012-04-21,Sábado,15:50:00,RN,101,107.2,PARNAMIRIM,Não guardar distância de segurança,Colisão lateral,Com Vítimas Fatais,Pleno dia,Decrescente,Ceu Claro,Dupla,Reta,Urbano,2012,3,1,1,0,1,0,1,2
1095186,2012-04-21,Sábado,14:20:00,RN,101,121.5,SAO JOSE DE MIPIBU,Falta de atenção,Colisão traseira,Com Vítimas Feridas,Pleno dia,Decrescente,Ceu Claro,Dupla,Reta,Rural,2012,2,0,1,0,1,0,1,2
1095196,2012-04-21,Sábado,19:00:00,RN,304,24.5,MOSSORO,Defeito mecânico em veículo,Saída de Pista,Sem Vítimas,Plena noite,Decrescente,Ceu Claro,Simples,Reta,Rural,2012,1,0,0,0,1,0,0,1
1095244,2012-04-21,Sábado,20:30:00,RN,101,107.3,PARNAMIRIM,Outras,Colisão traseira,Sem Vítimas,Plena noite,Crescente,Nublado,Dupla,Reta,Urbano,2012,2,0,0,0,1,1,0,2
1095489,2012-04-19,Quinta,14:40:00,RN,304,119.2,ITAJA,Falta de atenção,Colisão Transversal,Sem Vítimas,Pleno dia,Decrescente,Sol,Simples,Cruzamento,Rural,2012,2,0,0,0,2,0,0,2
1095580,2012-04-19,Quinta,06:25:00,RN,304,294.3,MACAIBA,Não guardar distância de segurança,Colisão traseira,Com Vítimas Feridas,Pleno dia,Decrescente,Ceu Claro,Simples,Reta,Urbano,2012,2,0,1,0,1,0,1,2
1095606,2012-04-22,Domingo,13:30:00,RN,304,282.0,MACAIBA,Outras,Colisão traseira,Com Vítimas Feridas,Pleno dia,Crescente,Ceu Claro,Simples,Reta,Rural,2012,2,0,1,0,1,0,1,2
1095680,2012-04-22,Domingo,10:50:00,RN,304,236.5,RIACHUELO,Outras,Colisão Transversal,Com Vítimas Feridas,Pleno dia,Decrescente,Ceu Claro,Simples,Cruzamento,Rural,2012,3,0,0,2,0,1,2,2
1095760,2012-04-22,Domingo,16:30:00,RN,304,35.0,MOSSORO,Desobediência à sinalização,Colisão lateral,Com Vítimas Feridas,Pleno dia,Crescente,Ceu Claro,Simples,Cruzamento,Urbano,2012,3,0,1,1,1,0,2,2
1095812,2012-04-22,Domingo,19:20:00,RN,101,103.8,PARNAMIRIM,Outras,Colisão lateral,Com Vítimas Feridas,Plena noite,Decrescente,Nublado,Dupla,Reta,Urbano,2012,3,0,1,1,0,1,2,2
1096040,2012-04-22,Domingo,15:30:00,RN,304,45.6,MOSSORO,Falta de atenção,Queda de motocicleta / bicicleta / veículo,Com Vítimas Feridas,Pleno dia,Crescente,Sol,Dupla,Reta,Urbano,2012,1,0,1,0,0,0,1,1
1096044,2012-04-23,Segunda,07:50:00,RN,101,80.6,SAO GONCALO DO AMARANTE,Não guardar distância de segurança,Colisão traseira,Com Vítimas Feridas,Pleno dia,Crescente,Ceu Claro,Dupla,Cruzamento,Urbano,2012,2,0,1,0,0,1,1,2
1096069,2012-04-23,Segunda,11:25:00,RN,304,36.7,MOSSORO,Falta de atenção,Colisão lateral,Sem Vítimas,Pleno dia,Crescente,Ceu Claro,Simples,Reta,Urbano,2012,2,0,0,0,2,0,0,2
1096133,2012-04-22,Domingo,02:40:00,RN,304,115.2,ASSU,Animais na Pista,Atropelamento de animal,Com Vítimas Feridas,Plena noite,Decrescente,Ceu Claro,Simples,Reta,Rural,2012,2,0,0,2,0,0,2,1
1096145,2012-04-23,Segunda,14:50:00,RN,101,103.3,PARNAMIRIM,Falta de atenção,Colisão traseira,Sem Vítimas,(null),Decrescente,Sol,Múltipla,Cruzamento,Urbano,2012,2,0,0,0,2,0,0,2
1096158,2012-04-19,Quinta,21:45:00,RN,101,96.6,NATAL,Não guardar distância de segurança,Colisão traseira,Sem Vítimas,Plena noite,Decrescente,Ceu Claro,Múltipla,Curva,Urbano,2012,2,0,0,0,2,0,0,2
1096188,2012-04-23,Segunda,12:25:00,RN,101,95.4,NATAL,Desobediência à sinalização,Colisão Transversal,Sem Vítimas,Pleno dia,Crescente,Ceu Claro,Múltipla,Curva,Urbano,2012,3,0,0,0,3,0,0,2
1096193,2012-04-23,Segunda,08:30:00,RN,101,96.8,NATAL,Falta de atenção,Colisão lateral,Sem Vítimas,Pleno dia,Crescente,Ceu Claro,Múltipla,Reta,Urbano,2012,2,0,0,0,2,0,0,2
1096222,2012-04-23,Segunda,16:10:00,RN,406,164.0,SAO GONCALO DO AMARANTE,Outras,Colisão Transversal,Com Vítimas Feridas,Pleno dia,Decrescente,Sol,Simples,Reta,Rural,2012,2,0,1,0,1,0,1,2
1096245,2012-04-23,Segunda,13:00:00,RN,101,158.1,CANGUARETAMA,Outras,Capotamento,Sem Vítimas,Pleno dia,Decrescente,Ceu Claro,Dupla,Reta,Rural,2012,1,0,0,0,1,0,0,1
1096280,2012-04-23,Segunda,09:25:00,RN,304,296.6,MACAIBA,Outras,Colisão lateral,Sem Vítimas,Pleno dia,Crescente,Sol,Simples,Reta,Urbano,2012,2,0,0,0,2,0,0,2
1096281,2012-04-19,Quinta,13:00:00,RN,304,290.0,MACAIBA,Falta de atenção,Colisão lateral,Sem Vítimas,Pleno dia,Crescente,Sol,Simples,Reta,Rural,2012,3,0,0,0,3,0,0,3
1096519,2012-04-16,Segunda,23:00:00,RN,427,102.0,CAICO,Ingestão de álcool,Atropelamento de pessoa,Com Vítimas Feridas,Plena noite,Crescente,Ceu Claro,Simples,Curva,Urbano,2012,2,0,1,1,0,0,2,1
1096556,2012-04-21,Sábado,23:00:00,RN,101,97.8,NATAL,Outras,Colisão traseira,Com Vítimas Feridas,Plena noite,Decrescente,Ceu Claro,Dupla,Reta,Urbano,2012,2,0,0,1,1,0,1,2
1096572,2012-04-20,Sexta,16:00:00,RN,304,296.6,MACAIBA,Falta de atenção,Colisão lateral,Sem Vítimas,Pleno dia,Crescente,Sol,Simples,Reta,Rural,2012,2,0,0,0,2,0,0,2
1096631,2012-04-21,Sábado,08:30:00,RN,101,82.8,SAO GONCALO DO AMARANTE,Falta de atenção,Colisão lateral,Sem Vítimas,Pleno dia,Decrescente,Ceu Claro,Simples,Cruzamento,Urbano,2012,2,0,0,0,2,0,0,2
1096686,2012-04-17,Terça,18:20:00,RN,101,96.0,NATAL,Outras,Colisão traseira,Sem Vítimas,Plena noite,Crescente,Ceu Claro,Dupla,Reta,Urbano,2012,2,0,0,0,2,0,0,2
1096698,2012-04-20,Sexta,17:40:00,RN,406,147.0,CEARA-MIRIM,Outras,Colisão traseira,Com Vítimas Feridas,Anoitecer,Crescente,Ceu Claro,Simples,Reta,Urbano,2012,3,0,2,0,1,0,2,2
1096703,2012-04-24,Terça,06:30:00,RN,101,86.0,SAO GONCALO DO AMARANTE,Falta de atenção,Colisão traseira,Sem Vítimas,Pleno dia,Crescente,Ceu Claro,Simples,Reta,Urbano,2012,2,0,0,0,2,0,0,2
1096766,2012-04-24,Terça,16:00:00,RN,101,125.6,SAO JOSE DE MIPIBU,Falta de atenção,Colisão lateral,Com Vítimas Feridas,Pleno dia,Decrescente,Ceu Claro,Dupla,Cruzamento,Urbano,2012,3,0,1,1,1,0,2,2
1096795,2012-04-24,Terça,17:40:00,RN,101,96.7,NATAL,Defeito mecânico em veículo,Colisão com objeto móvel,Sem Vítimas,Pleno dia,Crescente,Ceu Claro,Dupla,Reta,Urbano,2012,2,0,0,0,2,0,0,2
1096816,2012-04-24,Terça,17:40:00,RN,304,301.1,MACAIBA,Falta de atenção,Colisão Transversal,Com Vítimas Feridas,Anoitecer,Decrescente,Ceu Claro,Dupla,Reta,Rural,2012,2,0,1,0,1,0,1,2
1096826,2012-04-24,Terça,19:30:00,RN,101,96.5,NATAL,Não guardar distância de segurança,Colisão traseira,Sem Vítimas,Plena noite,Crescente,Ceu Claro,Dupla,Reta,Urbano,2012,2,0,0,0,2,0,0,2
1096916,2012-04-25,Quarta,01:40:00,RN,101,129.9,SAO JOSE DE MIPIBU,Falta de atenção,Saída de Pista,Sem Vítimas,Plena noite,Decrescente,Chuva,Dupla,Cruzamento,Rural,2012,1,0,0,0,1,0,0,1
1096932,2012-04-24,Terça,13:50:00,RN,110,8.4,AREIA BRANCA,Outras,Colisão lateral,Com Vítimas Feridas,Pleno dia,Crescente,Sol,Simples,Curva,Rural,2012,2,0,0,1,1,0,1,2
1097009,2012-04-25,Quarta,08:20:00,RN,304,31.8,MOSSORO,Falta de atenção,Colisão traseira,Sem Vítimas,Pleno dia,Decrescente,Ceu Claro,Simples,Reta,Rural,2012,2,0,0,0,2,0,0,2
1097020,2012-04-24,Terça,13:20:00,RN,101,103.8,PARNAMIRIM,Falta de atenção,Colisão lateral,Sem Vítimas,Pleno dia,Decrescente,Ceu Claro,Dupla,Cruzamento,Urbano,2012,2,0,0,0,2,0,0,2
1097057,2012-04-21,Sábado,09:30:00,RN,304,158.1,FERNANDO PEDROZA,Outras,Saída de Pista,Com Vítimas Fatais,Pleno dia,Decrescente,Ceu Claro,Simples,Curva,Rural,2012,2,1,0,1,0,0,1,1
1097133,2012-04-21,Sábado,17:30:00,RN,406,146.0,CEARA-MIRIM,Outras,Colisão com objeto fixo,Ignorado,Anoitecer,Decrescente,Vento,Simples,Cruzamento,Urbano,2012,1,0,0,0,0,1,0,1
1097181,2012-04-25,Quarta,14:40:00,RN,304,44.9,MOSSORO,Outras,Saída de Pista,Com Vítimas Feridas,Pleno dia,Decrescente,Chuva,Dupla,Reta,Urbano,2012,2,0,1,0,1,0,1,1
1097237,2012-04-25,Quarta,07:20:00,RN,101,98.9,NATAL,Falta de atenção,Colisão traseira,Sem Vítimas,Pleno dia,Decrescente,Nublado,Dupla,Reta,Urbano,2012,2,0,0,0,2,0,0,2
1097278,2012-04-25,Quarta,17:20:00,RN,226,3.8,NATAL,Falta de atenção,Colisão Transversal,Com Vítimas Feridas,Anoitecer,Crescente,Ceu Claro,Simples,Reta,Urbano,2012,2,0,1,0,1,0,1,2
1097280,2012-04-25,Quarta,18:45:00,RN,304,35.0,MOSSORO,Outras,Colisão com bicicleta,Com Vítimas Feridas,Plena noite,Decrescente,Ceu Claro,Simples,Reta,Urbano,2012,2,0,0,1,1,0,1,2
1097301,2012-04-22,Domingo,16:50:00,RN,304,295.3,MACAIBA,Falta de atenção,Colisão traseira,Sem Vítimas,Pleno dia,Crescente,Ceu Claro,Simples,Reta,Urbano,2012,2,0,0,0,2,0,0,2
1097319,2012-04-25,Quarta,18:45:00,RN,101,106.0,PARNAMIRIM,Outras,Colisão Transversal,Com Vítimas Feridas,Plena noite,Crescente,Nublado,Dupla,Cruzamento,Urbano,2012,2,0,0,1,1,0,1,2
1097419,2012-04-25,Quarta,19:30:00,RN,304,17.7,MOSSORO,Outras,Colisão traseira,Com Vítimas Fatais,Plena noite,Crescente,Ceu Claro,Simples,Reta,Rural,2012,3,1,1,0,1,0,1,2
1097472,2012-04-22,Domingo,19:40:00,RN,226,3.3,MACAIBA,Falta de atenção,Colisão Transversal,Sem Vítimas,Plena noite,Crescente,Ceu Claro,Simples,Cruzamento,Urbano,2012,2,0,0,0,2,0,0,2
1097473,2012-04-26,Quinta,07:00:00,RN,101,109.0,PARNAMIRIM,Outras,Colisão Transversal,Sem Vítimas,Pleno dia,Crescente,Ceu Claro,Dupla,Reta,Urbano,2012,2,0,0,0,2,0,0,2
1097475,2012-04-24,Terça,17:45:00,RN,304,45.2,MOSSORO,Falta de atenção,Colisão traseira,Sem Vítimas,Anoitecer,Decrescente,Ceu Claro,Dupla,Reta,Urbano,2012,2,0,0,0,2,0,0,2
1097491,2012-04-22,Domingo,19:10:00,RN,226,6.0,NATAL,Ingestão de álcool,Colisão frontal,Com Vítimas Feridas,Plena noite,Decrescente,Ceu Claro,Simples,Reta,Urbano,2012,2,0,0,1,1,0,1,2
1097493,2012-04-18,Quarta,05:30:00,RN,405,1.0,MOSSORO,Não guardar distância de segurança,Colisão traseira,Sem Vítimas,Amanhecer,Crescente,Ceu Claro,Múltipla,Reta,Urbano,2012,2,0,0,0,2,0,0,2
1097591,2012-01-29,Domingo,17:15:00,RN,427,148.3,SERRA NEGRA DO NORTE,Desobediência à sinalização,Colisão Transversal,Com Vítimas Feridas,Pleno dia,Decrescente,Nublado,Simples,Cruzamento,Rural,2012,6,0,4,0,1,1,4,2
1097614,2012-04-22,Domingo,16:15:00,RN,101,107.8,PARNAMIRIM,Falta de atenção,Colisão traseira,Sem Vítimas,Pleno dia,Decrescente,Ceu Claro,Dupla,Reta,Urbano,2012,2,0,0,0,2,0,0,2
1097620,2012-04-24,Terça,04:30:00,RN,304,296.8,MACAIBA,Falta de atenção,Colisão traseira,Sem Vítimas,Amanhecer,Decrescente,Ceu Claro,Simples,Reta,Urbano,2012,2,0,0,0,2,0,0,2
1097639,2012-04-26,Quinta,13:40:00,RN,101,94.3,NATAL,Outras,Colisão lateral,Sem Vítimas,Pleno dia,Decrescente,Ceu Claro,Dupla,Reta,Urbano,2012,2,0,0,0,2,0,0,2
1097643,2012-04-26,Quinta,15:30:00,RN,101,96.7,NATAL,Outras,Colisão lateral,Sem Vítimas,Pleno dia,Crescente,Ceu Claro,Dupla,Reta,Urbano,2012,2,0,0,0,2,0,0,2
1097659,2012-04-23,Segunda,05:00:00,RN,101,97.7,NATAL,Falta de atenção,Colisão traseira,Com Vítimas Feridas,Amanhecer,Crescente,Ceu Claro,Dupla,Reta,Urbano,2012,2,0,0,1,1,0,1,2
1097830,2012-04-26,Quinta,04:40:00,RN,101,78.0,NATAL,Animais na Pista,Atropelamento de animal,Sem Vítimas,Amanhecer,Crescente,Ceu Claro,Dupla,Reta,Urbano,2012,2,0,0,0,2,0,0,2
1097884,2012-04-26,Quinta,20:20:00,RN,110,47.4,MOSSORO,Falta de atenção,Colisão traseira,Sem Vítimas,Plena noite,Crescente,Ceu Claro,Simples,Cruzamento,Urbano,2012,2,0,0,0,2,0,0,2
1097967,2012-04-24,Terça,09:30:00,RN,405,165.7,RAFAEL FERNANDES,Outras,Colisão lateral,Sem Vítimas,Pleno dia,Crescente,Sol,Simples,Reta,Rural,2012,2,0,0,0,2,0,0,2
1097972,2012-04-27,Sexta,07:00:00,RN,304,47.8,MOSSORO,Outras,Colisão lateral,Com Vítimas Feridas,Pleno dia,Decrescente,Sol,Simples,Reta,Urbano,2012,2,0,2,0,0,0,2,2
1098010,2012-04-23,Segunda,15:42:00,RN,110,48.0,MOSSORO,Outras,Colisão lateral,Sem Vítimas,Pleno dia,Decrescente,Sol,Dupla,Cruzamento,Urbano,2012,2,0,0,0,2,0,0,2
1098019,2012-04-27,Sexta,07:50:00,RN,101,106.5,PARNAMIRIM,Falta de atenção,Colisão lateral,Sem Vítimas,Pleno dia,Decrescente,Sol,Dupla,Reta,Urbano,2012,2,0,0,0,2,0,0,2
1098040,2012-04-23,Segunda,14:00:00,RN,101,99.9,NATAL,Falta de atenção,Colisão lateral,Sem Vítimas,Pleno dia,Crescente,Sol,Múltipla,Reta,Urbano,2012,2,0,0,0,2,0,0,2
1098069,2012-03-21,Quarta,12:10:00,RN,110,49.0,MOSSORO,Falta de atenção,Colisão lateral,Sem Vítimas,Pleno dia,Crescente,Ceu Claro,Dupla,Reta,Urbano,2012,2,0,0,0,2,0,0,2
1098102,2012-04-27,Sexta,11:50:00,RN,101,79.3,NATAL,Falta de atenção,Colisão lateral,Sem Vítimas,Pleno dia,Decrescente,Sol,Dupla,Reta,Rural,2012,2,0,0,0,2,0,0,2
1098115,2012-04-27,Sexta,12:15:00,RN,101,103.6,PARNAMIRIM,Falta de atenção,Colisão Transversal,Sem Vítimas,Pleno dia,Crescente,Ceu Claro,Múltipla,Reta,Urbano,2012,2,0,0,0,2,0,0,2
1098134,2012-04-27,Sexta,09:25:00,RN,101,107.7,PARNAMIRIM,Falta de atenção,Colisão traseira,Sem Vítimas,Pleno dia,Crescente,Ceu Claro,Dupla,Cruzamento,Urbano,2012,3,0,0,0,3,0,0,3
1098135,2012-04-23,Segunda,17:00:00,RN,101,97.3,NATAL,Falta de atenção,Colisão traseira,Sem Vítimas,Pleno dia,Decrescente,Ceu Claro,Múltipla,Reta,Urbano,2012,2,0,0,0,2,0,0,2
1098261,2012-04-27,Sexta,18:10:00,RN,110,47.8,MOSSORO,Desobediência à sinalização,Colisão Transversal,Com Vítimas Feridas,Plena noite,Decrescente,Ceu Claro,Simples,Reta,Urbano,2012,2,0,0,1,0,1,1,2
1098305,2012-04-27,Sexta,19:50:00,RN,304,31.8,MOSSORO,Falta de atenção,Colisão traseira,Com Vítimas Feridas,Plena noite,Crescente,Ceu Claro,Simples,Reta,Rural,2012,2,0,1,1,0,0,2,2
1098315,2012-04-27,Sexta,11:10:00,RN,304,242.4,RIACHUELO,Falta de atenção,Colisão Transversal,Sem Vítimas,Pleno dia,Decrescente,Ceu Claro,Simples,Reta,Urbano,2012,2,0,0,0,2,0,0,2
1098333,2012-04-27,Sexta,19:00:00,RN,101,97.0,NATAL,Outras,Colisão Transversal,Sem Vítimas,Plena noite,Decrescente,Ceu Claro,Simples,Reta,Urbano,2012,2,0,0,0,2,0,0,2
1098351,2012-04-27,Sexta,07:30:00,RN,427,97.9,CAICO,Falta de atenção,Colisão lateral,Com Vítimas Feridas,Pleno dia,Decrescente,Ceu Claro,Simples,Reta,Urbano,2012,2,0,1,0,1,0,1,2
1098415,2012-04-27,Sexta,18:25:00,RN,304,297.7,MACAIBA,Falta de atenção,Colisão lateral,Sem Vítimas,Plena noite,Decrescente,Ceu Claro,Simples,Curva,Urbano,2012,2,0,0,0,2,0,0,2
1098662,2012-04-28,Sábado,08:30:00,RN,101,107.0,PARNAMIRIM,Falta de atenção,Colisão traseira,Sem Vítimas,Pleno dia,Crescente,Ceu Claro,Dupla,Reta,Urbano,2012,2,0,0,0,2,0,0,2
1098744,2012-04-25,Quarta,08:00:00,RN,101,97.2,NATAL,Não guardar distância de segurança,Colisão traseira,Sem Vítimas,Pleno dia,Decrescente,Nublado,Dupla,Reta,Urbano,2012,2,0,0,0,2,0,0,2
1098745,2012-04-25,Quarta,06:30:00,RN,101,98.1,NATAL,Falta de atenção,Colisão traseira,Sem Vítimas,Pleno dia,Decrescente,Nublado,Dupla,Reta,Urbano,2012,2,0,0,0,2,0,0,2
1098781,2012-04-28,Sábado,11:40:00,RN,101,107.0,PARNAMIRIM,Desobediência à sinalização,Colisão lateral,Com Vítimas Feridas,Pleno dia,Crescente,Ceu Claro,Dupla,Cruzamento,Urbano,2012,2,0,1,0,1,0,1,2
1098888,2012-04-25,Quarta,17:35:00,RN,101,101.8,PARNAMIRIM,Desobediência à sinalização,Colisão Transversal,Com Vítimas Feridas,Plena noite,Decrescente,Ceu Claro,Dupla,Cruzamento,Urbano,2012,2,0,1,0,1,0,1,2
1098914,2012-04-28,Sábado,17:40:00,RN,226,128.7,LAJES PINTADAS,Dormindo,Colisão com bicicleta,Com Vítimas Feridas,Anoitecer,Decrescente,Ceu Claro,Simples,Reta,Rural,2012,4,0,1,3,0,0,4,3
1098985,2012-04-28,Sábado,17:10:00,RN,304,281.0,MACAIBA,Falta de atenção,Colisão Transversal,Com Vítimas Feridas,Anoitecer,Decrescente,Ceu Claro,Simples,Cruzamento,Urbano,2012,2,0,0,1,0,1,1,2
1099004,2012-04-20,Sexta,20:00:00,RN,226,14.2,MACAIBA,Outras,Colisão traseira,Com Vítimas Feridas,Plena noite,Decrescente,Ceu Claro,Simples,Reta,Rural,2012,3,0,1,1,0,1,2,2
1099116,2012-04-29,Domingo,02:10:00,RN,101,147.3,GOIANINHA,Falta de atenção,Colisão traseira,Sem Vítimas,Plena noite,Crescente,Ceu Claro,Dupla,Reta,Urbano,2012,2,0,0,0,2,0,0,2
1099168,2012-04-22,Domingo,01:40:00,RN,226,251.8,JUCURUTU,Não guardar distância de segurança,Colisão traseira,Com Vítimas Fatais,Plena noite,Decrescente,Ceu Claro,Simples,Reta,Rural,2012,3,2,0,1,0,0,1,2
1099173,2012-04-28,Sábado,12:15:00,RN,101,109.6,PARNAMIRIM,Falta de atenção,Colisão lateral,Sem Vítimas,Pleno dia,Crescente,Sol,Simples,Cruzamento,Urbano,2012,2,0,0,0,2,0,0,2
1099210,2012-04-29,Domingo,12:55:00,RN,101,101.9,PARNAMIRIM,Falta de atenção,Colisão Transversal,Sem Vítimas,Pleno dia,Crescente,Ceu Claro,Simples,Curva,Urbano,2012,2,0,0,0,2,0,0,2
1099219,2012-04-23,Segunda,04:30:00,RN,226,89.6,TANGARA,Animais na Pista,Atropelamento de animal,Com Vítimas Feridas,Amanhecer,Decrescente,Nublado,Simples,Curva,Rural,2012,2,0,1,0,1,0,1,2
1099231,2012-04-29,Domingo,11:11:00,RN,101,95.3,NATAL,Não guardar distância de segurança,Colisão lateral,Sem Vítimas,Pleno dia,Decrescente,Sol,Simples,Cruzamento,Urbano,2012,2,0,0,0,2,0,0,2
1099402,2012-04-29,Domingo,21:00:00,RN,226,116.2,SANTA CRUZ,Animais na Pista,Atropelamento de animal,Com Vítimas Feridas,Plena noite,Crescente,Ceu Claro,Simples,Reta,Rural,2012,2,0,2,0,0,0,2,1
1099428,2012-04-29,Domingo,11:35:00,RN,110,46.9,MOSSORO,Desobediência à sinalização,Colisão Transversal,Com Vítimas Feridas,Pleno dia,Crescente,Ceu Claro,Simples,Cruzamento,Urbano,2012,2,0,0,1,1,0,1,2
1099446,2012-04-23,Segunda,09:40:00,RN,304,70.4,MOSSORO,Não guardar distância de segurança,Colisão traseira,Com Vítimas Feridas,Pleno dia,Decrescente,Ceu Claro,Simples,Reta,Rural,2012,2,0,1,0,1,0,1,2
1099450,2012-04-29,Domingo,21:00:00,RN,101,101.8,PARNAMIRIM,Ingestão de álcool,Colisão traseira,Com Vítimas Feridas,Plena noite,Crescente,Ceu Claro,Dupla,Cruzamento,Urbano,2012,3,0,1,0,2,0,1,2
1099451,2012-04-29,Domingo,22:40:00,RN,101,116.5,SAO JOSE DE MIPIBU,Desobediência à sinalização,Queda de motocicleta / bicicleta / veículo,Com Vítimas Feridas,Plena noite,Crescente,Ceu Claro,Dupla,Cruzamento,Rural,2012,1,0,1,0,0,0,1,1
1099652,2012-04-30,Segunda,11:00:00,RN,101,97.5,NATAL,Não guardar distância de segurança,Colisão lateral,Sem Vítimas,Pleno dia,Crescente,Sol,Múltipla,Reta,Urbano,2012,3,0,0,0,1,2,0,3
1099705,2012-04-30,Segunda,11:10:00,RN,101,83.2,NATAL,Falta de atenção,Colisão lateral,Sem Vítimas,Pleno dia,Decrescente,Ceu Claro,Dupla,Reta,Urbano,2012,2,0,0,0,2,0,0,2