id,data_inversa,dia_semana,horario,uf,br,km,municipio,causa_acidente,tipo_acidente,classificacao_acidente,fase_dia,sentido_via,condicao_metereologica,tipo_pista,tracado_via,uso_solo,ano,pessoas,mortos,feridos_leves,feridos_graves,ilesos,ignorados,feridos,veiculos
1105827,2012-05-12,Sábado,09:00:00,RN,304,307.7,PARNAMIRIM,Outras,Colisão Transversal,Com Vítimas Feridas,Pleno dia,Decrescente,Nevoeiro/neblina,Dupla,Cruzamento,Urbano,2012,3,0,2,0,1,0,2,2
1105857,2012-05-12,Sábado,12:40:00,RN,226,153.2,CURRAIS NOVOS,Dormindo,Tombamento,Sem Vítimas,Pleno dia,Decrescente,Ceu Claro,Simples,Reta,Rural,2012,1,0,0,0,1,0,0,1
1105882,2012-05-12,Sábado,12:00:00,RN,101,95.4,NATAL,Ingestão de álcool,Tombamento,Com Vítimas Feridas,Pleno dia,Crescente,Sol,Dupla,Reta,Urbano,2012,1,0,1,0,0,0,1,1
1105886,2012-05-06,Domingo,22:00:00,RN,427,28.2,ACARI,Animais na Pista,Atropelamento de animal,Com Vítimas Feridas,Plena noite,Crescente,Ceu Claro,Simples,Reta,Urbano,2012,1,0,1,0,0,0,1,1
1105903,2012-05-06,Domingo,20:15:00,RN,101,110.0,PARNAMIRIM,Outras,Queda de motocicleta / bicicleta / veículo,Com Vítimas Feridas,Plena noite,Decrescente,Ceu Claro,Dupla,Reta,Urbano,2012,1,0,0,1,0,0,1,1
1105908,2012-05-12,Sábado,15:30:00,RN,101,95.8,MACAIBA,Outras,Colisão traseira,Sem Vítimas,Pleno dia,Decrescente,Ceu Claro,Dupla,Reta,Urbano,2012,2,0,0,0,2,0,0,2
1105918,2012-05-12,Sábado,13:25:00,RN,101,100.4,PARNAMIRIM,Ultrapassagem indevida,Colisão traseira,Sem Vítimas,Pleno dia,Crescente,Sol,Dupla,Reta,Urbano,2012,2,0,0,0,2,0,0,2
1105923,2012-05-11,Sexta,00:30:00,RN,101,96.4,NATAL,Velocidade incompatível,Colisão Transversal,Sem Vítimas,Pleno dia,Crescente,Ceu Claro,Dupla,Curva,Urbano,2012,2,0,0,0,2,0,0,2
1105946,2012-05-12,Sábado,15:05:00,RN,304,289.8,MACAIBA,Falta de atenção,Colisão traseira,Sem Vítimas,Pleno dia,Decrescente,Ceu Claro,Simples,Reta,Rural,2012,2,0,0,0,2,0,0,2
1106022,2012-05-12,Sábado,14:15:00,RN,101,68.9,EXTREMOZ,Outras,Colisão Transversal,Sem Vítimas,Pleno dia,Decrescente,Ceu Claro,Simples,Cruzamento,Rural,2012,2,0,0,0,1,1,0,2
1106028,2012-05-12,Sábado,09:10:00,RN,101,96.8,NATAL,Outras,Colisão traseira,Sem Vítimas,Pleno dia,Crescente,Chuva,Dupla,Reta,Urbano,2012,2,0,0,0,2,0,0,2
1106129,2012-05-13,Domingo,00:10:00,RN,304,305,PARNAMIRIM,Outras,Atropelamento de pessoa,Com Vítimas Fatais,Plena noite,Decrescente,Nublado,Dupla,Reta,Urbano,2012,2,1,0,0,1,0,0,1
1106144,2012-05-13,Domingo,02:20:00,RN,406,165.2,SAO GONCALO DO AMARANTE,Ingestão de álcool,Capotamento,Sem Vítimas,Plena noite,Crescente,Ceu Claro,Simples,Reta,Urbano,2012,1,0,0,0,1,0,0,1
1106162,2012-05-12,Sábado,23:30:00,RN,101,125.9,SAO JOSE DE MIPIBU,Outras,Atropelamento de pessoa,Com Vítimas Feridas,Plena noite,Decrescente,Ceu Claro,Dupla,Reta,Rural,2012,2,0,0,1,1,0,1,1
1106255,2012-05-10,Quinta,12:40:00,RN,101,98.7,NATAL,Animais na Pista,Atropelamento de animal,Sem Vítimas,Pleno dia,Crescente,Ceu Claro,Dupla,Reta,Urbano,2012,2,0,0,0,2,0,0,2
1106379,2012-05-13,Domingo,14:10:00,RN,406,101.2,JOAO CAMARA,Outras,Saída de Pista,Sem Vítimas,Pleno dia,Decrescente,Sol,Simples,Reta,Rural,2012,2,0,0,0,1,1,0,2
1106384,2012-05-13,Domingo,11:30:00,RN,304,284.4,MACAIBA,Falta de atenção,Capotamento,Com Vítimas Feridas,Pleno dia,Crescente,Sol,Simples,Reta,Rural,2012,2,0,2,0,0,0,2,1
1106438,2012-05-13,Domingo,10:00:00,RN,101,103.5,PARNAMIRIM,Falta de atenção,Colisão traseira,Sem Vítimas,Pleno dia,Decrescente,Ceu Claro,Múltipla,Reta,Urbano,2012,2,0,0,0,2,0,0,2
1106493,2012-05-13,Domingo,16:10:00,RN,406,98.2,JOAO CAMARA,Outras,Colisão Transversal,Com Vítimas Feridas,Pleno dia,Decrescente,Sol,Simples,Reta,Rural,2012,3,0,0,2,0,1,2,2
1106723,2012-05-12,Sábado,06:15:00,RN,304,48.3,MOSSORO,Falta de atenção,Colisão Transversal,Com Vítimas Feridas,Pleno dia,Decrescente,Ceu Claro,Simples,Reta,Urbano,2012,3,0,2,0,1,0,2,2
1106730,2012-05-12,Sábado,23:00:00,RN,101,108.3,PARNAMIRIM,Outras,Colisão traseira,Sem Vítimas,Plena noite,Decrescente,Nublado,Dupla,Cruzamento,Urbano,2012,2,0,0,0,2,0,0,2
1106744,2012-05-12,Sábado,04:15:00,RN,405,156.5,RAFAEL FERNANDES,Outras,Colisão frontal,Com Vítimas Fatais,Plena noite,Decrescente,Ceu Claro,Simples,Reta,Rural,2012,2,1,0,0,0,1,0,2
1106837,2012-05-13,Domingo,04:00:00,RN,226,115,SANTA CRUZ,Outras,Capotamento,Ignorado,Plena noite,Decrescente,Ceu Claro,Simples,Reta,Rural,2012,1,0,0,0,0,1,0,1
1106887,2012-05-02,Quarta,07:00:00,RN,110,5,AREIA BRANCA,Outras,Colisão Transversal,Com Vítimas Feridas,Pleno dia,Crescente,Sol,Simples,Reta,Rural,2012,3,0,0,1,2,0,1,3
1106915,2012-05-14,Segunda,12:40:00,RN,101,83.1,SAO GONCALO DO AMARANTE,Falta de atenção,Colisão traseira,Sem Vítimas,Pleno dia,Decrescente,Ceu Claro,Dupla,Reta,Urbano,2012,2,0,0,0,2,0,0,2
1106927,2012-05-14,Segunda,08:50:00,RN,101,96.5,NATAL,Outras,Colisão traseira,Sem Vítimas,Pleno dia,Decrescente,Ceu Claro,Dupla,Reta,Urbano,2012,2,0,0,0,2,0,0,2
1106952,2012-05-14,Segunda,13:10:00,RN,101,94.2,NATAL,Falta de atenção,Colisão traseira,Sem Vítimas,Pleno dia,Decrescente,Ceu Claro,Dupla,Reta,Urbano,2012,4,0,0,0,4,0,0,4
1106981,2012-05-04,Sexta,19:35:00,RN,101,112,PARNAMIRIM,Outras,Colisão lateral,Com Vítimas Feridas,Plena noite,Crescente,Ceu Claro,Dupla,Reta,Rural,2012,2,0,1,0,1,0,1,2
1106996,2012-05-06,Domingo,21:00:00,RN,101,96.8,NATAL,Ingestão de álcool,Colisão com objeto fixo,Sem Vítimas,Plena noite,Crescente,Ceu Claro,Dupla,Curva,Urbano,2012,1,0,0,0,1,0,0,1
1107013,2012-05-08,Terça,07:45:00,RN,101,106,PARNAMIRIM,Não guardar distância de segurança,Colisão traseira,Sem Vítimas,Pleno dia,Crescente,Ceu Claro,Dupla,Reta,Urbano,2012,2,0,0,0,2,0,0,2
1107028,2012-05-08,Terça,10:20:00,RN,101,101.5,PARNAMIRIM,Outras,Colisão lateral,Sem Vítimas,Pleno dia,Decrescente,Ceu Claro,Dupla,Reta,Urbano,2012,3,0,0,0,2,1,0,3
1107123,2012-05-14,Segunda,07:25:00,RN,110,21.5,MOSSORO,Outras,Saída de Pista,Com Vítimas Feridas,Pleno dia,Crescente,Sol,Simples,Reta,Rural,2012,1,0,1,0,0,0,1,1
1107133,2012-05-14,Segunda,18:00:00,RN,110,46.9,MOSSORO,Não guardar distância de segurança,Colisão traseira,Sem Vítimas,Plena noite,Crescente,Ceu Claro,Simples,Reta,Rural,2012,2,0,0,0,2,0,0,2
1107137,2012-05-14,Segunda,18:35:00,RN,110,50,MOSSORO,Falta de atenção,Colisão Transversal,Sem Vítimas,Plena noite,Crescente,Ceu Claro,Simples,Curva,Urbano,2012,2,0,0,0,2,0,0,2
1107236,2012-05-10,Quinta,17:40:00,RN,101,96.5,NATAL,Outras,Colisão lateral,Sem Vítimas,Anoitecer,Decrescente,Ceu Claro,Múltipla,Cruzamento,Urbano,2012,2,0,0,0,2,0,0,2
1107251,2012-05-14,Segunda,17:30:00,RN,101,82.2,NATAL,Outras,Atropelamento de pessoa,Com Vítimas Feridas,Anoitecer,Decrescente,Ceu Claro,Dupla,Reta,Urbano,2012,2,0,0,1,0,1,1,1
1107424,2012-05-11,Sexta,10:15:00,RN,101,96.6,NATAL,Defeito mecânico em veículo,Colisão com objeto móvel,Sem Vítimas,Pleno dia,Crescente,Ceu Claro,Múltipla,Curva,Urbano,2012,2,0,0,0,2,0,0,2
1107469,2012-05-12,Sábado,19:15:00,RN,304,178.1,ANGICOS,Outras,Queda de motocicleta / bicicleta / veículo,Com Vítimas Fatais,Plena noite,Decrescente,Ceu Claro,Simples,Reta,Rural,2012,2,1,0,0,0,1,0,2
1107559,2012-05-06,Domingo,23:00:00,RN,304,163.1,FERNANDO PEDROZA,Dormindo,Tombamento,Com Vítimas Feridas,Plena noite,Crescente,Ceu Claro,Simples,Curva,Rural,2012,1,0,1,0,0,0,1,1
1107593,2012-05-15,Terça,10:10:00,RN,101,84,SAO GONCALO DO AMARANTE,Não guardar distância de segurança,Colisão traseira,Sem Vítimas,Pleno dia,Crescente,Ceu Claro,Simples,Reta,Urbano,2012,3,0,0,0,3,0,0,3
1107620,2012-05-15,Terça,09:10:00,RN,101,85,SAO GONCALO DO AMARANTE,Falta de atenção,Colisão traseira,Sem Vítimas,Pleno dia,Crescente,Ceu Claro,Dupla,Curva,Urbano,2012,3,0,0,0,3,0,0,3
1107623,2012-05-14,Segunda,07:10:00,RN,101,99.8,PARNAMIRIM,Falta de atenção,Colisão lateral,Sem Vítimas,Pleno dia,Decrescente,Ceu Claro,Múltipla,Reta,Urbano,2012,2,0,0,0,2,0,0,2
1107655,2012-05-15,Terça,06:50:00,RN,101,96.8,NATAL,Não guardar distância de segurança,Colisão traseira,Sem Vítimas,Pleno dia,Decrescente,Ceu Claro,Dupla,Reta,Urbano,2012,2,0,0,0,2,0,0,2
1107703,2012-05-15,Terça,09:55:00,RN,101,101.8,PARNAMIRIM,Falta de atenção,Colisão traseira,Sem Vítimas,Pleno dia,Crescente,Ceu Claro,Dupla,Reta,Urbano,2012,2,0,0,0,2,0,0,2
1107705,2012-05-15,Terça,12:00:00,RN,101,126,SAO JOSE DE MIPIBU,Outras,Capotamento,Com Vítimas Feridas,Pleno dia,Decrescente,Ceu Claro,Dupla,Reta,Urbano,2012,1,0,1,0,0,0,1,1
1107732,2012-05-15,Terça,10:30:00,RN,304,296.5,MACAIBA,Outras,Colisão Transversal,Sem Vítimas,Pleno dia,Crescente,Ceu Claro,Simples,Cruzamento,Urbano,2012,2,0,0,0,2,0,0,2
1107743,2012-05-12,Sábado,20:10:00,RN,101,96.5,NATAL,Não guardar distância de segurança,Colisão traseira,Sem Vítimas,Plena noite,Decrescente,Nublado,Múltipla,Reta,Urbano,2012,2,0,0,0,2,0,0,2
1107792,2012-05-15,Terça,18:20:00,RN,101,80,SAO GONCALO DO AMARANTE,Desobediência à sinalização,Colisão Transversal,Com Vítimas Feridas,Plena noite,Crescente,Ceu Claro,Dupla,Reta,Urbano,2012,3,0,2,0,1,0,2,2
1107802,2012-05-15,Terça,10:00:00,RN,101,98,NATAL,Desobediência à sinalização,Colisão lateral,Sem Vítimas,Pleno dia,Decrescente,Ceu Claro,Simples,Curva,Urbano,2012,2,0,0,0,2,0,0,2
1107828,2012-05-15,Terça,16:00:00,RN,101,94.3,NATAL,Falta de atenção,Colisão traseira,Sem Vítimas,Pleno dia,Crescente,Ceu Claro,Dupla,Reta,Urbano,2012,2,0,0,0,2,0,0,2
1108120,2012-05-12,Sábado,17:50:00,RN,406,140,CEARA-MIRIM,Outras,Colisão traseira,Com Vítimas Feridas,Plena noite,Decrescente,Ceu Claro,Simples,Reta,Rural,2012,2,0,1,0,1,0,1,2
1108123,2012-05-16,Quarta,09:20:00,RN,101,97.5,NATAL,Outras,Colisão traseira,Com Vítimas Feridas,Pleno dia,Decrescente,Ceu Claro,Dupla,Reta,Urbano,2012,2,0,0,1,1,0,1,2
1108162,2012-05-04,Sexta,11:30:00,RN,101,105,PARNAMIRIM,Outras,Atropelamento de pessoa,Com Vítimas Feridas,Pleno dia,Decrescente,Ceu Claro,Simples,Curva,Urbano,2012,3,0,3,0,0,0,3,1
1108280,2012-05-16,Quarta,15:30:00,RN,406,159.3,SAO GONCALO DO AMARANTE,Não guardar distância de segurança,Colisão traseira,Sem Vítimas,Pleno dia,Decrescente,Ceu Claro,Simples,Reta,Rural,2012,2,0,0,0,2,0,0,2
1108338,2012-05-16,Quarta,13:30:00,RN,304,35.5,MOSSORO,Outras,Colisão traseira,Sem Vítimas,Pleno dia,Crescente,Ceu Claro,Simples,Curva,Urbano,2012,2,0,0,0,2,0,0,2
1108365,2012-05-15,Terça,20:50:00,RN,101,95.2,NATAL,Outras,Colisão traseira,Sem Vítimas,Plena noite,Crescente,Ceu Claro,Múltipla,Reta,Urbano,2012,2,0,0,0,2,0,0,2
1108577,2012-05-17,Quinta,09:45:00,RN,406,157.3,CEARA-MIRIM,Defeito mecânico em veículo,Colisão com objeto móvel,Sem Vítimas,Pleno dia,Decrescente,Sol,Simples,Reta,Rural,2012,2,0,0,0,2,0,0,2
1108582,2012-05-13,Domingo,06:40:00,RN,427,103,CAICO,Outras,Colisão Transversal,Com Vítimas Feridas,Pleno dia,Decrescente,Ceu Claro,Simples,Curva,Urbano,2012,3,0,1,1,0,1,2,2
1108588,2012-05-14,Segunda,04:55:00,RN,226,106.3,SANTA CRUZ,Falta de atenção,Colisão lateral,Com Vítimas Feridas,Amanhecer,Decrescente,Ceu Claro,Simples,Reta,Rural,2012,2,0,1,1,0,0,2,2
1108615,2012-05-13,Domingo,21:00:00,RN,101,104.4,PARNAMIRIM,Falta de atenção,Colisão lateral,Com Vítimas Feridas,Plena noite,Crescente,Ceu Claro,Dupla,Cruzamento,Urbano,2012,2,0,1,0,0,1,1,2
1108698,2012-04-24,Terça,07:15:00,RN,226,4.4,NATAL,Outras,Atropelamento de pessoa,Com Vítimas Fatais,Pleno dia,Decrescente,Sol,Simples,Reta,Urbano,2012,2,1,0,0,1,0,0,1
1108701,2012-05-17,Quinta,13:40:00,RN,101,76.7,SAO GONCALO DO AMARANTE,Outras,Queda de motocicleta / bicicleta / veículo,Com Vítimas Feridas,Pleno dia,Crescente,Sol,Dupla,Reta,Rural,2012,1,0,0,1,0,0,1,1
1108718,2012-05-17,Quinta,15:50:00,RN,406,162,SAO GONCALO DO AMARANTE,Falta de atenção,Colisão Transversal,Com Vítimas Feridas,Pleno dia,Decrescente,Sol,Simples,Reta,Urbano,2012,2,0,1,0,1,0,1,2
1108776,2012-03-14,Quarta,04:50:00,RN,226,173.2,CURRAIS NOVOS,Ultrapassagem indevida,Colisão lateral,Com Vítimas Feridas,Amanhecer,Crescente,Ceu Claro,Simples,Reta,Rural,2012,4,0,1,2,1,0,3,3
1108788,2012-05-17,Quinta,07:30:00,RN,101,99.9,PARNAMIRIM,Não guardar distância de segurança,Colisão traseira,Sem Vítimas,Pleno dia,Decrescente,Ceu Claro,Múltipla,Cruzamento,Urbano,2012,2,0,0,0,2,0,0,2
1108806,2012-05-17,Quinta,16:30:00,RN,101,97.1,NATAL,Falta de atenção,Colisão traseira,Sem Vítimas,Pleno dia,Crescente,Ceu Claro,Dupla,Cruzamento,Urbano,2012,2,0,0,0,2,0,0,2
1108854,2012-05-17,Quinta,17:50:00,RN,101,97.1,PARNAMIRIM,Falta de atenção,Colisão traseira,Sem Vítimas,Anoitecer,Crescente,Ceu Claro,Dupla,Cruzamento,Urbano,2012,2,0,0,0,2,0,0,2
1108868,2012-05-17,Quinta,13:40:00,RN,226,1.6,NATAL,Defeito mecânico em veículo,Colisão com objeto fixo,Sem Vítimas,Pleno dia,Crescente,Ceu Claro,Dupla,Curva,Urbano,2012,1,0,0,0,1,0,0,1
1108873,2012-05-17,Quinta,18:45:00,RN,304,35,MOSSORO,Outras,Colisão lateral,Com Vítimas Feridas,Plena noite,Decrescente,Ceu Claro,Simples,Reta,Urbano,2012,2,0,0,1,0,1,1,2
1108965,2012-05-17,Quinta,16:30:00,RN,405,185,JOSE DA PENHA,Ingestão de álcool,Colisão traseira,Sem Vítimas,Pleno dia,Crescente,Ceu Claro,Simples,Reta,Rural,2012,2,0,0,0,2,0,0,2
1109059,2012-05-14,Segunda,18:50:00,RN,406,164.3,SAO GONCALO DO AMARANTE,Outras,Colisão lateral,Com Vítimas Feridas,Plena noite,Decrescente,Ceu Claro,Simples,Reta,Urbano,2012,3,0,0,1,2,0,1,3
1109119,2012-05-18,Sexta,08:00:00,RN,406,126.8,TAIPU,Outras,Colisão traseira,Sem Vítimas,Pleno dia,Crescente,Ceu Claro,Simples,Reta,Rural,2012,3,0,0,0,2,1,0,3
1109166,2012-05-18,Sexta,09:00:00,RN,304,294.3,MACAIBA,Outras,Colisão lateral,Sem Vítimas,Pleno dia,Crescente,Ceu Claro,Simples,Reta,Urbano,2012,2,0,0,0,2,0,0,2
1109182,2012-05-16,Quarta,19:30:00,RN,110,47.7,MOSSORO,Outras,Colisão traseira,Com Vítimas Feridas,Plena noite,Decrescente,Ceu Claro,Simples,Reta,Urbano,2012,2,0,1,0,1,0,1,2
1109343,2012-05-18,Sexta,14:00:00,RN,226,106.4,SANTA CRUZ,Falta de atenção,Colisão lateral,Com Vítimas Feridas,Pleno dia,Decrescente,Ceu Claro,Simples,Reta,Rural,2012,3,0,3,0,0,0,3,2
1109362,2012-05-18,Sexta,09:30:00,RN,304,306.5,PARNAMIRIM,Falta de atenção,Colisão Transversal,Com Vítimas Feridas,Pleno dia,Crescente,Ceu Claro,Dupla,Reta,Urbano,2012,2,0,1,0,1,0,1,2
1109370,2012-05-18,Sexta,15:00:00,RN,226,1,NATAL,Falta de atenção,Colisão Transversal,Com Vítimas Feridas,Pleno dia,Crescente,Ceu Claro,Dupla,Reta,Urbano,2012,2,0,1,0,1,0,1,2
1109397,2012-05-18,Sexta,14:00:00,RN,101,95.8,NATAL,Falta de atenção,Colisão Transversal,Sem Vítimas,Pleno dia,Crescente,Ceu Claro,Dupla,Cruzamento,Urbano,2012,2,0,0,0,2,0,0,2
1109443,2012-05-18,Sexta,14:30:00,RN,101,107.5,PARNAMIRIM,Falta de atenção,Colisão traseira,Sem Vítimas,Pleno dia,Decrescente,Ceu Claro,Dupla,Cruzamento,Urbano,2012,2,0,0,0,2,0,0,2
1109516,2012-05-18,Sexta,18:20:00,RN,101,96.8,NATAL,Não guardar distância de segurança,Colisão traseira,Sem Vítimas,Plena noite,Decrescente,Ceu Claro,Dupla,Reta,Urbano,2012,3,0,0,0,3,0,0,3
1109517,2012-05-18,Sexta,20:00:00,RN,101,161.2,CANGUARETAMA,Falta de atenção,Atropelamento de pessoa,Com Vítimas Feridas,Plena noite,Crescente,Ceu Claro,Múltipla,Reta,Urbano,2012,3,0,3,0,0,0,3,1
1109623,2012-05-21,Segunda,05:40:00,RN,226,57.6,SENADOR ELOI DE SOUZA,Animais na Pista,Atropelamento de animal,Sem Vítimas,Pleno dia,Decrescente,Ceu Claro,Dupla,Reta,Rural,2012,1,0,0,0,1,0,0,1
1109709,2012-05-18,Sexta,04:40:00,RN,304,55,MOSSORO,Animais na Pista,Atropelamento de animal,Com Vítimas Feridas,Amanhecer,Decrescente,Ignorada,Simples,Reta,Rural,2012,2,0,2,0,0,0,2,1
1109762,2012-05-21,Segunda,17:10:00,RN,101,108.4,PARNAMIRIM,Falta de atenção,Colisão traseira,Sem Vítimas,Pleno dia,Crescente,Ceu Claro,Múltipla,Cruzamento,Urbano,2012,2,0,0,0,2,0,0,2
1109799,2012-05-16,Quarta,18:55:00,RN,101,94.6,NATAL,Falta de atenção,Colisão traseira,Sem Vítimas,Plena noite,Crescente,Ceu Claro,Dupla,Reta,Urbano,2012,2,0,0,0,2,0,0,2
1109892,2012-05-18,Sexta,16:30:00,RN,101,101,PARNAMIRIM,Falta de atenção,Colisão traseira,Sem Vítimas,Pleno dia,Crescente,Ceu Claro,Dupla,Reta,Urbano,2012,3,0,0,0,3,0,0,3
1110057,2012-05-24,Quinta,18:10:00,RN,110,25.2,MOSSORO,Falta de atenção,Colisão Transversal,Com Vítimas Feridas,Plena noite,Crescente,Nublado,Simples,Cruzamento,Rural,2012,2,0,1,0,0,1,1,2
1110084,2012-05-19,Sábado,15:00:00,RN,101,123,SAO JOSE DE MIPIBU,Falta de atenção,Colisão traseira,Com Vítimas Feridas,Pleno dia,Decrescente,Chuva,Dupla,Reta,Rural,2012,5,0,2,0,3,0,2,3
1110093,2012-05-16,Quarta,17:20:00,RN,304,20.7,MOSSORO,Falta de atenção,Colisão traseira,Sem Vítimas,Anoitecer,Decrescente,Ceu Claro,Simples,Cruzamento,Urbano,2012,2,0,0,0,2,0,0,2
1110157,2012-05-20,Domingo,11:00:00,RN,226,85,TANGARA,Outras,Colisão Transversal,Com Vítimas Feridas,Pleno dia,Crescente,Ceu Claro,Simples,Cruzamento,Urbano,2012,2,0,1,0,1,0,1,2
1110171,2012-05-21,Segunda,06:50:00,RN,101,106.3,PARNAMIRIM,Falta de atenção,Colisão traseira,Sem Vítimas,Pleno dia,Decrescente,Sol,Dupla,Reta,Urbano,2012,3,0,0,0,3,0,0,3
1110219,2012-05-24,Quinta,19:00:00,RN,226,3.3,NATAL,Falta de atenção,Colisão Transversal,Com Vítimas Feridas,Plena noite,Crescente,Ceu Claro,Simples,Reta,Urbano,2012,2,0,1,0,1,0,1,2
1110247,2012-05-20,Domingo,09:30:00,RN,101,99,NATAL,Falta de atenção,Colisão traseira,Com Vítimas Feridas,Pleno dia,Crescente,Ceu Claro,Dupla,Reta,Urbano,2012,2,0,0,1,1,0,1,2
1110320,2012-05-19,Sábado,16:15:00,RN,304,119,ITAJA,Defeito mecânico em veículo,Colisão frontal,Com Vítimas Feridas,Pleno dia,Decrescente,Ceu Claro,Simples,Cruzamento,Rural,2012,3,0,1,0,2,0,1,3
1110330,2012-05-24,Quinta,18:00:00,RN,304,34.2,MOSSORO,Falta de atenção,Colisão traseira,Com Vítimas Feridas,Plena noite,Crescente,Ceu Claro,Simples,Reta,Urbano,2012,2,0,1,0,1,0,1,2
1110372,2012-05-24,Quinta,17:30:00,RN,226,3.4,NATAL,Outras,Colisão Transversal,Com Vítimas Feridas,Anoitecer,Crescente,Ceu Claro,Simples,Cruzamento,Urbano,2012,2,0,1,0,1,0,1,2
1110534,2012-05-02,Quarta,06:40:00,RN,101,102.7,PARNAMIRIM,Falta de atenção,Colisão traseira,Sem Vítimas,Pleno dia,Decrescente,Sol,Dupla,Reta,Urbano,2012,2,0,0,0,2,0,0,2
1110546,2012-05-18,Sexta,19:30:00,RN,101,110.8,SAO JOSE DE MIPIBU,Falta de atenção,Colisão traseira,Sem Vítimas,Plena noite,Crescente,Ceu Claro,Dupla,Cruzamento,Urbano,2012,2,0,0,0,2,0,0,2
1110569,2012-05-21,Segunda,14:05:00,RN,101,99.8,NATAL,Falta de atenção,Colisão traseira,Sem Vítimas,Pleno dia,Crescente,Nublado,Dupla,Cruzamento,Urbano,2012,2,0,0,0,2,0,0,2
1110616,2012-05-21,Segunda,20:50:00,RN,101,107.4,PARNAMIRIM,Outras,Colisão Transversal,Sem Vítimas,Plena noite,Crescente,Ceu Claro,Dupla,Reta,Urbano,2012,2,0,0,0,2,0,0,2
1110642,2012-05-21,Segunda,16:30:00,RN,101,94.4,NATAL,Falta de atenção,Colisão traseira,Sem Vítimas,Pleno dia,Decrescente,Sol,Dupla,Reta,Urbano,2012,2,0,0,0,2,0,0,2
1110700,2012-05-21,Segunda,17:20:00,RN,101,102.3,PARNAMIRIM,Falta de atenção,Colisão traseira,Com Vítimas Feridas,Pleno dia,Decrescente,Ceu Claro,Dupla,Reta,Urbano,2012,2,0,0,1,1,0,1,2
1110701,2012-05-25,Sexta,14:00:00,RN,101,101.9,PARNAMIRIM,Desobediência à sinalização,Colisão Transversal,Sem Vítimas,Pleno dia,Crescente,Ceu Claro,Múltipla,Cruzamento,Urbano,2012,2,0,0,0,2,0,0,2
1110743,2012-05-21,Segunda,11:15:00,RN,101,106.2,PARNAMIRIM,Falta de atenção,Colisão traseira,Sem Vítimas,Pleno dia,Decrescente,Sol,Dupla,Reta,Urbano,2012,2,0,0,0,2,0,0,2
1110809,2012-05-25,Sexta,17:00:00,RN,101,107,PARNAMIRIM,Desobediência à sinalização,Colisão lateral,Com Vítimas Feridas,Plena noite,Crescente,Ceu Claro,Dupla,Cruzamento,Urbano,2012,3,0,2,0,1,0,2,2
1110852,2012-05-25,Sexta,16:30:00,RN,406,163.4,SAO GONCALO DO AMARANTE,Outras,Colisão Transversal,Sem Vítimas,Pleno dia,Crescente,Ceu Claro,Simples,Reta,Rural,2012,2,0,0,0,2,0,0,2
1110962,2012-05-25,Sexta,13:30:00,RN,101,82.9,NATAL,Outras,Colisão lateral,Sem Vítimas,Pleno dia,Decrescente,Ceu Claro,Dupla,Reta,Urbano,2012,2,0,0,0,1,1,0,2
1111029,2012-05-25,Sexta,17:00:00,RN,101,104,PARNAMIRIM,Falta de atenção,Colisão com objeto fixo,Ignorado,Anoitecer,Decrescente,Ceu Claro,Dupla,Curva,Urbano,2012,1,0,0,0,0,1,0,1
1111074,2012-05-19,Sábado,14:40:00,RN,101,106,PARNAMIRIM,Não guardar distância de segurança,Colisão traseira,Sem Vítimas,Pleno dia,Crescente,Nublado,Dupla,Reta,Urbano,2012,2,0,0,0,2,0,0,2
1111078,2012-05-19,Sábado,12:15:00,RN,101,129.8,SAO JOSE DE MIPIBU,Falta de atenção,Saída de Pista,Sem Vítimas,Pleno dia,Decrescente,Nublado,Dupla,Curva,Rural,2012,1,0,0,0,1,0,0,1
1111098,2012-05-21,Segunda,14:10:00,RN,101,94.5,NATAL,Falta de atenção,Colisão traseira,Sem Vítimas,Pleno dia,Decrescente,Ceu Claro,Múltipla,Reta,Urbano,2012,4,0,0,0,4,0,0,4
1111110,2012-05-20,Domingo,18:00:00,RN,101,116.3,SAO JOSE DE MIPIBU,Defeito mecânico em veículo,Tombamento,Com Vítimas Feridas,Plena noite,Decrescente,Ceu Claro,Dupla,Reta,Rural,2012,2,0,1,1,0,0,2,1
1111403,2012-05-21,Segunda,15:55:00,RN,101,102,PARNAMIRIM,Falta de atenção,Colisão traseira,Sem Vítimas,Pleno dia,Decrescente,Sol,Múltipla,Reta,Urbano,2012,2,0,0,0,2,0,0,2
1111434,2012-05-20,Domingo,21:20:00,RN,226,13.3,MACAIBA,Outras,Colisão frontal,Com Vítimas Feridas,Plena noite,Crescente,Ceu Claro,Simples,Curva,Rural,2012,4,0,2,1,1,0,3,2
1111445,2012-05-22,Terça,13:40:00,RN,101,106.2,PARNAMIRIM,Defeito mecânico em veículo,Colisão lateral,Sem Vítimas,Pleno dia,Decrescente,Sol,Dupla,Cruzamento,Urbano,2012,2,0,0,0,2,0,0,2
1111521,2012-05-24,Quinta,08:10:00,RN,101,98.8,NATAL,Outras,Colisão traseira,Sem Vítimas,Pleno dia,Decrescente,Chuva,Dupla,Reta,Urbano,2012,2,0,0,0,2,0,0,2
1111825,2012-05-28,Segunda,17:35:00,RN,101,101.5,PARNAMIRIM,Não guardar distância de segurança,Colisão lateral,Sem Vítimas,Anoitecer,Decrescente,Ceu Claro,Múltipla,Reta,Urbano,2012,2,0,0,0,2,0,0,2