id,data_inversa,dia_semana,horario,uf,br,km,municipio,causa_acidente,tipo_acidente,classificacao_acidente,fase_dia,sentido_via,condicao_metereologica,tipo_pista,tracado_via,uso_solo,ano,pessoas,mortos,feridos_leves,feridos_graves,ilesos,ignorados,feridos,veiculos
1111830,2012-05-23,Quarta,18:00:00,RN,101,155.9,GOIANINHA,Outras,Incêndio,Sem Vítimas,Plena noite,Crescente,Nublado,Dupla,Reta,Rural,2012,2,0,0,0,2,0,0,1
1111847,2012-05-28,Segunda,16:50:00,RN,101,94.4,NATAL,Outras,Colisão lateral,Sem Vítimas,Pleno dia,Crescente,Ceu Claro,Simples,Reta,Urbano,2012,2,0,0,0,1,1,0,2
1111956,2012-05-26,Sábado,07:55:00,RN,101,97.7,NATAL,Falta de atenção,Colisão traseira,Sem Vítimas,Pleno dia,Decrescente,Ceu Claro,Dupla,Cruzamento,Urbano,2012,2,0,0,0,2,0,0,2
1112035,2012-05-28,Segunda,11:05:00,RN,101,68.9,EXTREMOZ,Desobediência à sinalização,Colisão traseira,Com Vítimas Feridas,Pleno dia,Decrescente,Ceu Claro,Simples,Cruzamento,Rural,2012,2,0,1,0,1,0,1,2
1112040,2012-05-28,Segunda,18:00:00,RN,110,36.7,MOSSORO,Animais na Pista,Atropelamento de animal,Com Vítimas Feridas,Anoitecer,Crescente,Ceu Claro,Simples,Reta,Rural,2012,1,0,1,0,0,0,1,1
1112136,2012-05-24,Quinta,15:30:00,RN,427,0.5,CURRAIS NOVOS,Não guardar distância de segurança,Colisão traseira,Sem Vítimas,Pleno dia,Decrescente,Chuva,Simples,Curva,Urbano,2012,3,0,0,0,3,0,0,3
1112152,2012-05-24,Quinta,16:12:00,RN,101,105.6,PARNAMIRIM,Outras,Colisão com objeto fixo,Com Vítimas Feridas,Plena noite,Crescente,Ceu Claro,Simples,Reta,Urbano,2012,1,0,1,0,0,0,1,1
1112178,2012-05-28,Segunda,18:00:00,RN,101,100.6,NATAL,Falta de atenção,Colisão traseira,Sem Vítimas,Plena noite,Decrescente,Ceu Claro,Dupla,Reta,Urbano,2012,5,0,0,0,4,1,0,5
1112185,2012-05-28,Segunda,16:40:00,RN,101,107,PARNAMIRIM,Não guardar distância de segurança,Colisão traseira,Sem Vítimas,Pleno dia,Crescente,Ceu Claro,Dupla,Cruzamento,Urbano,2012,2,0,0,0,2,0,0,2
1112281,2012-05-25,Sexta,07:15:00,RN,304,43.2,MOSSORO,Outras,Colisão Transversal,Sem Vítimas,Pleno dia,Crescente,Sol,Dupla,Cruzamento,Rural,2012,2,0,0,0,2,0,0,2
1112314,2012-05-08,Terça,16:20:00,RN,110,48,MOSSORO,Defeito mecânico em veículo,Colisão traseira,Sem Vítimas,Pleno dia,Crescente,Ceu Claro,Simples,Cruzamento,Urbano,2012,2,0,0,0,2,0,0,2
1112346,2012-05-21,Segunda,07:25:00,RN,110,48.6,MOSSORO,Falta de atenção,Colisão com objeto fixo,Com Vítimas Feridas,Pleno dia,Decrescente,Sol,Dupla,Reta,Urbano,2012,1,0,1,0,0,0,1,1
1112437,2012-05-29,Terça,12:05:00,RN,101,82.9,NATAL,Defeito mecânico em veículo,Colisão traseira,Sem Vítimas,Pleno dia,Decrescente,Sol,Dupla,Reta,Urbano,2012,4,0,0,0,4,0,0,4
1112478,2012-05-26,Sábado,20:50:00,RN,101,98.8,NATAL,Falta de atenção,Colisão lateral,Sem Vítimas,Plena noite,Crescente,Ceu Claro,Múltipla,Reta,Urbano,2012,2,0,0,0,2,0,0,2
1112493,2012-05-29,Terça,08:20:00,RN,101,98.1,NATAL,Falta de atenção,Colisão Transversal,Sem Vítimas,Pleno dia,Crescente,Sol,Simples,Reta,Urbano,2012,2,0,0,0,2,0,0,2
1112545,2012-05-29,Terça,14:20:00,RN,304,37.4,MOSSORO,Outras,Colisão traseira,Sem Vítimas,Pleno dia,Crescente,Ceu Claro,Simples,Reta,Urbano,2012,4,0,0,0,4,0,0,4
1112575,2012-05-26,Sábado,19:40:00,RN,101,101.6,PARNAMIRIM,Não guardar distância de segurança,Colisão traseira,Sem Vítimas,Plena noite,Crescente,Ceu Claro,Dupla,Reta,Urbano,2012,2,0,0,0,2,0,0,2
1112601,2012-05-27,Domingo,11:45:00,RN,304,118.3,ITAJA,Falta de atenção,Colisão frontal,Com Vítimas Fatais,Pleno dia,Decrescente,Ceu Claro,Simples,Reta,Urbano,2012,8,4,2,1,1,0,3,3
1112747,2012-05-29,Terça,19:00:00,RN,101,95.5,NATAL,Falta de atenção,Colisão traseira,Sem Vítimas,Plena noite,Crescente,Nublado,Dupla,Cruzamento,Urbano,2012,2,0,0,0,2,0,0,2
1112797,2012-05-26,Sábado,14:00:00,RN,101,101.7,PARNAMIRIM,Falta de atenção,Colisão traseira,Sem Vítimas,Pleno dia,Crescente,Ceu Claro,Dupla,Reta,Urbano,2012,2,0,0,0,2,0,0,2
1112836,2012-05-21,Segunda,15:18:00,RN,101,95.7,NATAL,Falta de atenção,Colisão Transversal,Com Vítimas Feridas,Pleno dia,Crescente,Ceu Claro,Múltipla,Reta,Urbano,2012,3,0,2,0,1,0,2,2
1112891,2012-05-21,Segunda,18:35:00,RN,226,48,BOM JESUS,Falta de atenção,Colisão Transversal,Com Vítimas Feridas,Plena noite,Crescente,Ceu Claro,Simples,Reta,Urbano,2012,5,0,3,1,1,0,4,2
1112945,2012-05-25,Sexta,15:50:00,RN,101,96.5,NATAL,Falta de atenção,Colisão lateral,Sem Vítimas,Pleno dia,Decrescente,Sol,Dupla,Reta,Rural,2012,2,0,0,0,1,1,0,2
1112965,2012-05-29,Terça,07:40:00,RN,101,97.8,NATAL,Falta de atenção,Colisão Transversal,Sem Vítimas,Pleno dia,Decrescente,Sol,Dupla,Reta,Urbano,2012,2,0,0,0,2,0,0,2
1113357,2012-05-25,Sexta,15:00:00,RN,304,124.5,ITAJA,Falta de atenção,Colisão traseira,Sem Vítimas,Pleno dia,Crescente,Sol,Simples,Reta,Rural,2012,2,0,0,0,2,0,0,2
1113396,2012-05-22,Terça,20:00:00,RN,226,135.7,CAMPO REDONDO,Falta de atenção,Colisão com objeto fixo,Sem Vítimas,Plena noite,Crescente,Ceu Claro,Simples,Reta,Rural,2012,2,0,0,0,2,0,0,2
1113406,2012-04-27,Sexta,16:10:00,RN,101,96.3,MACAIBA,Falta de atenção,Colisão traseira,Sem Vítimas,Pleno dia,Decrescente,Ceu Claro,Dupla,Cruzamento,Urbano,2012,2,0,0,0,2,0,0,2
1113427,2012-05-21,Segunda,19:45:00,RN,226,76.8,TANGARA,Ingestão de álcool,Colisão frontal,Com Vítimas Fatais,Plena noite,Crescente,Ceu Claro,Simples,Reta,Rural,2012,5,1,3,0,1,0,3,2
1113446,2012-05-21,Segunda,18:00:00,RN,110,17.7,AREIA BRANCA,Não guardar distância de segurança,Colisão traseira,Com Vítimas Fatais,Plena noite,Crescente,Ceu Claro,Simples,Reta,Rural,2012,2,1,0,0,1,0,0,2
1113473,2012-05-30,Quarta,09:00:00,RN,101,102.9,PARNAMIRIM,Outras,Tombamento,Com Vítimas Feridas,Pleno dia,Crescente,Ceu Claro,Dupla,Reta,Urbano,2012,2,0,1,0,1,0,1,2
1113484,2012-05-19,Sábado,14:45:00,RN,405,61.5,FELIPE GUERRA,Falta de atenção,Colisão frontal,Com Vítimas Feridas,Plena noite,Crescente,Ceu Claro,Simples,Reta,Rural,2012,2,0,1,1,0,0,2,2
1113490,2012-05-30,Quarta,21:50:00,RN,304,303.4,MACAIBA,Animais na Pista,Atropelamento de animal,Sem Vítimas,Plena noite,Decrescente,Ceu Claro,Dupla,Reta,Urbano,2012,1,0,0,0,1,0,0,1
1113581,2012-05-26,Sábado,14:40:00,RN,101,124.9,SAO JOSE DE MIPIBU,Falta de atenção,Colisão lateral,Sem Vítimas,Pleno dia,Crescente,Sol,Dupla,Reta,Urbano,2012,2,0,0,0,2,0,0,2
1113598,2012-05-19,Sábado,08:30:00,RN,101,94.3,NATAL,Outras,Colisão lateral,Sem Vítimas,Pleno dia,Crescente,Chuva,Dupla,Reta,Urbano,2012,2,0,0,0,2,0,0,2
1113630,2012-05-31,Quinta,00:30:00,RN,101,133.3,SAO JOSE DE MIPIBU,Dormindo,Colisão lateral,Sem Vítimas,Plena noite,Crescente,Nublado,Dupla,Reta,Rural,2012,2,0,0,0,2,0,0,2
1113638,2012-05-27,Domingo,18:40:00,RN,226,17,MACAIBA,Desobediência à sinalização,Colisão frontal,Com Vítimas Feridas,Plena noite,Crescente,Ceu Claro,Simples,Cruzamento,Urbano,2012,3,0,2,1,0,0,3,2
1113666,2012-05-31,Quinta,19:00:00,RN,101,96,NATAL,Falta de atenção,Colisão traseira,Sem Vítimas,Plena noite,Crescente,Ceu Claro,Múltipla,Reta,Urbano,2012,2,0,0,0,2,0,0,2
1113681,2012-05-30,Quarta,07:00:00,RN,101,107.4,PARNAMIRIM,Desobediência à sinalização,Colisão Transversal,Sem Vítimas,Pleno dia,Crescente,Ceu Claro,Dupla,Cruzamento,Urbano,2012,2,0,0,0,1,1,0,2
1113894,2012-05-19,Sábado,09:50:00,RN,110,48.7,MOSSORO,Falta de atenção,Colisão lateral,Sem Vítimas,Pleno dia,Decrescente,Ceu Claro,Dupla,Cruzamento,Urbano,2012,2,0,0,0,2,0,0,2
1113982,2012-05-22,Terça,17:30:00,RN,304,44.1,MOSSORO,Não guardar distância de segurança,Colisão traseira,Sem Vítimas,Anoitecer,Decrescente,Ceu Claro,Dupla,Reta,Urbano,2012,2,0,0,0,2,0,0,2
1114004,2012-05-28,Segunda,15:30:00,RN,101,103.5,PARNAMIRIM,Falta de atenção,Colisão lateral,Sem Vítimas,Pleno dia,Crescente,Ceu Claro,Dupla,Reta,Urbano,2012,2,0,0,0,2,0,0,2
1114031,2012-05-22,Terça,08:10:00,RN,101,97.6,NATAL,Falta de atenção,Colisão traseira,Sem Vítimas,Pleno dia,Decrescente,Ceu Claro,Dupla,Reta,Urbano,2012,2,0,0,0,2,0,0,2
1114191,2012-06-01,Sexta,16:20:00,RN,304,295.6,MACAIBA,Outras,Colisão Transversal,Sem Vítimas,Pleno dia,Decrescente,Ceu Claro,Simples,Reta,Urbano,2012,2,0,0,0,1,1,0,2
1114244,2012-05-30,Quarta,18:15:00,RN,226,0.3,NATAL,Desobediência à sinalização,Colisão Transversal,Sem Vítimas,Plena noite,Decrescente,Ceu Claro,Simples,Reta,Urbano,2012,2,0,0,0,2,0,0,2
1114252,2012-05-28,Segunda,10:25:00,RN,226,3,NATAL,Falta de atenção,Colisão traseira,Sem Vítimas,Pleno dia,Decrescente,Nublado,Simples,Reta,Urbano,2012,2,0,0,0,2,0,0,2
1114261,2012-05-30,Quarta,21:20:00,RN,101,101.8,PARNAMIRIM,Desobediência à sinalização,Colisão Transversal,Sem Vítimas,Plena noite,Crescente,Ceu Claro,Múltipla,Cruzamento,Urbano,2012,2,0,0,0,2,0,0,2
1114281,2012-06-01,Sexta,16:40:00,RN,101,84.9,NATAL,Falta de atenção,Colisão traseira,Sem Vítimas,Pleno dia,Crescente,Ceu Claro,Dupla,Curva,Urbano,2012,2,0,0,0,2,0,0,2
1114371,2012-05-25,Sexta,07:30:00,RN,226,270,TRIUNFO POTIGUAR,Outras,Colisão Transversal,Sem Vítimas,Pleno dia,Crescente,Ceu Claro,Simples,Cruzamento,Rural,2012,2,0,0,0,2,0,0,2
1114396,2012-05-29,Terça,21:40:00,RN,101,150.7,GOIANINHA,Ingestão de álcool,Colisão traseira,Sem Vítimas,Plena noite,Crescente,Nublado,Dupla,Reta,Rural,2012,2,0,0,0,2,0,0,2
1114431,2012-06-01,Sexta,16:40:00,RN,101,96.4,NATAL,Falta de atenção,Colisão lateral,Sem Vítimas,Pleno dia,Crescente,Sol,Dupla,Reta,Urbano,2012,2,0,0,0,2,0,0,2
1114604,2012-05-21,Segunda,06:20:00,RN,101,101.1,PARNAMIRIM,Falta de atenção,Colisão lateral,Com Vítimas Feridas,Pleno dia,Decrescente,Ceu Claro,Dupla,Reta,Urbano,2012,3,0,2,0,0,1,2,2
1114658,2012-05-20,Domingo,23:00:00,RN,304,75.1,MOSSORO,Defeito mecânico em veículo,Colisão lateral,Sem Vítimas,Plena noite,Decrescente,Ceu Claro,Simples,Reta,Rural,2012,2,0,0,0,2,0,0,2
1114679,2012-06-01,Sexta,15:00:00,RN,101,107.3,PARNAMIRIM,Falta de atenção,Colisão Transversal,Sem Vítimas,Pleno dia,Crescente,Ceu Claro,Dupla,Cruzamento,Urbano,2012,2,0,0,0,1,1,0,2
1114772,2012-06-02,Sábado,15:30:00,RN,304,34.2,MOSSORO,Não guardar distância de segurança,Colisão traseira,Sem Vítimas,Pleno dia,Decrescente,Ceu Claro,Simples,Reta,Urbano,2012,2,0,0,0,2,0,0,2
1114871,2012-05-26,Sábado,18:00:00,RN,304,302.8,MACAIBA,Ingestão de álcool,Capotamento,Sem Vítimas,Plena noite,Decrescente,Ceu Claro,Dupla,Reta,Rural,2012,1,0,0,0,1,0,0,1
1114955,2012-05-17,Quinta,06:15:00,RN,427,91.3,CAICO,Outras,Capotamento,Com Vítimas Feridas,Amanhecer,Crescente,Ceu Claro,Simples,Curva,Rural,2012,2,0,1,1,0,0,2,1
1114956,2012-06-02,Sábado,18:00:00,RN,101,94.5,NATAL,Falta de atenção,Colisão traseira,Sem Vítimas,Pleno dia,Crescente,Ceu Claro,Múltipla,Reta,Urbano,2012,2,0,0,0,2,0,0,2
1114968,2012-05-20,Domingo,18:30:00,RN,304,92,ASSU,Não guardar distância de segurança,Colisão lateral,Com Vítimas Feridas,Anoitecer,Crescente,Ceu Claro,Simples,Reta,Rural,2012,3,0,2,0,0,1,2,2
1114972,2012-06-02,Sábado,07:10:00,RN,304,39.2,MOSSORO,Falta de atenção,Colisão lateral,Com Vítimas Feridas,Pleno dia,Decrescente,Sol,Simples,Cruzamento,Urbano,2012,3,0,2,0,0,1,2,3
1114982,2012-06-01,Sexta,23:00:00,RN,101,130,SAO JOSE DE MIPIBU,Outras,Capotamento,Com Vítimas Fatais,Plena noite,Decrescente,Chuva,Dupla,Curva,Rural,2012,1,1,0,0,0,0,0,1
1115051,2012-05-21,Segunda,07:30:00,RN,101,100.8,PARNAMIRIM,Não guardar distância de segurança,Colisão traseira,Sem Vítimas,Pleno dia,Decrescente,Ceu Claro,Dupla,Reta,Urbano,2012,2,0,0,0,2,0,0,2
1115075,2012-06-02,Sábado,19:40:00,RN,101,95.3,NATAL,Falta de atenção,Colisão traseira,Sem Vítimas,Plena noite,Crescente,Ceu Claro,Múltipla,Reta,Urbano,2012,4,0,0,0,4,0,0,2
1115220,2012-05-26,Sábado,09:30:00,RN,101,124,SAO JOSE DE MIPIBU,Outras,Colisão traseira,Sem Vítimas,Pleno dia,Decrescente,Ceu Claro,Dupla,Reta,Urbano,2012,2,0,0,0,2,0,0,2
1115228,2012-05-26,Sábado,13:50:00,RN,101,101.8,PARNAMIRIM,Desobediência à sinalização,Colisão Transversal,Com Vítimas Feridas,Pleno dia,Crescente,Sol,Dupla,Cruzamento,Urbano,2012,2,0,1,0,1,0,1,2
1115432,2012-06-03,Domingo,14:15:00,RN,304,244,RIACHUELO,Falta de atenção,Colisão Transversal,Com Vítimas Feridas,Pleno dia,Crescente,Ceu Claro,Simples,Reta,Rural,2012,2,0,0,1,1,0,1,2
1115509,2012-05-23,Quarta,17:35:00,RN,110,42.9,MOSSORO,Não guardar distância de segurança,Colisão traseira,Sem Vítimas,Anoitecer,Crescente,Ceu Claro,Simples,Reta,Rural,2012,2,0,0,0,2,0,0,2
1115526,2012-06-03,Domingo,15:40:00,RN,110,48,MOSSORO,Falta de atenção,Colisão lateral,Com Vítimas Feridas,Pleno dia,Crescente,Ceu Claro,Simples,Reta,Urbano,2012,2,0,1,0,1,0,1,2
1115547,2012-06-03,Domingo,16:55:00,RN,405,21.9,MOSSORO,Outras,Saída de Pista,Com Vítimas Feridas,Pleno dia,Crescente,Ceu Claro,Simples,Reta,Rural,2012,1,0,0,1,0,0,1,1
1115564,2012-06-03,Domingo,14:45:00,RN,101,83,NATAL,Outras,Colisão lateral,Sem Vítimas,Pleno dia,Decrescente,Ceu Claro,Dupla,Reta,Urbano,2012,2,0,0,0,2,0,0,2
1115612,2012-06-03,Domingo,18:10:00,RN,226,110.1,SANTA CRUZ,Animais na Pista,Atropelamento de animal,Com Vítimas Fatais,Plena noite,Crescente,Ceu Claro,Simples,Reta,Urbano,2012,1,1,0,0,0,0,0,1
1115625,2012-06-03,Domingo,17:30:00,RN,101,96,NATAL,Falta de atenção,Colisão traseira,Sem Vítimas,Plena noite,Crescente,Ceu Claro,Múltipla,Reta,Urbano,2012,2,0,0,0,2,0,0,2
1115763,2012-06-03,Domingo,17:35:00,RN,101,96.3,NATAL,Ingestão de álcool,Colisão traseira,Sem Vítimas,Anoitecer,Crescente,Ceu Claro,Dupla,Reta,Urbano,2012,4,0,0,0,4,0,0,4
1115877,2012-05-19,Sábado,15:30:00,RN,101,99.7,NATAL,Não guardar distância de segurança,Colisão traseira,Sem Vítimas,Pleno dia,Crescente,Nublado,Dupla,Reta,Urbano,2012,2,0,0,0,2,0,0,2
1115884,2012-05-27,Domingo,19:30:00,RN,406,168,SAO GONCALO DO AMARANTE,Outras,Colisão traseira,Com Vítimas Feridas,Plena noite,Crescente,Ceu Claro,Simples,Reta,Rural,2012,2,0,0,1,1,0,1,2
1115886,2012-05-23,Quarta,08:15:00,RN,101,94.4,NATAL,Desobediência à sinalização,Colisão lateral,Sem Vítimas,Pleno dia,Crescente,Chuva,Múltipla,Cruzamento,Urbano,2012,2,0,0,0,2,0,0,2
1115921,2012-05-19,Sábado,09:35:00,RN,304,191,LAJES,Outras,Atropelamento de pessoa,Com Vítimas Feridas,Pleno dia,Decrescente,Sol,Simples,Reta,Urbano,2012,2,0,0,1,1,0,1,1
1115923,2012-05-20,Domingo,06:30:00,RN,101,99.9,PARNAMIRIM,Falta de atenção,Colisão lateral,Sem Vítimas,Pleno dia,Decrescente,Ceu Claro,Dupla,Reta,Urbano,2012,3,0,0,0,2,1,0,2
1115990,2012-05-23,Quarta,10:20:00,RN,101,155.8,CANGUARETAMA,Outras,Saída de Pista,Com Vítimas Feridas,Pleno dia,Crescente,Chuva,Dupla,Reta,Rural,2012,2,0,1,0,1,0,1,1
1116024,2012-05-31,Quinta,07:50:00,RN,101,95.4,NATAL,Desobediência à sinalização,Colisão lateral,Sem Vítimas,Pleno dia,Crescente,Ceu Claro,Múltipla,Cruzamento,Urbano,2012,2,0,0,0,2,0,0,2
1116171,2012-05-23,Quarta,16:50:00,RN,226,115.7,SANTA CRUZ,Não guardar distância de segurança,Colisão traseira,Com Vítimas Feridas,Pleno dia,Crescente,Ceu Claro,Simples,Reta,Rural,2012,2,0,0,1,1,0,1,2
1116228,2012-05-31,Quinta,12:30:00,RN,101,164.2,CANGUARETAMA,Desobediência à sinalização,Colisão traseira,Com Vítimas Feridas,Pleno dia,Decrescente,Ceu Claro,Dupla,Cruzamento,Rural,2012,3,0,2,0,1,0,2,2
1116235,2012-06-04,Segunda,14:00:00,RN,101,102,PARNAMIRIM,Falta de atenção,Colisão traseira,Sem Vítimas,Pleno dia,Decrescente,Ceu Claro,Múltipla,Reta,Urbano,2012,2,0,0,0,2,0,0,2
1116240,2012-05-27,Domingo,18:00:00,RN,101,102.3,PARNAMIRIM,Outras,Colisão com objeto fixo,Sem Vítimas,Plena noite,Crescente,Chuva,Dupla,Reta,Urbano,2012,1,0,0,0,1,0,0,1
1116242,2012-06-04,Segunda,13:20:00,RN,101,101.8,PARNAMIRIM,Ultrapassagem indevida,Colisão traseira,Sem Vítimas,Pleno dia,Crescente,Ceu Claro,Dupla,Cruzamento,Urbano,2012,2,0,0,0,2,0,0,2
1116277,2012-06-01,Sexta,00:05:00,RN,101,166.4,CANGUARETAMA,Animais na Pista,Colisão com objeto fixo,Sem Vítimas,Plena noite,Decrescente,Nublado,Dupla,Reta,Urbano,2012,1,0,0,0,1,0,0,1
1116298,2012-06-04,Segunda,07:00:00,RN,101,98.5,NATAL,Não guardar distância de segurança,Colisão traseira,Sem Vítimas,Pleno dia,Decrescente,Ceu Claro,Múltipla,Reta,Urbano,2012,2,0,0,0,2,0,0,2
1116452,2012-05-23,Quarta,07:00:00,RN,101,98.7,NATAL,Não guardar distância de segurança,Colisão traseira,Sem Vítimas,Pleno dia,Decrescente,Chuva,Múltipla,Reta,Urbano,2012,3,0,0,0,3,0,0,3
1116787,2012-06-04,Segunda,17:55:00,RN,304,184,LAJES,Animais na Pista,Colisão frontal,Com Vítimas Fatais,Anoitecer,Decrescente,Ceu Claro,Simples,Reta,Rural,2012,3,1,0,1,1,0,1,2
1116791,2012-05-21,Segunda,10:30:00,RN,405,77.4,APODI,Falta de atenção,Colisão frontal,Com Vítimas Feridas,Pleno dia,Crescente,Ceu Claro,Simples,Reta,Urbano,2012,2,0,0,2,0,0,2,2
1116822,2012-05-23,Quarta,09:00:00,RN,427,140.1,SERRA NEGRA DO NORTE,Dormindo,Capotamento,Sem Vítimas,Pleno dia,Crescente,Ceu Claro,Simples,Reta,Rural,2012,1,0,0,0,1,0,0,1
1116886,2012-05-21,Segunda,11:00:00,RN,304,297,MACAIBA,Falta de atenção,Tombamento,Sem Vítimas,Pleno dia,Crescente,Ceu Claro,Simples,Cruzamento,Urbano,2012,1,0,0,0,1,0,0,1
1116926,2012-06-01,Sexta,13:10:00,RN,101,99.8,NATAL,Não guardar distância de segurança,Colisão traseira,Sem Vítimas,Pleno dia,Decrescente,Sol,Múltipla,Reta,Urbano,2012,4,0,0,0,4,0,0,4
1116999,2012-05-26,Sábado,19:40:00,RN,101,102.4,PARNAMIRIM,Falta de atenção,Colisão traseira,Sem Vítimas,Plena noite,Decrescente,Ceu Claro,Dupla,Reta,Urbano,2012,3,0,0,0,2,1,0,3
1117099,2012-05-26,Sábado,19:30:00,RN,101,84.4,NATAL,Falta de atenção,Colisão traseira,Sem Vítimas,Plena noite,Crescente,Ceu Claro,Simples,Reta,Urbano,2012,2,0,0,0,2,0,0,2
1117100,2012-06-05,Terça,15:20:00,RN,101,95.8,NATAL,Falta de atenção,Colisão traseira,Sem Vítimas,Pleno dia,Decrescente,Sol,Múltipla,Reta,Urbano,2012,2,0,0,0,2,0,0,2
1117108,2012-05-30,Quarta,14:00:00,RN,406,92.7,JOAO CAMARA,Desobediência à sinalização,Colisão lateral,Com Vítimas Fatais,Pleno dia,Crescente,Ceu Claro,Simples,Reta,Rural,2012,3,1,0,2,0,0,2,2
1117113,2012-06-05,Terça,15:20:00,RN,110,48,MOSSORO,Falta de atenção,Colisão Transversal,Com Vítimas Feridas,Pleno dia,Crescente,Ceu Claro,Simples,Reta,Urbano,2012,2,0,0,1,1,0,1,2
1117134,2012-06-02,Sábado,07:05:00,RN,101,106.2,PARNAMIRIM,Falta de atenção,Colisão traseira,Sem Vítimas,Pleno dia,Decrescente,Nublado,Dupla,Cruzamento,Urbano,2012,2,0,0,0,2,0,0,2
1117291,2012-06-05,Terça,09:25:00,RN,304,37.5,MOSSORO,Falta de atenção,Colisão Transversal,Sem Vítimas,Pleno dia,Decrescente,Ceu Claro,Simples,Reta,Urbano,2012,2,0,0,0,2,0,0,2
1117315,2012-05-31,Quinta,16:00:00,RN,101,94.2,NATAL,Outras,Colisão traseira,Com Vítimas Feridas,Pleno dia,Decrescente,Sol,Múltipla,Reta,Urbano,2012,3,0,0,1,0,2,1,3
1117360,2012-06-02,Sábado,20:07:00,RN,101,84.8,NATAL,Não guardar distância de segurança,Colisão traseira,Sem Vítimas,Plena noite,Crescente,Vento,Múltipla,Cruzamento,Urbano,2012,2,0,0,0,2,0,0,2
1117451,2012-06-05,Terça,07:50:00,RN,101,101.8,PARNAMIRIM,Falta de atenção,Colisão traseira,Com Vítimas Feridas,Pleno dia,Crescente,Ceu Claro,Dupla,Reta,Urbano,2012,2,0,1,0,1,0,1,2
1117472,2012-05-19,Sábado,10:30:00,RN,101,85.2,SAO GONCALO DO AMARANTE,Falta de atenção,Colisão traseira,Sem Vítimas,Pleno dia,Crescente,Ceu Claro,Dupla,Reta,Urbano,2012,3,0,0,0,3,0,0,3
1117487,2012-06-05,Terça,20:00:00,RN,304,237.3,RIACHUELO,Falta de atenção,Colisão lateral,Sem Vítimas,Plena noite,Decrescente,Ceu Claro,Simples,Reta,Rural,2012,2,0,0,0,1,1,0,2
1117490,2012-05-19,Sábado,10:35:00,RN,101,85.1,SAO GONCALO DO AMARANTE,Falta de atenção,Colisão lateral,Sem Vítimas,Pleno dia,Crescente,Ceu Claro,Dupla,Reta,Urbano,2012,3,0,0,0,3,0,0,3
1117497,2012-05-19,Sábado,13:55:00,RN,101,80,NATAL,Falta de atenção,Colisão Transversal,Com Vítimas Feridas,Pleno dia,Decrescente,Ceu Claro,Dupla,Curva,Urbano,2012,2,0,0,2,0,0,2,2
1117502,2012-06-05,Terça,16:45:00,RN,101,96.8,NATAL,Não guardar distância de segurança,Colisão lateral,Sem Vítimas,Pleno dia,Crescente,Ceu Claro,Múltipla,Curva,Urbano,2012,3,0,0,0,3,0,0,2
1117510,2012-06-05,Terça,22:50:00,RN,101,99.9,NATAL,Falta de atenção,Colisão traseira,Sem Vítimas,Plena noite,Crescente,Ceu Claro,Dupla,Cruzamento,Urbano,2012,2,0,0,0,2,0,0,2
1117529,2012-05-30,Quarta,16:40:00,RN,405,194.4,LUIS GOMES,Outras,Colisão frontal,Com Vítimas Fatais,Pleno dia,Decrescente,Sol,Simples,Reta,Rural,2012,3,2,0,0,0,1,0,2
1117707,2012-05-30,Quarta,10:30:00,RN,304,217.3,CAICARA DO RIO DO VENTO,Animais na Pista,Colisão lateral,Sem Vítimas,Pleno dia,Decrescente,Ceu Claro,Simples,Reta,Rural,2012,2,0,0,0,2,0,0,2
1117887,2012-06-04,Segunda,17:00:00,RN,101,96.9,NATAL,Falta de atenção,Colisão lateral,Sem Vítimas,Anoitecer,Crescente,Ceu Claro,Múltipla,Cruzamento,Urbano,2012,2,0,0,0,2,0,0,2
1117901,2012-06-03,Domingo,05:00:00,RN,226,166.7,CURRAIS NOVOS,Animais na Pista,Atropelamento de animal,Com Vítimas Feridas,Amanhecer,Crescente,Sol,Simples,Reta,Rural,2012,1,0,0,1,0,0,1,1
1117912,2012-06-02,Sábado,23:15:00,RN,304,296.5,MACAIBA,Outras,Colisão com objeto fixo,Sem Vítimas,Plena noite,Decrescente,Ceu Claro,Simples,Reta,Urbano,2012,1,0,0,0,1,0,0,1
1117916,2012-06-06,Quarta,11:50:00,RN,101,94.5,NATAL,Falta de atenção,Colisão traseira,Sem Vítimas,Pleno dia,Crescente,Nublado,Dupla,Cruzamento,Urbano,2012,3,0,0,0,3,0,0,3
1117930,2012-06-06,Quarta,12:45:00,RN,101,152.4,GOIANINHA,Outras,Saída de Pista,Sem Vítimas,Pleno dia,Decrescente,Ceu Claro,Dupla,Reta,Rural,2012,1,0,0,0,1,0,0,1
1117982,2012-06-06,Quarta,12:45:00,RN,101,147.9,GOIANINHA,Falta de atenção,Colisão traseira,Sem Vítimas,Pleno dia,Decrescente,Ceu Claro,Múltipla,Reta,Urbano,2012,2,0,0,0,1,1,0,2
1118017,2012-06-06,Quarta,08:00:00,RN,101,96.4,NATAL,Falta de atenção,Colisão traseira,Sem Vítimas,Pleno dia,Crescente,Nublado,Múltipla,Reta,Urbano,2012,2,0,0,0,2,0,0,2
1118025,2012-06-02,Sábado,22:50:00,RN,226,2.3,NATAL,Desobediência à sinalização,Colisão frontal,Sem Vítimas,Plena noite,Decrescente,Nublado,Simples,Reta,Urbano,2012,2,0,0,0,2,0,0,2