id,data_inversa,dia_semana,horario,uf,br,km,municipio,causa_acidente,tipo_acidente,classificacao_acidente,fase_dia,sentido_via,condicao_metereologica,tipo_pista,tracado_via,uso_solo,ano,pessoas,mortos,feridos_leves,feridos_graves,ilesos,ignorados,feridos,veiculos
1118062,2012-05-28,Segunda,07:30:00,RN,101,85,SAO GONCALO DO AMARANTE,Outras,Colisão lateral,Sem Vítimas,Pleno dia,Crescente,Ceu Claro,Dupla,Curva,Urbano,2012,2,0,0,0,1,1,0,2
1118107,2012-05-27,Domingo,16:40:00,RN,101,86,SAO GONCALO DO AMARANTE,Falta de atenção,Colisão traseira,Sem Vítimas,Anoitecer,Crescente,Ceu Claro,Dupla,Reta,Urbano,2012,4,0,0,0,4,0,0,4
1118120,2012-06-06,Quarta,15:55:00,RN,406,111,POCO BRANCO,Outras,Colisão traseira,Com Vítimas Feridas,Pleno dia,Crescente,Nublado,Simples,Reta,Rural,2012,3,0,0,2,1,0,2,2
1118126,2012-06-06,Quarta,18:45:00,RN,101,107.3,PARNAMIRIM,Não guardar distância de segurança,Colisão traseira,Sem Vítimas,Plena noite,Decrescente,Chuva,Dupla,Cruzamento,Urbano,2012,2,0,0,0,2,0,0,2
1118138,2012-06-06,Quarta,16:20:00,RN,101,108,PARNAMIRIM,Não guardar distância de segurança,Colisão lateral,Sem Vítimas,Pleno dia,Crescente,Chuva,Dupla,Cruzamento,Urbano,2012,2,0,0,0,1,1,0,2
1118233,2012-06-06,Quarta,10:45:00,RN,304,148.3,ANGICOS,Outras,Colisão Transversal,Com Vítimas Feridas,Pleno dia,Crescente,Sol,Simples,Reta,Urbano,2012,3,0,1,1,1,0,2,2
1118244,2012-06-04,Segunda,06:30:00,RN,101,96.3,NATAL,Outras,Colisão traseira,Com Vítimas Feridas,Pleno dia,Decrescente,Ceu Claro,Múltipla,Reta,Urbano,2012,3,0,2,0,1,0,2,2
1118257,2012-06-06,Quarta,19:30:00,RN,101,96.4,NATAL,Falta de atenção,Colisão traseira,Sem Vítimas,Plena noite,Crescente,Chuva,Múltipla,Curva,Urbano,2012,2,0,0,0,2,0,0,2
1118344,2012-06-06,Quarta,19:30:00,RN,304,150,ANGICOS,Animais na Pista,Atropelamento de animal,Sem Vítimas,Plena noite,Decrescente,Ceu Claro,Simples,Reta,Rural,2012,1,0,0,0,1,0,0,1
1118556,2012-05-30,Quarta,09:30:00,RN,101,107,PARNAMIRIM,Falta de atenção,Colisão traseira,Sem Vítimas,Pleno dia,Decrescente,Sol,Dupla,Cruzamento,Urbano,2012,2,0,0,0,2,0,0,2
1118570,2012-05-18,Sexta,12:00:00,RN,304,256.3,SANTA MARIA,Defeito mecânico em veículo,Tombamento,Sem Vítimas,Pleno dia,Crescente,Sol,Simples,Reta,Rural,2012,1,0,0,0,1,0,0,1
1118571,2012-05-26,Sábado,11:00:00,RN,101,96.1,NATAL,Falta de atenção,Colisão traseira,Sem Vítimas,Pleno dia,Decrescente,Ceu Claro,Simples,Curva,Urbano,2012,2,0,0,0,2,0,0,2
1118719,2012-06-04,Segunda,00:50:00,RN,304,43.5,MOSSORO,Falta de atenção,Colisão com objeto fixo,Com Vítimas Feridas,Plena noite,Decrescente,Ceu Claro,Dupla,Reta,Rural,2012,1,0,1,0,0,0,1,1
1118897,2012-05-18,Sexta,17:55:00,RN,226,2,NATAL,Outras,Colisão Transversal,Com Vítimas Feridas,Anoitecer,Decrescente,Vento,Dupla,Reta,Urbano,2012,2,0,0,1,1,0,1,2
1118902,2012-06-02,Sábado,15:45:00,RN,101,108.3,PARNAMIRIM,Falta de atenção,Colisão traseira,Sem Vítimas,Pleno dia,Crescente,Sol,Dupla,Cruzamento,Urbano,2012,2,0,0,0,1,1,0,2
1118944,2012-06-02,Sábado,16:15:00,RN,101,102.5,PARNAMIRIM,Outras,Colisão lateral,Sem Vítimas,Anoitecer,Decrescente,Nublado,Dupla,Reta,Urbano,2012,2,0,0,0,2,0,0,2
1119098,2012-06-07,Quinta,18:30:00,RN,405,56.1,FELIPE GUERRA,Animais na Pista,Atropelamento de animal,Sem Vítimas,Plena noite,Decrescente,Ceu Claro,Simples,Reta,Rural,2012,1,0,0,0,1,0,0,1
1119108,2012-06-07,Quinta,17:30:00,RN,101,32.2,RIO DO FOGO,Outras,Colisão com objeto fixo,Sem Vítimas,Plena noite,Decrescente,Nublado,Simples,Reta,Rural,2012,1,0,0,0,1,0,0,1
1119204,2012-06-07,Quinta,20:00:00,RN,304,157.7,FERNANDO PEDROZA,Outras,Capotamento,Com Vítimas Feridas,Plena noite,Crescente,Ceu Claro,Simples,Curva,Rural,2012,3,0,2,0,1,0,2,1
1119206,2012-05-30,Quarta,18:10:00,RN,427,121.6,CAICO,Animais na Pista,Colisão Transversal,Sem Vítimas,Plena noite,Crescente,Ceu Claro,Simples,Reta,Rural,2012,2,0,0,0,2,0,0,2
1119331,2012-06-05,Terça,06:20:00,RN,101,108.6,PARNAMIRIM,Outras,Colisão lateral,Com Vítimas Feridas,Pleno dia,Crescente,Nublado,Dupla,Reta,Urbano,2012,2,0,1,0,1,0,1,2
1119362,2012-06-06,Quarta,19:30:00,RN,101,106.6,PARNAMIRIM,Não guardar distância de segurança,Colisão traseira,Sem Vítimas,Plena noite,Decrescente,Chuva,Dupla,Reta,Urbano,2012,2,0,0,0,2,0,0,2
1119373,2012-06-06,Quarta,14:30:00,RN,101,97,NATAL,Falta de atenção,Colisão traseira,Sem Vítimas,Pleno dia,Crescente,Chuva,Múltipla,Reta,Urbano,2012,2,0,0,0,2,0,0,2
1119429,2012-06-03,Domingo,23:00:00,RN,304,23.2,MOSSORO,Falta de atenção,Colisão traseira,Sem Vítimas,Plena noite,Crescente,Ceu Claro,Simples,Reta,Rural,2012,2,0,0,0,2,0,0,2
1119470,2012-06-08,Sexta,09:45:00,RN,226,133.3,CAMPO REDONDO,Falta de atenção,Colisão traseira,Sem Vítimas,Pleno dia,Crescente,Nublado,Simples,Reta,Rural,2012,2,0,0,0,2,0,0,2
1119471,2012-06-08,Sexta,12:00:00,RN,101,85,CEARA-MIRIM,Não guardar distância de segurança,Colisão traseira,Sem Vítimas,Pleno dia,Crescente,Nublado,Dupla,Reta,Urbano,2012,2,0,0,0,2,0,0,2
1119525,2012-06-08,Sexta,10:30:00,RN,101,137.2,SAO JOSE DE MIPIBU,Outras,Capotamento,Sem Vítimas,Pleno dia,Crescente,Chuva,Dupla,Reta,Rural,2012,1,0,0,0,1,0,0,1
1119534,2012-05-28,Segunda,11:30:00,RN,406,155.1,CEARA-MIRIM,Outras,Colisão lateral,Com Vítimas Feridas,Pleno dia,Decrescente,Ceu Claro,Simples,Reta,Rural,2012,2,0,1,0,1,0,1,2
1119717,2012-05-26,Sábado,19:15:00,RN,110,45.9,MOSSORO,Outras,Atropelamento de pessoa,Com Vítimas Feridas,Plena noite,Crescente,Ceu Claro,Simples,Reta,Urbano,2012,3,0,3,0,0,0,3,1
1119730,2012-05-30,Quarta,14:30:00,RN,304,36.1,MOSSORO,Outras,Colisão Transversal,Com Vítimas Feridas,Pleno dia,Decrescente,Ceu Claro,Simples,Cruzamento,Urbano,2012,3,0,0,1,2,0,1,3
1119753,2012-06-08,Sexta,19:30:00,RN,101,95.1,NATAL,Não guardar distância de segurança,Colisão traseira,Sem Vítimas,Plena noite,Decrescente,Chuva,Dupla,Reta,Urbano,2012,2,0,0,0,2,0,0,2
1119766,2012-05-30,Quarta,19:10:00,RN,110,47.8,MOSSORO,Outras,Colisão lateral,Com Vítimas Feridas,Plena noite,Decrescente,Ceu Claro,Simples,Reta,Urbano,2012,3,0,2,0,1,0,2,3
1119787,2012-06-08,Sexta,19:20:00,RN,101,95.1,NATAL,Não guardar distância de segurança,Colisão traseira,Sem Vítimas,Plena noite,Decrescente,Nublado,Múltipla,Reta,Urbano,2012,2,0,0,0,2,0,0,2
1119895,2012-06-08,Sexta,15:30:00,RN,427,92.5,CAICO,Falta de atenção,Capotamento,Com Vítimas Feridas,Pleno dia,Crescente,Ceu Claro,Simples,Reta,Rural,2012,3,0,3,0,0,0,3,1
1119979,2012-05-27,Domingo,23:30:00,RN,101,84.3,SAO GONCALO DO AMARANTE,Falta de atenção,Colisão com objeto fixo,Sem Vítimas,Plena noite,Crescente,Ceu Claro,Dupla,Reta,Urbano,2012,1,0,0,0,1,0,0,1
1120024,2012-06-04,Segunda,14:30:00,RN,101,102.1,PARNAMIRIM,Falta de atenção,Colisão traseira,Com Vítimas Feridas,Pleno dia,Decrescente,Ceu Claro,Dupla,Reta,Urbano,2012,2,0,1,0,1,0,1,2
1120058,2012-06-09,Sábado,08:45:00,RN,101,109.7,PARNAMIRIM,Outras,Colisão Transversal,Sem Vítimas,Pleno dia,Decrescente,Nublado,Dupla,Reta,Urbano,2012,2,0,0,0,1,1,0,2
1120115,2012-05-20,Domingo,11:00:00,RN,101,80,NATAL,Outras,Queda de motocicleta / bicicleta / veículo,Com Vítimas Feridas,Pleno dia,Decrescente,Ceu Claro,Dupla,Reta,Urbano,2012,1,0,1,0,0,0,1,1
1120117,2012-05-28,Segunda,08:25:00,RN,101,82.9,NATAL,Não guardar distância de segurança,Colisão traseira,Sem Vítimas,Pleno dia,Decrescente,Ceu Claro,Dupla,Cruzamento,Urbano,2012,2,0,0,0,2,0,0,2
1120123,2012-06-09,Sábado,12:40:00,RN,110,50.4,MOSSORO,Falta de atenção,Colisão lateral,Sem Vítimas,Pleno dia,Crescente,Ceu Claro,Dupla,Curva,Urbano,2012,2,0,0,0,2,0,0,2
1120132,2012-06-05,Terça,17:55:00,RN,110,45.9,MOSSORO,Falta de atenção,Colisão Transversal,Com Vítimas Feridas,Anoitecer,Crescente,Ceu Claro,Simples,Reta,Urbano,2012,3,0,1,1,1,0,2,2
1120247,2012-06-09,Sábado,15:00:00,RN,101,68.3,EXTREMOZ,Outras,Saída de Pista,Sem Vítimas,Pleno dia,Decrescente,Ceu Claro,Simples,Reta,Rural,2012,2,0,0,0,2,0,0,1
1120299,2012-05-20,Domingo,11:00:00,RN,226,173,CURRAIS NOVOS,Outras,Saída de Pista,Com Vítimas Feridas,Pleno dia,Crescente,Sol,Simples,Curva,Rural,2012,1,0,0,1,0,0,1,1
1120395,2012-05-20,Domingo,19:30:00,RN,226,166.7,CURRAIS NOVOS,Outras,Capotamento,Com Vítimas Feridas,Plena noite,Crescente,Ceu Claro,Simples,Reta,Rural,2012,2,0,1,1,0,0,2,1
1120427,2012-06-09,Sábado,19:15:00,RN,101,99.7,NATAL,Falta de atenção,Colisão traseira,Sem Vítimas,Plena noite,Decrescente,Ceu Claro,Dupla,Reta,Urbano,2012,2,0,0,0,2,0,0,2
1120517,2012-06-10,Domingo,01:35:00,RN,101,83.1,NATAL,Ingestão de álcool,Colisão traseira,Sem Vítimas,Plena noite,Decrescente,Ceu Claro,Dupla,Curva,Urbano,2012,2,0,0,0,2,0,0,2
1120525,2012-06-01,Sexta,20:20:00,RN,110,46.9,MOSSORO,Outras,Queda de motocicleta / bicicleta / veículo,Com Vítimas Feridas,Plena noite,Crescente,Ceu Claro,Simples,Cruzamento,Urbano,2012,1,0,1,0,0,0,1,1
1120559,2012-06-10,Domingo,06:15:00,RN,101,110.2,PARNAMIRIM,Ingestão de álcool,Capotamento,Com Vítimas Feridas,Pleno dia,Crescente,Ceu Claro,Dupla,Reta,Rural,2012,4,0,1,3,0,0,4,1
1120715,2012-06-10,Domingo,09:15:00,RN,110,60.3,MOSSORO,Outras,Queda de motocicleta / bicicleta / veículo,Com Vítimas Fatais,Pleno dia,Crescente,Ceu Claro,Simples,Reta,Rural,2012,1,1,0,0,0,0,0,1
1120716,2012-06-08,Sexta,19:10:00,RN,304,222.4,CAICARA DO RIO DO VENTO,Outras,Colisão frontal,Com Vítimas Feridas,Plena noite,Crescente,Ceu Claro,Simples,Reta,Rural,2012,2,0,2,0,0,0,2,2
1120724,2012-05-19,Sábado,10:50:00,RN,101,85.8,SAO GONCALO DO AMARANTE,Outras,Colisão lateral,Sem Vítimas,Pleno dia,Crescente,Ceu Claro,Dupla,Reta,Urbano,2012,2,0,0,0,2,0,0,2
1120734,2012-06-10,Domingo,11:30:00,RN,101,96.5,NATAL,Falta de atenção,Colisão traseira,Sem Vítimas,Pleno dia,Crescente,Ceu Claro,Dupla,Curva,Urbano,2012,2,0,0,0,2,0,0,2
1120738,2012-05-19,Sábado,09:20:00,RN,101,85,SAO GONCALO DO AMARANTE,Outras,Colisão traseira,Sem Vítimas,Pleno dia,Crescente,Chuva,Dupla,Curva,Urbano,2012,2,0,0,0,2,0,0,2
1120740,2012-06-08,Sexta,19:15:00,RN,101,96.5,NATAL,Outras,Colisão Transversal,Sem Vítimas,Plena noite,Decrescente,Ceu Claro,Múltipla,Reta,Urbano,2012,2,0,0,0,2,0,0,2
1120768,2012-05-19,Sábado,07:30:00,RN,101,85.3,SAO GONCALO DO AMARANTE,Outras,Colisão lateral,Sem Vítimas,Pleno dia,Crescente,Nublado,Dupla,Reta,Urbano,2012,2,0,0,0,2,0,0,2
1120790,2012-05-21,Segunda,16:30:00,RN,101,85.2,SAO GONCALO DO AMARANTE,Outras,Queda de motocicleta / bicicleta / veículo,Com Vítimas Feridas,Pleno dia,Crescente,Ceu Claro,Dupla,Reta,Urbano,2012,1,0,1,0,0,0,1,1
1120807,2012-05-20,Domingo,05:30:00,RN,406,142,CEARA-MIRIM,Falta de atenção,Colisão Transversal,Sem Vítimas,Pleno dia,Crescente,Ceu Claro,Simples,Reta,Urbano,2012,2,0,0,0,2,0,0,2
1120868,2012-06-10,Domingo,11:40:00,RN,101,126.6,SAO JOSE DE MIPIBU,Falta de atenção,Colisão traseira,Sem Vítimas,Plena noite,Decrescente,Sol,Dupla,Reta,Urbano,2012,2,0,0,0,2,0,0,2
1120927,2012-06-07,Quinta,11:00:00,RN,101,104,PARNAMIRIM,Falta de atenção,Colisão lateral,Sem Vítimas,Pleno dia,Crescente,Ceu Claro,Dupla,Cruzamento,Urbano,2012,2,0,0,0,2,0,0,2
1121095,2012-05-12,Sábado,07:25:00,RN,343,48.5,MOSSORO,Outras,Atropelamento de pessoa,Com Vítimas Feridas,Pleno dia,Decrescente,Sol,Dupla,Cruzamento,Urbano,2012,3,0,2,1,0,0,3,1
1121108,2012-05-29,Terça,11:30:00,RN,101,82.9,NATAL,Falta de atenção,Colisão lateral,Sem Vítimas,Pleno dia,Decrescente,Ceu Claro,Simples,Reta,Urbano,2012,2,0,0,0,2,0,0,2
1121122,2012-06-02,Sábado,12:30:00,RN,101,95.4,NATAL,Falta de atenção,Colisão traseira,Sem Vítimas,Pleno dia,Crescente,Ceu Claro,Dupla,Reta,Urbano,2012,4,0,0,0,4,0,0,4
1121135,2012-05-31,Quinta,08:40:00,RN,304,30.4,MOSSORO,Falta de atenção,Colisão Transversal,Com Vítimas Feridas,Pleno dia,Decrescente,Sol,Simples,Reta,Rural,2012,2,0,0,1,1,0,1,2
1121179,2012-05-22,Terça,18:10:00,RN,304,38.5,MOSSORO,Ingestão de álcool,Atropelamento de pessoa,Com Vítimas Fatais,Plena noite,Crescente,Ceu Claro,Simples,Reta,Urbano,2012,2,1,0,0,1,0,0,1
1121243,2012-06-11,Segunda,10:00:00,RN,101,98.7,NATAL,Outras,Colisão traseira,Sem Vítimas,Pleno dia,Crescente,Ceu Claro,Dupla,Reta,Urbano,2012,2,0,0,0,2,0,0,2
1121315,2012-06-11,Segunda,14:30:00,RN,101,94.1,NATAL,Falta de atenção,Colisão traseira,Sem Vítimas,Pleno dia,Decrescente,Nublado,Múltipla,Reta,Urbano,2012,2,0,0,0,2,0,0,2
1121316,2012-06-11,Segunda,15:15:00,RN,101,101.8,PARNAMIRIM,Falta de atenção,Colisão traseira,Sem Vítimas,Pleno dia,Crescente,Ceu Claro,Dupla,Reta,Urbano,2012,2,0,0,0,2,0,0,2
1121462,2012-06-11,Segunda,17:05:00,RN,110,46.4,MOSSORO,Falta de atenção,Colisão traseira,Sem Vítimas,Pleno dia,Crescente,Ceu Claro,Simples,Reta,Urbano,2012,2,0,0,0,2,0,0,2
1121530,2012-05-31,Quinta,08:10:00,RN,101,99.8,NATAL,Não guardar distância de segurança,Colisão traseira,Com Vítimas Feridas,Pleno dia,Crescente,Sol,Múltipla,Reta,Urbano,2012,2,0,1,0,1,0,1,2
1121547,2012-06-11,Segunda,19:15:00,RN,101,96.1,NATAL,Outras,Atropelamento de pessoa,Com Vítimas Feridas,Plena noite,Crescente,Nublado,Múltipla,Reta,Urbano,2012,2,0,0,1,1,0,1,1
1121628,2012-06-11,Segunda,21:15:00,RN,304,103.5,ASSU,Não guardar distância de segurança,Colisão lateral,Com Vítimas Feridas,Plena noite,Crescente,Ceu Claro,Simples,Reta,Rural,2012,4,0,2,0,1,1,2,2
1121746,2012-06-12,Terça,07:40:00,RN,101,84.8,SAO GONCALO DO AMARANTE,Falta de atenção,Colisão traseira,Sem Vítimas,Pleno dia,Crescente,Ceu Claro,Simples,Reta,Rural,2012,3,0,0,0,3,0,0,3
1121777,2012-06-09,Sábado,00:10:00,RN,101,95.5,NATAL,Desobediência à sinalização,Colisão lateral,Sem Vítimas,Plena noite,Crescente,Chuva,Múltipla,Cruzamento,Urbano,2012,2,0,0,0,2,0,0,2
1121790,2012-05-10,Quinta,23:15:00,RN,101,161,CANGUARETAMA,Ingestão de álcool,Colisão traseira,Com Vítimas Feridas,Plena noite,Decrescente,Ceu Claro,Simples,Reta,Urbano,2012,2,0,1,0,0,1,1,2
1121797,2012-06-09,Sábado,00:25:00,RN,304,293.8,MACAIBA,Outras,Tombamento,Com Vítimas Feridas,Plena noite,Crescente,Chuva,Simples,Reta,Rural,2012,1,0,1,0,0,0,1,1
1121894,2012-05-19,Sábado,19:40:00,RN,101,95.8,NATAL,Falta de atenção,Colisão traseira,Sem Vítimas,Plena noite,Decrescente,Chuva,Múltipla,Reta,Urbano,2012,2,0,0,0,2,0,0,2
1121922,2012-05-23,Quarta,15:35:00,RN,101,99.6,NATAL,Desobediência à sinalização,Colisão Transversal,Com Vítimas Feridas,Pleno dia,Crescente,Ceu Claro,Múltipla,Reta,Urbano,2012,2,0,0,1,1,0,1,2
1121932,2012-06-12,Terça,13:50:00,RN,101,97.1,NATAL,Não guardar distância de segurança,Colisão traseira,Sem Vítimas,Pleno dia,Decrescente,Nublado,Dupla,Reta,Urbano,2012,2,0,0,0,2,0,0,2
1121987,2012-06-12,Terça,16:20:00,RN,101,102,PARNAMIRIM,Outras,Colisão lateral,Sem Vítimas,Anoitecer,Decrescente,Nublado,Dupla,Reta,Urbano,2012,2,0,0,0,1,1,0,2
1121997,2012-06-12,Terça,13:00:00,RN,101,107,PARNAMIRIM,Defeito mecânico em veículo,Colisão traseira,Sem Vítimas,Pleno dia,Crescente,Nublado,Dupla,Cruzamento,Urbano,2012,2,0,0,0,2,0,0,2
1122053,2012-06-12,Terça,09:20:00,RN,101,171.1,BAIA FORMOSA,Outras,Capotamento,Sem Vítimas,Pleno dia,Decrescente,Chuva,Dupla,Curva,Rural,2012,1,0,0,0,1,0,0,1
1122104,2012-06-10,Domingo,20:40:00,RN,226,5.4,NATAL,Desobediência à sinalização,Colisão frontal,Com Vítimas Fatais,Plena noite,Crescente,Ceu Claro,Simples,Reta,Rural,2012,2,1,0,0,1,0,0,2
1122384,2012-06-13,Quarta,08:00:00,RN,101,99.8,NATAL,Outras,Colisão traseira,Sem Vítimas,Pleno dia,Crescente,Ceu Claro,Dupla,Reta,Urbano,2012,2,0,0,0,2,0,0,2
1122445,2012-06-13,Quarta,10:00:00,RN,101,96,NATAL,Falta de atenção,Colisão traseira,Sem Vítimas,Pleno dia,Decrescente,Ceu Claro,Dupla,Cruzamento,Urbano,2012,2,0,0,0,2,0,0,2
1122452,2012-06-13,Quarta,12:15:00,RN,101,95.3,NATAL,Outras,Colisão traseira,Sem Vítimas,Pleno dia,Crescente,Ceu Claro,Simples,Reta,Urbano,2012,2,0,0,0,2,0,0,2
1122457,2012-06-13,Quarta,09:00:00,RN,101,105.8,PARNAMIRIM,Falta de atenção,Colisão lateral,Sem Vítimas,Pleno dia,Crescente,Ceu Claro,Dupla,Cruzamento,Urbano,2012,2,0,0,0,2,0,0,2
1122476,2012-06-08,Sexta,07:35:00,RN,304,47.9,MOSSORO,Desobediência à sinalização,Colisão Transversal,Sem Vítimas,Pleno dia,Crescente,Ceu Claro,Dupla,Reta,Urbano,2012,2,0,0,0,2,0,0,2
1122482,2012-06-10,Domingo,04:30:00,RN,101,107.2,PARNAMIRIM,Ingestão de álcool,Colisão traseira,Sem Vítimas,Plena noite,Decrescente,Ceu Claro,Dupla,Reta,Urbano,2012,3,0,0,0,3,0,0,3
1122483,2012-06-07,Quinta,22:10:00,RN,110,49.2,MOSSORO,Falta de atenção,Colisão lateral,Com Vítimas Feridas,Plena noite,Decrescente,Ceu Claro,Dupla,Reta,Urbano,2012,2,0,1,0,1,0,1,2
1122515,2012-06-09,Sábado,18:10:00,RN,101,76.5,SAO GONCALO DO AMARANTE,Ingestão de álcool,Colisão traseira,Com Vítimas Feridas,Plena noite,Crescente,Ceu Claro,Dupla,Reta,Rural,2012,3,0,1,1,1,0,2,2
1122529,2012-05-14,Segunda,14:40:00,RN,101,85,NATAL,Não guardar distância de segurança,Colisão traseira,Sem Vítimas,Pleno dia,Crescente,Ceu Claro,Dupla,Reta,Urbano,2012,2,0,0,0,2,0,0,2
1122605,2012-05-28,Segunda,08:00:00,RN,304,285,MACAIBA,Não guardar distância de segurança,Colisão lateral,Com Vítimas Feridas,Pleno dia,Crescente,Ceu Claro,Simples,Reta,Rural,2012,2,0,1,0,0,1,1,2
1122674,2012-06-13,Quarta,17:15:00,RN,101,96.8,NATAL,Falta de atenção,Colisão traseira,Sem Vítimas,Anoitecer,Decrescente,Ceu Claro,Dupla,Cruzamento,Urbano,2012,3,0,0,0,3,0,0,3
1122680,2012-06-13,Quarta,18:15:00,RN,101,98,NATAL,Falta de atenção,Colisão traseira,Sem Vítimas,Plena noite,Decrescente,Ceu Claro,Múltipla,Cruzamento,Urbano,2012,2,0,0,0,2,0,0,2
1122693,2012-06-13,Quarta,09:10:00,RN,101,100,NATAL,Outras,Atropelamento de pessoa,Com Vítimas Feridas,Pleno dia,Decrescente,Sol,Múltipla,Reta,Urbano,2012,2,0,1,1,0,0,2,1
1122698,2012-06-13,Quarta,18:40:00,RN,226,4,NATAL,Falta de atenção,Colisão Transversal,Sem Vítimas,Plena noite,Crescente,Ceu Claro,Simples,Cruzamento,Urbano,2012,2,0,0,0,2,0,0,2
1122741,2012-06-13,Quarta,16:20:00,RN,101,101.7,PARNAMIRIM,Não guardar distância de segurança,Colisão traseira,Com Vítimas Feridas,Pleno dia,Decrescente,Sol,Múltipla,Reta,Urbano,2012,2,0,1,0,1,0,1,2
1122787,2012-06-13,Quarta,22:30:00,RN,226,174.8,CURRAIS NOVOS,Animais na Pista,Atropelamento de animal,Com Vítimas Feridas,Plena noite,Crescente,Ceu Claro,Simples,Reta,Rural,2012,1,0,1,0,0,0,1,1
1123041,2012-06-06,Quarta,13:20:00,RN,304,111.1,MOSSORO,Falta de atenção,Capotamento,Com Vítimas Feridas,Pleno dia,Crescente,Sol,Simples,Reta,Rural,2012,4,0,0,2,2,0,2,1
1123128,2012-05-29,Terça,14:00:00,RN,226,176.3,CURRAIS NOVOS,Outras,Atropelamento de pessoa,Com Vítimas Feridas,Pleno dia,Decrescente,Ceu Claro,Simples,Reta,Urbano,2012,2,0,1,0,1,0,1,1
1123185,2012-06-14,Quinta,13:20:00,RN,101,96.5,NATAL,Falta de atenção,Colisão traseira,Sem Vítimas,Pleno dia,Decrescente,Nublado,Dupla,Reta,Urbano,2012,2,0,0,0,2,0,0,2
1123188,2012-06-14,Quinta,14:30:00,RN,101,96.5,NATAL,Falta de atenção,Colisão traseira,Sem Vítimas,Pleno dia,Decrescente,Ceu Claro,Dupla,Reta,Urbano,2012,3,0,0,0,3,0,0,3
1123231,2012-06-14,Quinta,13:20:00,RN,226,113,SANTA CRUZ,Falta de atenção,Colisão traseira,Sem Vítimas,Pleno dia,Crescente,Sol,Simples,Reta,Urbano,2012,2,0,0,0,2,0,0,2
1123233,2012-06-14,Quinta,17:22:00,RN,304,36,MOSSORO,Falta de atenção,Colisão traseira,Sem Vítimas,Pleno dia,Crescente,Sol,Simples,Cruzamento,Urbano,2012,2,0,0,0,1,1,0,2
1123245,2012-06-14,Quinta,15:20:00,RN,304,34.2,MOSSORO,Falta de atenção,Colisão Transversal,Com Vítimas Feridas,Amanhecer,Decrescente,Ceu Claro,Simples,Reta,Urbano,2012,2,0,1,0,0,1,1,2
1123292,2012-06-14,Quinta,17:50:00,RN,110,45.2,MOSSORO,Não guardar distância de segurança,Colisão traseira,Sem Vítimas,Plena noite,Decrescente,Ceu Claro,Simples,Reta,Urbano,2012,2,0,0,0,2,0,0,2
1123311,2012-06-13,Quarta,21:40:00,RN,101,95.3,NATAL,Desobediência à sinalização,Colisão Transversal,Com Vítimas Feridas,Plena noite,Crescente,Ceu Claro,Múltipla,Cruzamento,Urbano,2012,3,0,0,2,1,0,2,2
1123344,2012-06-14,Quinta,18:40:00,RN,101,98,NATAL,Falta de atenção,Colisão Transversal,Sem Vítimas,Plena noite,Crescente,Nublado,Múltipla,Curva,Urbano,2012,2,0,0,0,2,0,0,2
1123521,2012-06-11,Segunda,15:15:00,RN,304,13.7,MOSSORO,Falta de atenção,Colisão Transversal,Sem Vítimas,Pleno dia,Decrescente,Sol,Simples,Reta,Rural,2012,2,0,0,0,2,0,0,2
1123619,2012-05-22,Terça,06:32:00,RN,226,1.7,NATAL,Outras,Colisão lateral,Sem Vítimas,Pleno dia,Crescente,Ceu Claro,Simples,Reta,Urbano,2012,2,0,0,0,2,0,0,2
1123865,2012-06-15,Sexta,11:14:00,RN,101,96.8,NATAL,Falta de atenção,Atropelamento de pessoa,Com Vítimas Feridas,Pleno dia,Crescente,Ceu Claro,Múltipla,Reta,Urbano,2012,2,0,1,0,1,0,1,1
1123868,2012-06-15,Sexta,11:45:00,RN,304,36,MOSSORO,Não guardar distância de segurança,Colisão traseira,Sem Vítimas,Pleno dia,Crescente,Ceu Claro,Simples,Cruzamento,Urbano,2012,3,0,0,0,2,1,0,3
1123882,2012-06-15,Sexta,17:30:00,RN,304,48,MOSSORO,Falta de atenção,Colisão Transversal,Com Vítimas Feridas,Anoitecer,Crescente,Ceu Claro,Simples,Curva,Urbano,2012,2,0,1,0,1,0,1,2
1123920,2012-06-11,Segunda,09:20:00,RN,101,84.6,NATAL,Outras,Atropelamento de pessoa,Com Vítimas Fatais,Pleno dia,Decrescente,Ceu Claro,Múltipla,Curva,Urbano,2012,2,1,1,0,0,0,1,1
1124069,2012-06-15,Sexta,18:47:00,RN,101,101,NATAL,Outras,Colisão lateral,Com Vítimas Feridas,Plena noite,Decrescente,Ceu Claro,Múltipla,Reta,Urbano,2012,2,0,1,0,1,0,1,2
1124074,2012-06-15,Sexta,19:40:00,RN,226,108.8,SANTA CRUZ,Não guardar distância de segurança,Colisão traseira,Sem Vítimas,Plena noite,Crescente,Ceu Claro,Simples,Reta,Rural,2012,2,0,0,0,2,0,0,2
1124128,2012-06-13,Quarta,05:40:00,RN,101,119.8,PARNAMIRIM,Outras,Queda de motocicleta / bicicleta / veículo,Com Vítimas Feridas,Amanhecer,Decrescente,Ceu Claro,Dupla,Reta,Rural,2012,1,0,1,0,0,0,1,1