id,data_inversa,dia_semana,horario,uf,br,km,municipio,causa_acidente,tipo_acidente,classificacao_acidente,fase_dia,sentido_via,condicao_metereologica,tipo_pista,tracado_via,uso_solo,ano,pessoas,mortos,feridos_leves,feridos_graves,ilesos,ignorados,feridos,veiculos
1124226,2012-06-09,Sábado,21:00:00,RN,101,108.6,PARNAMIRIM,Ingestão de álcool,Colisão lateral,Com Vítimas Feridas,Plena noite,Crescente,Ceu Claro,Dupla,Cruzamento,Urbano,2012,2,0,1,0,1,0,1,2
1124294,2012-06-16,Sábado,11:45:00,RN,304,35.5,MOSSORO,Falta de atenção,Colisão traseira,Sem Vítimas,Pleno dia,Crescente,Ceu Claro,Simples,Curva,Urbano,2012,2,0,0,0,2,0,0,2
1124317,2012-06-16,Sábado,13:10:00,RN,101,97,NATAL,Falta de atenção,Colisão traseira,Sem Vítimas,Pleno dia,Crescente,Sol,Múltipla,Reta,Urbano,2012,4,0,0,0,4,0,0,4
1124326,2012-06-16,Sábado,11:45:00,RN,304,46.8,MOSSORO,Falta de atenção,Colisão traseira,Sem Vítimas,Pleno dia,Decrescente,Ceu Claro,Dupla,Reta,Urbano,2012,2,0,0,0,2,0,0,2
1124370,2012-06-16,Sábado,12:15:00,RN,101,107.6,PARNAMIRIM,Falta de atenção,Colisão traseira,Com Vítimas Feridas,Pleno dia,Crescente,Sol,Dupla,Reta,Urbano,2012,2,0,0,1,1,0,1,2
1124512,2012-06-16,Sábado,10:40:00,RN,101,104,PARNAMIRIM,Não guardar distância de segurança,Colisão traseira,Sem Vítimas,Pleno dia,Decrescente,Ceu Claro,Dupla,Reta,Urbano,2012,2,0,0,0,2,0,0,2
1124566,2012-06-17,Domingo,00:20:00,RN,101,95.1,NATAL,Falta de atenção,Colisão traseira,Sem Vítimas,Plena noite,Decrescente,Ceu Claro,Múltipla,Reta,Urbano,2012,2,0,0,0,2,0,0,2
1124582,2012-06-17,Domingo,02:00:00,RN,101,106.5,PARNAMIRIM,Falta de atenção,Colisão traseira,Sem Vítimas,Plena noite,Decrescente,Vento,Dupla,Reta,Urbano,2012,2,0,0,0,2,0,0,2
1124645,2012-06-09,Sábado,19:30:00,RN,101,83,SAO GONCALO DO AMARANTE,Falta de atenção,Colisão traseira,Sem Vítimas,Plena noite,Crescente,Ceu Claro,Dupla,Cruzamento,Urbano,2012,2,0,0,0,1,1,0,2
1124649,2012-06-10,Domingo,13:00:00,RN,101,76.9,NATAL,Outras,Colisão Transversal,Sem Vítimas,Pleno dia,Decrescente,Sol,Dupla,Curva,Rural,2012,2,0,0,0,2,0,0,2
1124719,2012-06-11,Segunda,22:00:00,RN,101,77.6,NATAL,Outras,Colisão traseira,Com Vítimas Feridas,Plena noite,Decrescente,Ceu Claro,Dupla,Reta,Urbano,2012,3,0,0,2,1,0,2,2
1124736,2012-06-15,Sexta,22:00:00,RN,406,31.6,JANDAIRA,Desobediência à sinalização,Colisão lateral,Sem Vítimas,Plena noite,Decrescente,Ceu Claro,Simples,Reta,Urbano,2012,2,0,0,0,1,1,0,2
1124905,2012-06-17,Domingo,15:45:00,RN,101,76,EXTREMOZ,Falta de atenção,Queda de motocicleta / bicicleta / veículo,Com Vítimas Feridas,Pleno dia,Crescente,Ceu Claro,Dupla,Reta,Rural,2012,2,0,1,1,0,0,2,1
1125110,2012-06-13,Quarta,15:00:00,RN,101,83.2,SAO GONCALO DO AMARANTE,Não guardar distância de segurança,Colisão traseira,Sem Vítimas,Pleno dia,Crescente,Ceu Claro,Dupla,Reta,Urbano,2012,3,0,0,0,3,0,0,3
1125117,2012-06-13,Quarta,11:20:00,RN,304,35.6,MOSSORO,Falta de atenção,Colisão traseira,Sem Vítimas,Pleno dia,Decrescente,Sol,Simples,Cruzamento,Urbano,2012,2,0,0,0,2,0,0,2
1125162,2012-06-18,Segunda,04:30:00,RN,406,139.6,CEARA-MIRIM,Outras,Colisão traseira,Sem Vítimas,Plena noite,Decrescente,Vento,Simples,Reta,Rural,2012,2,0,0,0,2,0,0,2
1125278,2012-06-18,Segunda,07:45:00,RN,101,99.1,NATAL,Falta de atenção,Colisão lateral,Sem Vítimas,Pleno dia,Decrescente,Sol,Dupla,Reta,Urbano,2012,2,0,0,0,2,0,0,2
1125299,2012-06-18,Segunda,09:45:00,RN,101,94.8,NATAL,Não guardar distância de segurança,Colisão traseira,Sem Vítimas,Pleno dia,Decrescente,Ceu Claro,Dupla,Reta,Urbano,2012,2,0,0,0,2,0,0,2
1125355,2012-06-18,Segunda,11:30:00,RN,101,96.8,NATAL,Falta de atenção,Colisão lateral,Sem Vítimas,Pleno dia,Crescente,Ceu Claro,Múltipla,Cruzamento,Urbano,2012,2,0,0,0,2,0,0,2
1125367,2012-06-18,Segunda,06:45:00,RN,101,106.6,PARNAMIRIM,Não guardar distância de segurança,Colisão traseira,Sem Vítimas,Pleno dia,Decrescente,Sol,Dupla,Reta,Urbano,2012,3,0,0,0,3,0,0,3
1125369,2012-06-18,Segunda,13:15:00,RN,406,148,CEARA-MIRIM,Não guardar distância de segurança,Colisão traseira,Sem Vítimas,Pleno dia,Decrescente,Sol,Simples,Reta,Rural,2012,2,0,0,0,2,0,0,2
1125380,2012-06-10,Domingo,18:20:00,RN,406,144,CEARA-MIRIM,Falta de atenção,Colisão lateral,Sem Vítimas,Plena noite,Decrescente,Ceu Claro,Simples,Reta,Urbano,2012,4,0,0,0,2,2,0,4
1125485,2012-06-18,Segunda,16:40:00,RN,101,98.8,NATAL,Falta de atenção,Colisão traseira,Sem Vítimas,Pleno dia,Decrescente,Ceu Claro,Dupla,Reta,Urbano,2012,2,0,0,0,2,0,0,2
1125538,2012-06-18,Segunda,14:40:00,RN,101,98.9,NATAL,Falta de atenção,Colisão traseira,Sem Vítimas,Pleno dia,Crescente,Ceu Claro,Múltipla,Reta,Urbano,2012,2,0,0,0,2,0,0,2
1125544,2012-06-18,Segunda,17:15:00,RN,101,83.5,NATAL,Outras,Colisão traseira,Sem Vítimas,Anoitecer,Decrescente,Ceu Claro,Dupla,Reta,Urbano,2012,2,0,0,0,2,0,0,2
1125559,2012-06-18,Segunda,17:10:00,RN,101,98.6,NATAL,Falta de atenção,Colisão traseira,Com Vítimas Feridas,Pleno dia,Decrescente,Ceu Claro,Múltipla,Reta,Urbano,2012,2,0,1,0,1,0,1,2
1125563,2012-06-18,Segunda,17:40:00,RN,406,149,CEARA-MIRIM,Ultrapassagem indevida,Colisão lateral,Com Vítimas Feridas,Anoitecer,Crescente,Ceu Claro,Simples,Reta,Rural,2012,3,0,2,0,0,1,2,2
1125626,2012-06-15,Sexta,12:50:00,RN,101,99.7,NATAL,Outras,Colisão Transversal,Sem Vítimas,Pleno dia,Decrescente,Sol,Múltipla,Reta,Urbano,2012,2,0,0,0,2,0,0,2
1125640,2012-06-15,Sexta,19:15:00,RN,101,97.4,NATAL,Outras,Colisão traseira,Sem Vítimas,Plena noite,Crescente,Ceu Claro,Múltipla,Reta,Urbano,2012,2,0,0,0,2,0,0,2
1125827,2012-06-18,Segunda,16:20:00,RN,101,97.9,NATAL,Velocidade incompatível,Colisão com objeto fixo,Com Vítimas Feridas,Pleno dia,Crescente,Ceu Claro,Dupla,Reta,Urbano,2012,2,0,1,0,0,1,1,2
1125835,2012-06-19,Terça,10:00:00,RN,101,83.5,SAO GONCALO DO AMARANTE,Falta de atenção,Colisão lateral,Sem Vítimas,Pleno dia,Crescente,Chuva,Dupla,Reta,Urbano,2012,2,0,0,0,2,0,0,2
1125888,2012-06-19,Terça,09:35:00,RN,101,96.7,NATAL,Desobediência à sinalização,Colisão Transversal,Com Vítimas Feridas,Pleno dia,Crescente,Chuva,Dupla,Cruzamento,Urbano,2012,2,0,1,0,1,0,1,2
1125906,2012-06-19,Terça,11:10:00,RN,101,103.4,PARNAMIRIM,Falta de atenção,Colisão lateral,Sem Vítimas,Pleno dia,Crescente,Ceu Claro,Dupla,Reta,Urbano,2012,2,0,0,0,2,0,0,2
1125957,2012-06-19,Terça,07:00:00,RN,101,101.8,PARNAMIRIM,Falta de atenção,Colisão traseira,Com Vítimas Feridas,Pleno dia,Crescente,Nublado,Dupla,Cruzamento,Urbano,2012,2,0,2,0,0,0,2,2
1125981,2012-06-19,Terça,13:45:00,RN,226,46.6,BOM JESUS,Outras,Capotamento,Sem Vítimas,Pleno dia,Decrescente,Chuva,Simples,Curva,Rural,2012,1,0,0,0,1,0,0,1
1126004,2012-06-15,Sexta,21:10:00,RN,101,106.5,PARNAMIRIM,Outras,Colisão traseira,Sem Vítimas,Plena noite,Crescente,Ceu Claro,Dupla,Reta,Urbano,2012,2,0,0,0,1,1,0,2
1126039,2012-06-19,Terça,13:30:00,RN,101,84.6,SAO GONCALO DO AMARANTE,Outras,Colisão com objeto fixo,Com Vítimas Feridas,Pleno dia,Crescente,Chuva,Simples,Curva,Urbano,2012,6,0,4,2,0,0,6,1
1126042,2012-05-24,Quinta,07:30:00,RN,101,85.2,SAO GONCALO DO AMARANTE,Falta de atenção,Queda de motocicleta / bicicleta / veículo,Com Vítimas Feridas,Pleno dia,Crescente,Nublado,Dupla,Curva,Urbano,2012,2,0,1,0,1,0,1,1
1126090,2012-06-19,Terça,07:40:00,RN,304,241.7,RIACHUELO,Ultrapassagem indevida,Colisão frontal,Com Vítimas Feridas,Pleno dia,Crescente,Nublado,Simples,Reta,Rural,2012,4,0,2,0,2,0,2,2
1126230,2012-06-19,Terça,19:20:00,RN,226,232.6,FLORANIA,Animais na Pista,Atropelamento de animal,Sem Vítimas,Plena noite,Crescente,Ceu Claro,Simples,Reta,Rural,2012,2,0,0,0,2,0,0,2
1126243,2012-06-19,Terça,11:10:00,RN,101,103.5,PARNAMIRIM,Falta de atenção,Colisão lateral,Sem Vítimas,Pleno dia,Crescente,Chuva,Dupla,Reta,Urbano,2012,2,0,0,0,2,0,0,2
1126355,2012-06-05,Terça,20:40:00,RN,101,98.9,NATAL,Desobediência à sinalização,Atropelamento de pessoa,Com Vítimas Feridas,Plena noite,Crescente,Ceu Claro,Dupla,Reta,Urbano,2012,2,0,2,0,0,0,2,1
1126365,2012-06-16,Sábado,19:00:00,RN,101,106,PARNAMIRIM,Ingestão de álcool,Colisão traseira,Sem Vítimas,Plena noite,Decrescente,Ceu Claro,Dupla,Reta,Urbano,2012,2,0,0,0,2,0,0,2
1126486,2012-06-20,Quarta,12:10:00,RN,101,84.8,NATAL,Outras,Colisão traseira,Sem Vítimas,Pleno dia,Crescente,Ceu Claro,Simples,Curva,Urbano,2012,2,0,0,0,2,0,0,2
1126515,2012-06-20,Quarta,12:00:00,RN,101,85.6,NATAL,Não guardar distância de segurança,Colisão traseira,Com Vítimas Feridas,Pleno dia,Crescente,Ceu Claro,Dupla,Reta,Urbano,2012,5,0,0,2,3,0,2,4
1126523,2012-06-20,Quarta,07:55:00,RN,226,2.8,NATAL,Falta de atenção,Colisão traseira,Com Vítimas Feridas,Pleno dia,Decrescente,Sol,Simples,Reta,Urbano,2012,2,0,1,0,1,0,1,2
1126589,2012-06-20,Quarta,15:00:00,RN,101,136.9,SAO JOSE DE MIPIBU,Não guardar distância de segurança,Colisão traseira,Sem Vítimas,Pleno dia,Crescente,Ceu Claro,Dupla,Curva,Rural,2012,2,0,0,0,2,0,0,2
1126648,2012-06-20,Quarta,14:40:00,RN,110,1.7,AREIA BRANCA,Outras,Colisão Transversal,Sem Vítimas,Pleno dia,Crescente,Ceu Claro,Simples,Reta,Urbano,2012,2,0,0,0,2,0,0,2
1126678,2012-06-13,Quarta,21:10:00,RN,101,97.1,NATAL,Falta de atenção,Colisão Transversal,Sem Vítimas,Plena noite,Decrescente,Ceu Claro,Dupla,Reta,Urbano,2012,2,0,0,0,2,0,0,2
1126737,2012-06-20,Quarta,08:15:00,RN,101,103.4,PARNAMIRIM,Falta de atenção,Colisão lateral,Sem Vítimas,Pleno dia,Decrescente,Ceu Claro,Dupla,Reta,Urbano,2012,2,0,0,0,2,0,0,2
1126738,2012-06-20,Quarta,17:40:00,RN,110,47.5,MOSSORO,Falta de atenção,Colisão lateral,Com Vítimas Feridas,Anoitecer,Decrescente,Ceu Claro,Simples,Reta,Urbano,2012,2,0,1,0,1,0,1,2
1126786,2012-06-20,Quarta,11:45:00,RN,110,100,UPANEMA,Desobediência à sinalização,Colisão Transversal,Sem Vítimas,Pleno dia,Crescente,Ceu Claro,Dupla,Cruzamento,Urbano,2012,2,0,0,0,1,1,0,2
1126954,2012-06-21,Quinta,13:00:00,RN,226,11,MACAIBA,Outras,Colisão traseira,Com Vítimas Feridas,Pleno dia,Crescente,Ceu Claro,Simples,Reta,Urbano,2012,2,0,0,1,1,0,1,2
1127074,2012-06-21,Quinta,17:10:00,RN,304,292,MACAIBA,Outras,Atropelamento de pessoa,Com Vítimas Feridas,Anoitecer,Crescente,Ceu Claro,Simples,Reta,Rural,2012,2,0,0,1,1,0,1,1
1127194,2012-06-21,Quinta,20:00:00,RN,101,114.9,SAO JOSE DE MIPIBU,Animais na Pista,Atropelamento de animal,Sem Vítimas,Plena noite,Crescente,Nublado,Dupla,Reta,Rural,2012,1,0,0,0,1,0,0,1
1127205,2012-06-13,Quarta,20:50:00,RN,304,76,MOSSORO,Defeito na via,Queda de motocicleta / bicicleta / veículo,Com Vítimas Feridas,Plena noite,Decrescente,Ceu Claro,Simples,Cruzamento,Rural,2012,1,0,0,1,0,0,1,1
1127268,2012-06-21,Quinta,22:30:00,RN,101,114.1,SAO JOSE DE MIPIBU,Outras,Queda de motocicleta / bicicleta / veículo,Com Vítimas Feridas,Plena noite,Decrescente,Chuva,Dupla,Reta,Urbano,2012,1,0,1,0,0,0,1,1
1127273,2012-06-22,Sexta,04:30:00,RN,101,125,SAO JOSE DE MIPIBU,Outras,Colisão lateral,Sem Vítimas,Plena noite,Decrescente,Chuva,Dupla,Reta,Urbano,2012,2,0,0,0,2,0,0,2
1127280,2012-06-22,Sexta,00:25:00,RN,101,95.2,NATAL,Outras,Colisão traseira,Com Vítimas Feridas,Plena noite,Crescente,Chuva,Dupla,Reta,Urbano,2012,7,0,3,0,4,0,3,5
1127289,2012-06-21,Quinta,20:00:00,RN,101,148.1,GOIANINHA,Outras,Atropelamento de pessoa,Com Vítimas Feridas,Plena noite,Crescente,Nublado,Múltipla,Reta,Urbano,2012,2,0,0,1,1,0,1,1
1127330,2012-06-22,Sexta,07:00:00,RN,101,101.5,PARNAMIRIM,Desobediência à sinalização,Colisão Transversal,Sem Vítimas,Pleno dia,Decrescente,Chuva,Múltipla,Cruzamento,Urbano,2012,2,0,0,0,2,0,0,2
1127437,2012-06-22,Sexta,11:50:00,RN,101,85,SAO GONCALO DO AMARANTE,Falta de atenção,Colisão lateral,Sem Vítimas,Pleno dia,Crescente,Chuva,Dupla,Reta,Urbano,2012,2,0,0,0,1,1,0,2
1127467,2012-06-22,Sexta,11:20:00,RN,101,102.2,PARNAMIRIM,Desobediência à sinalização,Colisão traseira,Sem Vítimas,Pleno dia,Decrescente,Chuva,Dupla,Curva,Urbano,2012,2,0,0,0,2,0,0,2
1127575,2012-06-22,Sexta,17:30:00,RN,304,43.3,MOSSORO,Não guardar distância de segurança,Colisão traseira,Sem Vítimas,Anoitecer,Decrescente,Ceu Claro,Simples,Reta,Urbano,2012,2,0,0,0,2,0,0,2
1127590,2012-06-22,Sexta,16:00:00,RN,226,138.9,CAMPO REDONDO,Não guardar distância de segurança,Colisão traseira,Sem Vítimas,Pleno dia,Decrescente,Chuva,Simples,Reta,Rural,2012,3,0,0,0,3,0,0,3
1127613,2012-06-22,Sexta,19:35:00,RN,110,45.5,MOSSORO,Outras,Queda de motocicleta / bicicleta / veículo,Com Vítimas Feridas,Plena noite,Decrescente,Ceu Claro,Simples,Reta,Urbano,2012,1,0,1,0,0,0,1,1
1127633,2012-06-22,Sexta,07:15:00,RN,304,43.2,MOSSORO,Falta de atenção,Colisão Transversal,Com Vítimas Feridas,Pleno dia,Crescente,Nublado,Simples,Cruzamento,Urbano,2012,2,0,1,0,1,0,1,2
1127652,2012-06-22,Sexta,17:30:00,RN,226,172.1,CURRAIS NOVOS,Outras,Capotamento,Sem Vítimas,Anoitecer,Decrescente,Ceu Claro,Simples,Reta,Rural,2012,1,0,0,0,1,0,0,1
1127654,2012-06-22,Sexta,19:05:00,RN,101,96.4,NATAL,Falta de atenção,Colisão traseira,Sem Vítimas,Plena noite,Crescente,Nublado,Múltipla,Reta,Urbano,2012,2,0,0,0,2,0,0,2
1127694,2012-06-22,Sexta,08:50:00,RN,304,232.4,RIACHUELO,Outras,Capotamento,Sem Vítimas,Amanhecer,Crescente,Nevoeiro/neblina,Simples,Curva,Rural,2012,1,0,0,0,1,0,0,1
1127701,2012-06-18,Segunda,16:20:00,RN,101,127,SAO JOSE DE MIPIBU,Falta de atenção,Colisão Transversal,Sem Vítimas,Pleno dia,Decrescente,Sol,Dupla,Curva,Rural,2012,2,0,0,0,2,0,0,2
1127754,2012-06-22,Sexta,18:40:00,RN,110,49.5,MOSSORO,Falta de atenção,Colisão Transversal,Com Vítimas Feridas,Plena noite,Decrescente,Ceu Claro,Dupla,Reta,Urbano,2012,2,0,2,0,0,0,2,2
1127811,2012-06-22,Sexta,23:20:00,RN,101,96.8,NATAL,Falta de atenção,Colisão lateral,Sem Vítimas,Plena noite,Decrescente,Ceu Claro,Dupla,Reta,Urbano,2012,2,0,0,0,2,0,0,2
1127872,2012-06-17,Domingo,16:00:00,RN,226,233,FLORANIA,Outras,Colisão frontal,Com Vítimas Feridas,Pleno dia,Crescente,Ceu Claro,Simples,Reta,Rural,2012,7,0,1,0,6,0,1,2
1127875,2012-05-18,Sexta,15:10:00,RN,101,104.5,PARNAMIRIM,Outras,Colisão lateral,Sem Vítimas,Pleno dia,Decrescente,Ceu Claro,Dupla,Reta,Urbano,2012,2,0,0,0,2,0,0,2
1127892,2012-06-19,Terça,15:00:00,RN,226,3.8,NATAL,Falta de atenção,Colisão Transversal,Sem Vítimas,Pleno dia,Crescente,Chuva,Simples,Reta,Urbano,2012,2,0,0,0,2,0,0,2
1127999,2012-06-19,Terça,20:30:00,RN,101,131.6,SAO JOSE DE MIPIBU,Falta de atenção,Colisão com objeto fixo,Com Vítimas Feridas,Plena noite,Decrescente,Chuva,Dupla,Curva,Rural,2012,1,0,1,0,0,0,1,1
1128006,2012-06-23,Sábado,14:00:00,RN,101,83.5,NATAL,Não guardar distância de segurança,Colisão traseira,Com Vítimas Feridas,Pleno dia,Decrescente,Ceu Claro,Dupla,Reta,Urbano,2012,2,0,1,0,1,0,1,2
1128027,2012-06-23,Sábado,12:10:00,RN,101,96.7,NATAL,Não guardar distância de segurança,Colisão traseira,Sem Vítimas,Pleno dia,Decrescente,Ceu Claro,Dupla,Reta,Urbano,2012,2,0,0,0,2,0,0,2
1128055,2012-06-23,Sábado,10:15:00,RN,101,99.7,PARNAMIRIM,Falta de atenção,Colisão traseira,Sem Vítimas,Pleno dia,Decrescente,Sol,Dupla,Reta,Urbano,2012,3,0,0,0,3,0,0,3
1128185,2012-06-23,Sábado,13:20:00,RN,101,94,NATAL,Falta de atenção,Colisão lateral,Sem Vítimas,Pleno dia,Decrescente,Sol,Dupla,Reta,Urbano,2012,2,0,0,0,2,0,0,2
1128209,2012-06-23,Sábado,18:30:00,RN,304,34.9,MOSSORO,Outras,Colisão frontal,Com Vítimas Feridas,Plena noite,Decrescente,Ceu Claro,Simples,Reta,Urbano,2012,2,0,1,0,0,1,1,2
1128248,2012-06-24,Domingo,01:30:00,RN,427,18,ACARI,Dormindo,Capotamento,Com Vítimas Feridas,Plena noite,Decrescente,Ceu Claro,Simples,Reta,Rural,2012,1,0,0,1,0,0,1,1
1128395,2012-06-24,Domingo,11:30:00,RN,226,37.4,MACAIBA,Ultrapassagem indevida,Colisão lateral,Sem Vítimas,Pleno dia,Crescente,Ceu Claro,Simples,Reta,Rural,2012,2,0,0,0,2,0,0,2
1128404,2012-06-24,Domingo,09:00:00,RN,101,96.2,NATAL,Não guardar distância de segurança,Colisão traseira,Sem Vítimas,Pleno dia,Decrescente,Ceu Claro,Dupla,Reta,Urbano,2012,2,0,0,0,1,1,0,2
1128567,2012-06-24,Domingo,19:30:00,RN,226,3,NATAL,Não guardar distância de segurança,Colisão lateral,Sem Vítimas,Plena noite,Crescente,Ceu Claro,Dupla,Reta,Urbano,2012,2,0,0,0,2,0,0,2
1128638,2012-06-24,Domingo,18:50:00,RN,101,65,EXTREMOZ,Ultrapassagem indevida,Colisão frontal,Com Vítimas Feridas,Plena noite,Decrescente,Ceu Claro,Simples,Curva,Rural,2012,3,0,0,2,1,0,2,2
1128778,2012-06-25,Segunda,09:10:00,RN,304,295,MACAIBA,Falta de atenção,Colisão traseira,Sem Vítimas,Pleno dia,Crescente,Chuva,Simples,Reta,Urbano,2012,3,0,0,0,3,0,0,3
1128782,2012-06-21,Quinta,04:15:00,RN,101,107,PARNAMIRIM,Desobediência à sinalização,Colisão Transversal,Sem Vítimas,Amanhecer,Decrescente,Chuva,Dupla,Reta,Urbano,2012,2,0,0,0,2,0,0,2
1128873,2012-06-25,Segunda,09:00:00,RN,304,254.5,SANTA MARIA,Outras,Capotamento,Sem Vítimas,Pleno dia,Crescente,Chuva,Simples,Reta,Rural,2012,2,0,0,0,2,0,0,1
1128958,2012-06-25,Segunda,13:50:00,RN,101,105.5,PARNAMIRIM,Falta de atenção,Colisão lateral,Sem Vítimas,Pleno dia,Decrescente,Nublado,Dupla,Reta,Urbano,2012,2,0,0,0,2,0,0,2
1129043,2012-06-19,Terça,16:30:00,RN,101,103.4,PARNAMIRIM,Falta de atenção,Capotamento,Sem Vítimas,Pleno dia,Decrescente,Nublado,Múltipla,Reta,Urbano,2012,1,0,0,0,1,0,0,1
1129063,2012-06-23,Sábado,17:00:00,RN,226,40.5,MACAIBA,Falta de atenção,Colisão traseira,Sem Vítimas,Pleno dia,Crescente,Ceu Claro,Simples,Reta,Urbano,2012,2,0,0,0,2,0,0,2
1129102,2012-06-23,Sábado,18:20:00,RN,226,77.9,TANGARA,Outras,Colisão lateral,Com Vítimas Fatais,Plena noite,Crescente,Ceu Claro,Simples,Reta,Urbano,2012,3,1,0,1,0,1,1,2
1129113,2012-06-25,Segunda,16:15:00,RN,101,99.3,MACAIBA,Outras,Colisão traseira,Sem Vítimas,Pleno dia,Crescente,Chuva,Dupla,Reta,Urbano,2012,2,0,0,0,2,0,0,2
1129119,2012-06-25,Segunda,17:22:00,RN,101,97.3,NATAL,Falta de atenção,Colisão traseira,Sem Vítimas,Pleno dia,Decrescente,Ceu Claro,Dupla,Cruzamento,Urbano,2012,2,0,0,0,2,0,0,2
1129131,2012-06-25,Segunda,16:20:00,RN,101,112.4,SAO JOSE DE MIPIBU,Outras,Capotamento,Sem Vítimas,Pleno dia,Crescente,Chuva,Dupla,Reta,Rural,2012,1,0,0,0,1,0,0,1
1129155,2012-06-21,Quinta,19:35:00,RN,304,298,MACAIBA,Outras,Atropelamento de pessoa,Com Vítimas Fatais,Plena noite,Decrescente,Ceu Claro,Dupla,Reta,Rural,2012,2,1,0,1,0,0,1,1
1129338,2012-06-18,Segunda,18:20:00,RN,101,96,NATAL,Não guardar distância de segurança,Colisão traseira,Sem Vítimas,Plena noite,Crescente,Ceu Claro,Múltipla,Reta,Urbano,2012,2,0,0,0,2,0,0,2
1129623,2012-06-26,Terça,12:10:00,RN,101,96,NATAL,Falta de atenção,Colisão lateral,Sem Vítimas,Pleno dia,Decrescente,Ceu Claro,Múltipla,Reta,Urbano,2012,2,0,0,0,2,0,0,2
1129650,2012-06-26,Terça,13:00:00,RN,101,148.2,GOIANINHA,Desobediência à sinalização,Colisão frontal,Com Vítimas Feridas,Pleno dia,Decrescente,Ceu Claro,Dupla,Reta,Urbano,2012,2,0,2,0,0,0,2,2
1129688,2012-06-22,Sexta,13:50:00,RN,101,104.9,PARNAMIRIM,Falta de atenção,Colisão Transversal,Sem Vítimas,Pleno dia,Decrescente,Nublado,Dupla,Reta,Urbano,2012,2,0,0,0,2,0,0,2
1129769,2012-06-26,Terça,12:30:00,RN,406,0.8,MACAU,Outras,Colisão frontal,Com Vítimas Fatais,Pleno dia,Crescente,Ceu Claro,Simples,Reta,Rural,2012,2,1,0,0,1,0,0,2
1129790,2012-06-22,Sexta,18:00:00,RN,101,95.8,NATAL,Falta de atenção,Colisão traseira,Sem Vítimas,Anoitecer,Decrescente,Ceu Claro,Múltipla,Reta,Urbano,2012,3,0,0,0,3,0,0,3
1129794,2012-06-26,Terça,18:30:00,RN,406,159.6,SAO GONCALO DO AMARANTE,Animais na Pista,Atropelamento de animal,Sem Vítimas,Anoitecer,Crescente,Ceu Claro,Simples,Reta,Rural,2012,1,0,0,0,1,0,0,1
1129983,2012-06-27,Quarta,09:00:00,RN,101,94,NATAL,Falta de atenção,Colisão traseira,Sem Vítimas,Pleno dia,Decrescente,Sol,Múltipla,Reta,Urbano,2012,3,0,0,0,3,0,0,3
1130051,2012-06-23,Sábado,19:30:00,RN,101,116.3,SAO JOSE DE MIPIBU,Ingestão de álcool,Queda de motocicleta / bicicleta / veículo,Com Vítimas Feridas,Plena noite,Decrescente,Ceu Claro,Dupla,Curva,Rural,2012,1,0,0,1,0,0,1,1
1130114,2012-06-23,Sábado,18:40:00,RN,101,99.5,NATAL,Falta de atenção,Colisão lateral,Sem Vítimas,Plena noite,Decrescente,Ceu Claro,Múltipla,Reta,Urbano,2012,2,0,0,0,2,0,0,2
1130198,2012-06-27,Quarta,20:24:00,RN,304,32.9,MOSSORO,Falta de atenção,Colisão Transversal,Sem Vítimas,Plena noite,Crescente,Ceu Claro,Simples,Reta,Urbano,2012,2,0,0,0,2,0,0,2
1130214,2012-06-23,Sábado,03:00:00,RN,226,83,TANGARA,Ingestão de álcool,Colisão traseira,Com Vítimas Feridas,Plena noite,Crescente,Ceu Claro,Simples,Reta,Urbano,2012,2,0,0,1,1,0,1,2
1130230,2012-06-24,Domingo,19:41:00,RN,304,36.5,MOSSORO,Outras,Colisão Transversal,Com Vítimas Feridas,Plena noite,Crescente,Ceu Claro,Simples,Reta,Urbano,2012,2,0,1,0,1,0,1,2
1130235,2012-06-24,Domingo,08:50:00,RN,304,18.9,MOSSORO,Defeito na via,Queda de motocicleta / bicicleta / veículo,Com Vítimas Fatais,Pleno dia,Decrescente,Ceu Claro,Simples,Reta,Rural,2012,1,1,0,0,0,0,0,1
1130236,2012-06-23,Sábado,15:30:00,RN,304,295.8,MACAIBA,Falta de atenção,Colisão Transversal,Com Vítimas Feridas,Pleno dia,Decrescente,Ceu Claro,Simples,Reta,Urbano,2012,2,0,1,0,1,0,1,2
1130320,2012-06-19,Terça,19:20:00,RN,101,94,NATAL,Outras,Colisão lateral,Sem Vítimas,Plena noite,Decrescente,Chuva,Dupla,Reta,Urbano,2012,2,0,0,0,2,0,0,2
1130412,2012-06-24,Domingo,19:30:00,RN,101,107.7,PARNAMIRIM,Falta de atenção,Colisão lateral,Sem Vítimas,Plena noite,Crescente,Nublado,Dupla,Curva,Urbano,2012,2,0,0,0,2,0,0,2
1130423,2012-06-28,Quinta,06:55:00,RN,101,103.2,PARNAMIRIM,Falta de atenção,Colisão traseira,Sem Vítimas,Pleno dia,Decrescente,Ceu Claro,Dupla,Reta,Urbano,2012,3,0,0,0,3,0,0,3
1130465,2012-05-26,Sábado,14:30:00,RN,304,117.5,ITAJA,Defeito na via,Capotamento,Com Vítimas Feridas,Pleno dia,Crescente,Ceu Claro,Simples,Reta,Rural,2012,2,0,1,0,1,0,1,1
1130711,2012-06-24,Domingo,21:25:00,RN,304,119.4,ITAJA,Desobediência à sinalização,Colisão Transversal,Sem Vítimas,Plena noite,Decrescente,Ceu Claro,Simples,Cruzamento,Rural,2012,2,0,0,0,1,1,0,2