id,data_inversa,dia_semana,horario,uf,br,km,municipio,causa_acidente,tipo_acidente,classificacao_acidente,fase_dia,sentido_via,condicao_metereologica,tipo_pista,tracado_via,uso_solo,ano,pessoas,mortos,feridos_leves,feridos_graves,ilesos,ignorados,feridos,veiculos
1137317,2012-07-07,Sábado,20:40:00,RN,226,2448.2,MACAIBA,Outras,Colisão frontal,Com Vítimas Feridas,Plena noite,Crescente,Ceu Claro,Simples,Reta,Rural,2012,2,0,0,2,0,0,2,2
1137338,2012-07-11,Quarta,07:45:00,RN,101,101.9,PARNAMIRIM,Não guardar distância de segurança,Colisão traseira,Sem Vítimas,Pleno dia,Crescente,Ceu Claro,Dupla,Reta,Urbano,2012,2,0,0,0,2,0,0,2
1137343,2012-07-11,Quarta,07:40:00,RN,101,102,PARNAMIRIM,Não guardar distância de segurança,Colisão traseira,Sem Vítimas,Pleno dia,Decrescente,Nublado,Dupla,Reta,Urbano,2012,2,0,0,0,2,0,0,2
1137359,2012-07-11,Quarta,06:50:00,RN,101,106,PARNAMIRIM,Falta de atenção,Colisão traseira,Sem Vítimas,Pleno dia,Decrescente,Chuva,Dupla,Cruzamento,Urbano,2012,2,0,0,0,2,0,0,2
1137370,2012-07-07,Sábado,22:15:00,RN,406,98,JOAO CAMARA,Animais na Pista,Capotamento,Sem Vítimas,Plena noite,Crescente,Ceu Claro,Simples,Reta,Rural,2012,1,0,0,0,1,0,0,1
1137418,2012-07-08,Domingo,19:00:00,RN,304,36.8,MOSSORO,Ingestão de álcool,Colisão Transversal,Com Vítimas Feridas,Plena noite,Crescente,Ceu Claro,Simples,Reta,Urbano,2012,2,0,1,0,1,0,1,2
1137470,2012-07-07,Sábado,21:30:00,RN,101,101.5,PARNAMIRIM,Falta de atenção,Colisão lateral,Sem Vítimas,Plena noite,Crescente,Ceu Claro,Dupla,Curva,Urbano,2012,2,0,0,0,1,1,0,2
1137493,2012-07-09,Segunda,11:15:00,RN,110,46.4,MOSSORO,Falta de atenção,Colisão traseira,Sem Vítimas,Pleno dia,Decrescente,Ceu Claro,Simples,Reta,Urbano,2012,2,0,0,0,2,0,0,2
1137598,2012-07-11,Quarta,18:15:00,RN,304,294,MACAIBA,Animais na Pista,Atropelamento de animal,Com Vítimas Feridas,Anoitecer,Crescente,Ceu Claro,Simples,Reta,Urbano,2012,3,0,3,0,0,0,3,3
1137602,2012-07-11,Quarta,17:30:00,RN,304,34,MOSSORO,Falta de atenção,Colisão frontal,Com Vítimas Feridas,Plena noite,Crescente,Ceu Claro,Simples,Reta,Urbano,2012,2,0,0,1,1,0,1,2
1137610,2012-07-11,Quarta,17:40:00,RN,110,45,MOSSORO,Falta de atenção,Colisão traseira,Sem Vítimas,Pleno dia,Decrescente,Ceu Claro,Simples,Cruzamento,Urbano,2012,2,0,0,0,2,0,0,2
1137639,2012-07-11,Quarta,16:45:00,RN,101,97.8,NATAL,Falta de atenção,Colisão Transversal,Sem Vítimas,Anoitecer,Crescente,Sol,Dupla,Reta,Urbano,2012,2,0,0,0,2,0,0,2
1137691,2012-07-08,Domingo,10:15:00,RN,405,21.7,MOSSORO,Outras,Saída de Pista,Com Vítimas Fatais,Pleno dia,Crescente,Sol,Simples,Reta,Rural,2012,3,1,2,0,0,0,2,1
1137720,2012-07-11,Quarta,17:40:00,RN,304,33.7,MOSSORO,Falta de atenção,Colisão traseira,Sem Vítimas,Anoitecer,Crescente,Ceu Claro,Simples,Reta,Urbano,2012,2,0,0,0,2,0,0,2
1137736,2012-07-11,Quarta,20:00:00,RN,101,99.7,NATAL,Outras,Colisão traseira,Sem Vítimas,Plena noite,Decrescente,Ceu Claro,Dupla,Reta,Urbano,2012,2,0,0,0,1,1,0,2
1137816,2012-07-12,Quinta,06:15:00,RN,304,281,MACAIBA,Outras,Colisão lateral,Sem Vítimas,Pleno dia,Crescente,Ceu Claro,Simples,Reta,Rural,2012,2,0,0,0,2,0,0,2
1137958,2012-07-12,Quinta,07:40:00,RN,101,107.7,PARNAMIRIM,Falta de atenção,Colisão traseira,Sem Vítimas,Pleno dia,Crescente,Ceu Claro,Dupla,Reta,Urbano,2012,2,0,0,0,2,0,0,2
1138034,2012-07-12,Quinta,15:30:00,RN,304,37.4,MOSSORO,Outras,Colisão lateral,Sem Vítimas,Pleno dia,Crescente,Ceu Claro,Simples,Reta,Urbano,2012,2,0,0,0,1,1,0,2
1138042,2012-07-12,Quinta,11:10:00,RN,101,108.6,PARNAMIRIM,Outras,Colisão lateral,Sem Vítimas,Pleno dia,Crescente,Sol,Dupla,Cruzamento,Urbano,2012,2,0,0,0,2,0,0,2
1138176,2012-07-12,Quinta,19:00:00,RN,101,101.8,PARNAMIRIM,Defeito mecânico em veículo,Colisão traseira,Sem Vítimas,Plena noite,Crescente,Chuva,Múltipla,Reta,Urbano,2012,2,0,0,0,2,0,0,2
1138287,2012-07-12,Quinta,16:30:00,RN,226,163.9,CURRAIS NOVOS,Animais na Pista,Colisão traseira,Sem Vítimas,Pleno dia,Crescente,Ceu Claro,Simples,Reta,Rural,2012,3,0,0,0,3,0,0,3
1138292,2012-07-12,Quinta,21:45:00,RN,101,85.8,SAO GONCALO DO AMARANTE,Outras,Colisão traseira,Sem Vítimas,Plena noite,Crescente,Chuva,Dupla,Reta,Urbano,2012,2,0,0,0,2,0,0,2
1138309,2012-07-13,Sexta,03:40:00,RN,101,155.9,GOIANINHA,Outras,Saída de Pista,Sem Vítimas,Plena noite,Crescente,Chuva,Dupla,Reta,Rural,2012,1,0,0,0,1,0,0,1
1138342,2012-05-29,Terça,19:50:00,RN,110,47.6,MOSSORO,Falta de atenção,Colisão traseira,Sem Vítimas,Plena noite,Crescente,Ceu Claro,Simples,Cruzamento,Urbano,2012,2,0,0,0,2,0,0,2
1138425,2012-07-07,Sábado,18:00:00,RN,405,138.7,SAO FRANCISCO DO OESTE,Não guardar distância de segurança,Colisão lateral,Com Vítimas Feridas,Plena noite,Decrescente,Ceu Claro,Simples,Reta,Rural,2012,2,0,0,1,1,0,1,2
1138511,2012-07-13,Sexta,14:00:00,RN,304,48.2,MOSSORO,Falta de atenção,Colisão Transversal,Com Vítimas Feridas,Pleno dia,Decrescente,Nublado,Simples,Reta,Urbano,2012,2,0,1,0,1,0,1,2
1138525,2012-07-13,Sexta,14:00:00,RN,304,62,MOSSORO,Animais na Pista,Atropelamento de animal,Com Vítimas Feridas,Pleno dia,Decrescente,Nublado,Simples,Reta,Rural,2012,1,0,1,0,0,0,1,1
1138526,2012-07-13,Sexta,14:20:00,RN,101,83.7,SAO GONCALO DO AMARANTE,Falta de atenção,Colisão traseira,Sem Vítimas,Pleno dia,Crescente,Nublado,Dupla,Reta,Urbano,2012,2,0,0,0,2,0,0,2
1138557,2012-06-17,Domingo,02:00:00,RN,101,108.2,PARNAMIRIM,Ingestão de álcool,Colisão frontal,Com Vítimas Fatais,Plena noite,Crescente,Nublado,Dupla,Reta,Urbano,2012,4,2,0,2,0,0,2,2
1138562,2012-07-13,Sexta,06:20:00,RN,101,138.5,ARES,Velocidade incompatível,Capotamento,Sem Vítimas,Pleno dia,Decrescente,Chuva,Dupla,Curva,Rural,2012,1,0,0,0,1,0,0,1
1138566,2012-07-13,Sexta,14:40:00,RN,101,99.9,PARNAMIRIM,Não guardar distância de segurança,Colisão traseira,Sem Vítimas,Pleno dia,Decrescente,Nublado,Dupla,Cruzamento,Urbano,2012,2,0,0,0,2,0,0,2
1138576,2012-07-09,Segunda,19:00:00,RN,101,96,NATAL,Não guardar distância de segurança,Colisão lateral,Sem Vítimas,Plena noite,Crescente,Ceu Claro,Dupla,Reta,Urbano,2012,2,0,0,0,1,1,0,2
1138590,2012-07-13,Sexta,16:25:00,RN,101,80,SAO GONCALO DO AMARANTE,Desobediência à sinalização,Colisão lateral,Sem Vítimas,Pleno dia,Crescente,Nublado,Dupla,Cruzamento,Urbano,2012,2,0,0,0,2,0,0,2
1138611,2012-07-13,Sexta,09:15:00,RN,101,100,PARNAMIRIM,Falta de atenção,Colisão traseira,Sem Vítimas,Pleno dia,Decrescente,Nevoeiro/neblina,Dupla,Reta,Urbano,2012,2,0,0,0,2,0,0,2
1138654,2012-07-13,Sexta,17:30:00,RN,101,99.7,NATAL,Falta de atenção,Colisão traseira,Sem Vítimas,Anoitecer,Crescente,Chuva,Dupla,Reta,Urbano,2012,2,0,0,0,2,0,0,2
1138686,2012-07-13,Sexta,18:40:00,RN,304,47,MOSSORO,Ingestão de álcool,Colisão traseira,Com Vítimas Feridas,Plena noite,Decrescente,Ceu Claro,Simples,Reta,Urbano,2012,4,0,2,0,0,2,2,2
1138748,2012-07-13,Sexta,18:30:00,RN,226,114,SANTA CRUZ,Falta de atenção,Saída de Pista,Com Vítimas Feridas,Plena noite,Crescente,Chuva,Simples,Curva,Rural,2012,1,0,1,0,0,0,1,1
1138760,2012-07-13,Sexta,17:20:00,RN,427,59.7,JARDIM DO SERIDO,Falta de atenção,Capotamento,Com Vítimas Fatais,Anoitecer,Decrescente,Chuva,Simples,Reta,Rural,2012,5,1,1,3,0,0,4,1
1138787,2012-07-13,Sexta,15:15:00,RN,101,104,PARNAMIRIM,Não guardar distância de segurança,Colisão traseira,Sem Vítimas,Pleno dia,Decrescente,Nublado,Múltipla,Curva,Urbano,2012,3,0,0,0,3,0,0,3
1139151,2012-07-14,Sábado,10:45:00,RN,101,100.8,PARNAMIRIM,Falta de atenção,Colisão traseira,Sem Vítimas,Pleno dia,Decrescente,Nublado,Dupla,Reta,Urbano,2012,3,0,0,0,3,0,0,3
1139153,2012-07-14,Sábado,11:20:00,RN,304,285.3,MACAIBA,Não guardar distância de segurança,Colisão traseira,Sem Vítimas,Pleno dia,Decrescente,Sol,Simples,Reta,Rural,2012,3,0,0,0,3,0,0,3
1139284,2012-07-14,Sábado,19:40:00,RN,101,119,SAO JOSE DE MIPIBU,Ingestão de álcool,Colisão lateral,Sem Vítimas,Plena noite,Decrescente,Chuva,Dupla,Reta,Rural,2012,2,0,0,0,2,0,0,2
1139511,2012-07-15,Domingo,06:20:00,RN,101,94.9,NATAL,Falta de atenção,Colisão traseira,Sem Vítimas,Pleno dia,Decrescente,Chuva,Dupla,Reta,Urbano,2012,2,0,0,0,1,1,0,2
1139591,2012-07-15,Domingo,12:15:00,RN,226,7.1,NATAL,Outras,Capotamento,Com Vítimas Feridas,Pleno dia,Crescente,Nublado,Simples,Curva,Rural,2012,5,0,2,3,0,0,5,1
1139796,2012-07-15,Domingo,18:45:00,RN,101,102.4,PARNAMIRIM,Falta de atenção,Colisão lateral,Sem Vítimas,Plena noite,Crescente,Ceu Claro,Dupla,Reta,Urbano,2012,2,0,0,0,2,0,0,2
1139800,2012-07-15,Domingo,15:50:00,RN,226,82.1,TANGARA,Outras,Colisão lateral,Com Vítimas Fatais,Pleno dia,Crescente,Ceu Claro,Simples,Curva,Urbano,2012,7,1,0,4,1,1,4,3
1139825,2012-07-15,Domingo,23:00:00,RN,304,46.4,MOSSORO,Falta de atenção,Queda de motocicleta / bicicleta / veículo,Com Vítimas Feridas,Plena noite,Crescente,Ceu Claro,Dupla,Reta,Urbano,2012,2,0,2,0,0,0,2,1
1139879,2012-07-15,Domingo,09:00:00,RN,304,120.9,ITAJA,Falta de atenção,Capotamento,Sem Vítimas,Pleno dia,Crescente,Sol,Simples,Reta,Rural,2012,1,0,0,0,1,0,0,1
1139917,2012-07-15,Domingo,09:45:00,RN,304,23,MOSSORO,Defeito mecânico em veículo,Incêndio,Sem Vítimas,Pleno dia,Crescente,Sol,Simples,Reta,Rural,2012,1,0,0,0,1,0,0,1
1140023,2012-07-12,Quinta,22:20:00,RN,101,151,GOIANINHA,Falta de atenção,Colisão com objeto fixo,Sem Vítimas,Plena noite,Crescente,Chuva,Dupla,Cruzamento,Rural,2012,1,0,0,0,1,0,0,1
1140073,2012-07-13,Sexta,06:00:00,RN,226,226.1,FLORANIA,Outras,Capotamento,Com Vítimas Feridas,Pleno dia,Decrescente,Ceu Claro,Simples,Reta,Rural,2012,2,0,1,0,1,0,1,1
1140127,2012-07-16,Segunda,10:50:00,RN,101,125.9,SAO JOSE DE MIPIBU,Falta de atenção,Colisão traseira,Com Vítimas Feridas,Pleno dia,Decrescente,Ceu Claro,Dupla,Reta,Rural,2012,3,0,2,0,1,0,2,2
1140145,2012-07-13,Sexta,17:00:00,RN,226,13,MACAIBA,Falta de atenção,Colisão Transversal,Sem Vítimas,Anoitecer,Decrescente,Chuva,Simples,Reta,Urbano,2012,2,0,0,0,2,0,0,2
1140170,2012-07-12,Quinta,16:50:00,RN,101,96.8,NATAL,Falta de atenção,Colisão traseira,Sem Vítimas,Pleno dia,Decrescente,Chuva,Múltipla,Reta,Urbano,2012,2,0,0,0,2,0,0,2
1140246,2012-07-14,Sábado,22:30:00,RN,110,49.5,MOSSORO,Não guardar distância de segurança,Colisão traseira,Sem Vítimas,Plena noite,Decrescente,Ceu Claro,Dupla,Reta,Urbano,2012,3,0,0,0,1,2,0,2
1140316,2012-07-16,Segunda,14:00:00,RN,101,96,NATAL,Falta de atenção,Colisão Transversal,Sem Vítimas,Pleno dia,Decrescente,Sol,Dupla,Curva,Urbano,2012,2,0,0,0,2,0,0,2
1140349,2012-07-16,Segunda,17:30:00,RN,101,102.5,NATAL,Ultrapassagem indevida,Colisão lateral,Sem Vítimas,Pleno dia,Decrescente,Ignorada,Dupla,Reta,Urbano,2012,2,0,0,0,1,1,0,2
1140382,2012-07-16,Segunda,16:10:00,RN,406,99.3,JOAO CAMARA,Outras,Colisão traseira,Sem Vítimas,Pleno dia,Decrescente,Sol,Simples,Reta,Urbano,2012,2,0,0,0,1,1,0,2
1140388,2012-07-16,Segunda,20:50:00,RN,101,125.9,SAO JOSE DE MIPIBU,Falta de atenção,Colisão Transversal,Sem Vítimas,Plena noite,Decrescente,Ceu Claro,Dupla,Reta,Urbano,2012,2,0,0,0,2,0,0,2
1140415,2012-07-14,Sábado,21:50:00,RN,304,117.9,ITAJA,Animais na Pista,Atropelamento de animal,Sem Vítimas,Plena noite,Decrescente,Ignorada,Simples,Reta,Rural,2012,1,0,0,0,1,0,0,1
1140498,2012-07-16,Segunda,16:55:00,RN,304,38.2,MOSSORO,Falta de atenção,Colisão Transversal,Com Vítimas Feridas,Pleno dia,Crescente,Sol,Simples,Reta,Urbano,2012,2,0,0,1,1,0,1,2
1140657,2012-07-15,Domingo,21:20:00,RN,304,27,MOSSORO,Animais na Pista,Atropelamento de animal,Com Vítimas Feridas,Plena noite,Crescente,Ceu Claro,Simples,Reta,Rural,2012,1,0,1,0,0,0,1,1
1140659,2012-07-17,Terça,07:30:00,RN,304,35.1,MOSSORO,Falta de atenção,Colisão Transversal,Sem Vítimas,Pleno dia,Crescente,Ceu Claro,Simples,Curva,Urbano,2012,2,0,0,0,2,0,0,2
1140678,2012-07-17,Terça,10:35:00,RN,304,43,MOSSORO,Falta de atenção,Colisão Transversal,Sem Vítimas,Pleno dia,Decrescente,Ceu Claro,Dupla,Cruzamento,Rural,2012,2,0,0,0,2,0,0,2
1140696,2012-07-17,Terça,08:45:00,RN,101,107.2,PARNAMIRIM,Falta de atenção,Colisão traseira,Sem Vítimas,Pleno dia,Decrescente,Sol,Dupla,Reta,Urbano,2012,2,0,0,0,2,0,0,2
1140704,2012-07-16,Segunda,11:50:00,RN,304,111.2,ASSU,Outras,Capotamento,Com Vítimas Feridas,Pleno dia,Crescente,Sol,Simples,Reta,Rural,2012,1,0,1,0,0,0,1,1
1140722,2012-07-17,Terça,11:00:00,RN,101,95.1,NATAL,Não guardar distância de segurança,Colisão lateral,Sem Vítimas,Pleno dia,Crescente,Sol,Múltipla,Reta,Urbano,2012,2,0,0,0,2,0,0,2
1140807,2012-07-17,Terça,08:40:00,RN,101,147,GOIANINHA,Outras,Colisão lateral,Sem Vítimas,Pleno dia,Decrescente,Sol,Dupla,Curva,Urbano,2012,2,0,0,0,2,0,0,2
1140932,2012-07-17,Terça,07:00:00,RN,110,47.1,MOSSORO,Não guardar distância de segurança,Colisão traseira,Sem Vítimas,Pleno dia,Decrescente,Ceu Claro,Simples,Reta,Urbano,2012,2,0,0,0,2,0,0,2
1140938,2012-07-17,Terça,14:00:00,RN,304,156,MOSSORO,Defeito mecânico em veículo,Capotamento,Sem Vítimas,Pleno dia,Crescente,Ceu Claro,Simples,Reta,Rural,2012,1,0,0,0,1,0,0,1
1140981,2012-07-09,Segunda,21:00:00,RN,101,125,SAO JOSE DE MIPIBU,Outras,Colisão Transversal,Sem Vítimas,Plena noite,Crescente,Ceu Claro,Simples,Reta,Urbano,2012,2,0,0,0,1,1,0,2
1140989,2012-07-15,Domingo,22:40:00,RN,110,48.3,MOSSORO,Falta de atenção,Colisão Transversal,Sem Vítimas,Plena noite,Crescente,Ceu Claro,Dupla,Cruzamento,Urbano,2012,3,0,0,0,3,0,0,2
1141021,2012-07-17,Terça,21:15:00,RN,101,101.8,PARNAMIRIM,Falta de atenção,Colisão traseira,Sem Vítimas,Plena noite,Decrescente,Ceu Claro,Dupla,Cruzamento,Urbano,2012,2,0,0,0,2,0,0,2
1141041,2012-07-17,Terça,21:50:00,RN,304,242.4,RIACHUELO,Animais na Pista,Atropelamento de animal,Sem Vítimas,Plena noite,Crescente,Vento,Simples,Reta,Urbano,2012,1,0,0,0,1,0,0,1
1141080,2012-07-15,Domingo,02:15:00,RN,304,295.7,MACAIBA,Ingestão de álcool,Queda de motocicleta / bicicleta / veículo,Com Vítimas Feridas,Plena noite,Crescente,Nublado,Simples,Reta,Rural,2012,1,0,0,1,0,0,1,1
1141119,2012-07-17,Terça,15:30:00,RN,101,96.3,NATAL,Desobediência à sinalização,Colisão lateral,Sem Vítimas,Pleno dia,Decrescente,Sol,Múltipla,Cruzamento,Urbano,2012,2,0,0,0,2,0,0,2
1141177,2012-06-08,Sexta,12:40:00,RN,304,296.6,MACAIBA,Defeito mecânico em veículo,Colisão lateral,Sem Vítimas,Pleno dia,Crescente,Ceu Claro,Simples,Reta,Urbano,2012,3,0,0,0,3,0,0,3
1141189,2012-06-07,Quinta,15:30:00,RN,101,85,SAO GONCALO DO AMARANTE,Falta de atenção,Colisão traseira,Com Vítimas Feridas,Pleno dia,Crescente,Nublado,Dupla,Reta,Urbano,2012,3,0,1,0,2,0,1,2
1141245,2012-07-12,Quinta,23:50:00,RN,101,98.2,NATAL,Desobediência à sinalização,Colisão Transversal,Sem Vítimas,Plena noite,Crescente,Chuva,Simples,Reta,Urbano,2012,2,0,0,0,2,0,0,2
1141257,2012-07-15,Domingo,00:05:00,RN,101,105.9,PARNAMIRIM,Outras,Colisão lateral,Com Vítimas Feridas,Plena noite,Decrescente,Nublado,Dupla,Reta,Urbano,2012,2,0,0,1,0,1,1,2
1141345,2012-07-18,Quarta,12:40:00,RN,110,48.7,MOSSORO,Outras,Colisão frontal,Com Vítimas Feridas,Pleno dia,Decrescente,Sol,Dupla,Cruzamento,Urbano,2012,2,0,2,0,0,0,2,2
1141406,2012-07-18,Quarta,15:55:00,RN,101,75.6,EXTREMOZ,Outras,Colisão lateral,Com Vítimas Feridas,Pleno dia,Decrescente,Ceu Claro,Dupla,Reta,Rural,2012,3,0,2,0,1,0,2,2
1141435,2012-07-18,Quarta,15:15:00,RN,101,102.4,PARNAMIRIM,Outras,Colisão traseira,Com Vítimas Feridas,Pleno dia,Crescente,Nublado,Dupla,Reta,Urbano,2012,2,0,0,1,1,0,1,2
1141497,2012-07-18,Quarta,06:00:00,RN,304,34.3,MOSSORO,Desobediência à sinalização,Colisão Transversal,Com Vítimas Feridas,Pleno dia,Decrescente,Ceu Claro,Simples,Reta,Urbano,2012,2,0,1,0,1,0,1,2
1141665,2012-07-15,Domingo,02:30:00,RN,101,97.6,NATAL,Outras,Colisão traseira,Sem Vítimas,Plena noite,Crescente,Chuva,Múltipla,Reta,Urbano,2012,2,0,0,0,1,1,0,2
1141667,2012-07-18,Quarta,21:00:00,RN,226,7.3,NATAL,Outras,Derramamento de Carga,Sem Vítimas,Plena noite,Crescente,Ceu Claro,Simples,Curva,Rural,2012,2,0,0,0,2,0,0,2
1141850,2012-07-19,Quinta,09:50:00,RN,101,94.3,NATAL,Não guardar distância de segurança,Colisão traseira,Sem Vítimas,Pleno dia,Decrescente,Ceu Claro,Dupla,Reta,Urbano,2012,2,0,0,0,2,0,0,2
1141919,2012-07-19,Quinta,13:05:00,RN,304,305.5,PARNAMIRIM,Outras,Colisão Transversal,Com Vítimas Feridas,Pleno dia,Decrescente,Ceu Claro,Dupla,Cruzamento,Rural,2012,2,0,1,0,1,0,1,2
1142060,2012-07-19,Quinta,17:55:00,RN,101,95.1,NATAL,Não guardar distância de segurança,Colisão traseira,Sem Vítimas,Anoitecer,Decrescente,Ceu Claro,Dupla,Reta,Urbano,2012,2,0,0,0,1,1,0,2
1142087,2012-07-19,Quinta,17:55:00,RN,101,107,PARNAMIRIM,Não guardar distância de segurança,Colisão traseira,Sem Vítimas,Anoitecer,Decrescente,Ceu Claro,Dupla,Reta,Urbano,2012,2,0,0,0,2,0,0,2
1142109,2012-07-19,Quinta,18:40:00,RN,101,96.3,NATAL,Não guardar distância de segurança,Colisão traseira,Sem Vítimas,Plena noite,Decrescente,Ceu Claro,Dupla,Reta,Urbano,2012,2,0,0,0,2,0,0,2
1142117,2012-07-19,Quinta,18:00:00,RN,101,99.7,NATAL,Não guardar distância de segurança,Colisão traseira,Sem Vítimas,Plena noite,Decrescente,Ceu Claro,Dupla,Reta,Urbano,2012,2,0,0,0,2,0,0,2
1142201,2012-07-19,Quinta,20:40:00,RN,304,282.5,MACAIBA,Falta de atenção,Capotamento,Com Vítimas Feridas,Plena noite,Crescente,Ceu Claro,Simples,Cruzamento,Rural,2012,1,0,1,0,0,0,1,1
1142235,2012-07-20,Sexta,05:00:00,RN,226,151.7,CURRAIS NOVOS,Outras,Tombamento,Sem Vítimas,Amanhecer,Decrescente,Ceu Claro,Simples,Reta,Rural,2012,1,0,0,0,1,0,0,1
1142277,2012-07-14,Sábado,19:00:00,RN,101,101.8,PARNAMIRIM,Ingestão de álcool,Colisão traseira,Sem Vítimas,Plena noite,Crescente,Chuva,Múltipla,Cruzamento,Urbano,2012,2,0,0,0,2,0,0,2
1142641,2012-07-20,Sexta,13:30:00,RN,304,46.5,MOSSORO,Falta de atenção,Colisão Transversal,Sem Vítimas,Pleno dia,Decrescente,Ceu Claro,Dupla,Reta,Urbano,2012,2,0,0,0,2,0,0,2
1142665,2012-07-20,Sexta,15:50:00,RN,304,115.2,ASSU,Não guardar distância de segurança,Colisão traseira,Sem Vítimas,Pleno dia,Decrescente,Sol,Simples,Reta,Urbano,2012,2,0,0,0,2,0,0,2
1142684,2012-07-20,Sexta,17:30:00,RN,101,103.1,PARNAMIRIM,Não guardar distância de segurança,Colisão traseira,Sem Vítimas,Anoitecer,Crescente,Nublado,Múltipla,Reta,Urbano,2012,2,0,0,0,2,0,0,2
1142812,2012-07-20,Sexta,15:35:00,RN,304,40.1,MOSSORO,Falta de atenção,Colisão lateral,Sem Vítimas,Pleno dia,Decrescente,Ceu Claro,Simples,Reta,Urbano,2012,2,0,0,0,2,0,0,2
1142818,2012-07-20,Sexta,20:00:00,RN,304,35.9,MOSSORO,Não guardar distância de segurança,Colisão traseira,Sem Vítimas,Plena noite,Decrescente,Ceu Claro,Simples,Reta,Urbano,2012,2,0,0,0,2,0,0,2
1142901,2012-07-17,Terça,13:45:00,RN,101,95.2,NATAL,Não guardar distância de segurança,Colisão traseira,Sem Vítimas,Pleno dia,Decrescente,Sol,Dupla,Reta,Urbano,2012,2,0,0,0,2,0,0,2
1142923,2012-07-18,Quarta,06:30:00,RN,101,83.2,SAO GONCALO DO AMARANTE,Falta de atenção,Colisão lateral,Sem Vítimas,Pleno dia,Crescente,Ceu Claro,Dupla,Reta,Urbano,2012,2,0,0,0,2,0,0,2
1142948,2012-07-14,Sábado,05:20:00,RN,101,81.1,SAO GONCALO DO AMARANTE,Falta de atenção,Colisão traseira,Com Vítimas Feridas,Pleno dia,Crescente,Ceu Claro,Dupla,Reta,Urbano,2012,3,0,0,2,1,0,2,2
1142955,2012-07-09,Segunda,17:30:00,RN,406,140,CEARA-MIRIM,Falta de atenção,Colisão Transversal,Com Vítimas Fatais,Anoitecer,Crescente,Ceu Claro,Simples,Reta,Rural,2012,2,1,0,0,1,0,0,2
1142994,2012-07-20,Sexta,11:10:00,RN,101,100.7,PARNAMIRIM,Não guardar distância de segurança,Colisão traseira,Sem Vítimas,Pleno dia,Decrescente,Sol,Dupla,Reta,Urbano,2012,2,0,0,0,2,0,0,2
1143002,2012-07-21,Sábado,06:45:00,RN,405,29.1,MOSSORO,Não guardar distância de segurança,Colisão traseira,Com Vítimas Feridas,Pleno dia,Crescente,Ceu Claro,Simples,Reta,Rural,2012,2,0,1,0,1,0,1,2
1143028,2012-07-21,Sábado,09:55:00,RN,304,68.8,MOSSORO,Outras,Saída de Pista,Com Vítimas Fatais,Pleno dia,Decrescente,Ceu Claro,Simples,Reta,Rural,2012,1,1,0,0,0,0,0,1
1143030,2012-07-20,Sexta,15:30:00,RN,101,138.5,ARES,Velocidade incompatível,Saída de Pista,Sem Vítimas,Plena noite,Decrescente,Sol,Dupla,Curva,Rural,2012,1,0,0,0,1,0,0,1
1143069,2012-07-21,Sábado,12:05:00,RN,304,294,MACAIBA,Não guardar distância de segurança,Colisão traseira,Sem Vítimas,Pleno dia,Crescente,Ceu Claro,Simples,Reta,Rural,2012,2,0,0,0,2,0,0,2
1143123,2012-07-21,Sábado,11:55:00,RN,226,6,NATAL,Defeito mecânico em veículo,Colisão lateral,Com Vítimas Feridas,Pleno dia,Decrescente,Ceu Claro,Simples,Reta,Urbano,2012,3,0,0,2,1,0,2,2
1143172,2012-07-21,Sábado,13:55:00,RN,101,104.5,PARNAMIRIM,Falta de atenção,Colisão lateral,Sem Vítimas,Pleno dia,Crescente,Sol,Dupla,Reta,Urbano,2012,2,0,0,0,2,0,0,2
1143272,2012-07-21,Sábado,19:30:00,RN,101,104.4,PARNAMIRIM,Falta de atenção,Colisão Transversal,Com Vítimas Feridas,Plena noite,Decrescente,Ceu Claro,Dupla,Reta,Urbano,2012,2,0,1,0,1,0,1,2
1143301,2012-07-21,Sábado,17:50:00,RN,304,145.3,ANGICOS,Outras,Colisão traseira,Com Vítimas Feridas,Anoitecer,Crescente,Ceu Claro,Simples,Reta,Rural,2012,2,0,1,0,1,0,1,2
1143406,2012-07-22,Domingo,02:40:00,RN,406,145,CEARA-MIRIM,Outras,Colisão lateral,Com Vítimas Feridas,Plena noite,Crescente,Chuva,Simples,Reta,Rural,2012,5,0,2,2,1,0,4,2
1143592,2012-07-22,Domingo,14:30:00,RN,101,108.4,PARNAMIRIM,Desobediência à sinalização,Colisão traseira,Com Vítimas Feridas,Pleno dia,Crescente,Ceu Claro,Dupla,Cruzamento,Urbano,2012,2,0,1,0,1,0,1,2
1143812,2012-07-22,Domingo,20:10:00,RN,101,107.3,PARNAMIRIM,Falta de atenção,Colisão traseira,Sem Vítimas,Plena noite,Crescente,Chuva,Dupla,Reta,Urbano,2012,2,0,0,0,2,0,0,2
1143815,2012-07-22,Domingo,11:00:00,RN,226,250.1,JUCURUTU,Dormindo,Capotamento,Com Vítimas Feridas,Pleno dia,Decrescente,Ceu Claro,Simples,Reta,Rural,2012,5,0,4,1,0,0,5,1
1143834,2012-07-22,Domingo,15:20:00,RN,110,2.2,AREIA BRANCA,Outras,Queda de motocicleta / bicicleta / veículo,Com Vítimas Fatais,Pleno dia,Decrescente,Ceu Claro,Simples,Curva,Urbano,2012,2,1,0,0,0,1,0,1