id,data_inversa,dia_semana,horario,uf,br,km,municipio,causa_acidente,tipo_acidente,classificacao_acidente,fase_dia,sentido_via,condicao_metereologica,tipo_pista,tracado_via,uso_solo,ano,pessoas,mortos,feridos_leves,feridos_graves,ilesos,ignorados,feridos,veiculos
1160523,2012-08-24,Sexta,14:55:00,RN,304,298.6,MACAIBA,Outras,Queda de motocicleta / bicicleta / veículo,Com Vítimas Feridas,Pleno dia,Decrescente,Ceu Claro,Dupla,Reta,Urbano,2012,1,0,1,0,0,0,1,1
1160565,2012-08-27,Segunda,14:35:00,RN,110,8.5,AREIA BRANCA,Falta de atenção,Colisão Transversal,Com Vítimas Feridas,Pleno dia,Decrescente,Sol,Simples,Cruzamento,Rural,2012,3,0,0,1,2,0,1,3
1160593,2012-08-27,Segunda,18:35:00,RN,101,84.2,NATAL,Ultrapassagem indevida,Colisão lateral,Com Vítimas Feridas,Plena noite,Decrescente,Ceu Claro,Dupla,Reta,Urbano,2012,3,0,2,0,0,1,2,2
1160678,2012-08-27,Segunda,20:15:00,RN,304,100.8,ASSU,Outras,Colisão lateral,Com Vítimas Feridas,Amanhecer,Crescente,Ceu Claro,Simples,Reta,Rural,2012,2,0,0,1,0,1,1,2
1160681,2012-08-23,Quinta,07:00:00,RN,304,32.8,MOSSORO,Outras,Colisão Transversal,Sem Vítimas,Pleno dia,Crescente,Ceu Claro,Simples,Reta,Urbano,2012,3,0,0,0,3,0,0,3
1160683,2012-08-19,Domingo,08:00:00,RN,405,75.3,APODI,Falta de atenção,Colisão traseira,Ignorado,Pleno dia,Crescente,Ceu Claro,Dupla,Reta,Urbano,2012,2,0,0,0,0,2,0,2
1160884,2012-08-14,Terça,10:20:00,RN,101,99.9,NATAL,Defeito mecânico em veículo,Colisão traseira,Sem Vítimas,Pleno dia,Crescente,Sol,Dupla,Reta,Urbano,2012,2,0,0,0,2,0,0,2
1161008,2012-08-28,Terça,16:00:00,RN,101,83.4,NATAL,Falta de atenção,Colisão traseira,Com Vítimas Feridas,Pleno dia,Decrescente,Ceu Claro,Dupla,Reta,Urbano,2012,2,0,0,1,1,0,1,2
1161186,2012-08-21,Terça,16:40:00,RN,304,304,NATAL,Falta de atenção,Colisão com objeto fixo,Sem Vítimas,Plena noite,Crescente,Ceu Claro,Dupla,Cruzamento,Rural,2012,1,0,0,0,1,0,0,1
1161188,2012-08-26,Domingo,23:30:00,RN,101,113,SAO JOSE DE MIPIBU,Outras,Capotamento,Com Vítimas Feridas,Plena noite,Decrescente,Ceu Claro,Dupla,Reta,Urbano,2012,5,0,3,1,0,1,4,1
1161318,2012-08-30,Quinta,07:15:00,RN,226,4.3,NATAL,Desobediência à sinalização,Colisão Transversal,Sem Vítimas,Pleno dia,Crescente,Ceu Claro,Simples,Curva,Urbano,2012,2,0,0,0,2,0,0,2
1161333,2012-08-30,Quinta,10:55:00,RN,101,98.7,NATAL,Outras,Colisão lateral,Sem Vítimas,Pleno dia,Crescente,Sol,Dupla,Reta,Urbano,2012,2,0,0,0,2,0,0,2
1161354,2012-08-30,Quinta,11:40:00,RN,101,104.3,PARNAMIRIM,Defeito mecânico em veículo,Colisão traseira,Com Vítimas Feridas,Pleno dia,Crescente,Ceu Claro,Dupla,Reta,Urbano,2012,3,0,2,0,1,0,2,2
1161382,2012-08-30,Quinta,13:20:00,RN,427,102.3,CAICO,Falta de atenção,Colisão lateral,Com Vítimas Feridas,Pleno dia,Crescente,Ceu Claro,Simples,Curva,Urbano,2012,3,0,2,0,0,1,2,2
1161418,2012-08-30,Quinta,16:30:00,RN,101,83,NATAL,Falta de atenção,Colisão lateral,Sem Vítimas,Pleno dia,Decrescente,Ceu Claro,Dupla,Curva,Urbano,2012,2,0,0,0,2,0,0,2
1161439,2012-08-22,Quarta,07:25:00,RN,101,159.3,CANGUARETAMA,Falta de atenção,Colisão lateral,Sem Vítimas,Pleno dia,Crescente,Sol,Dupla,Reta,Urbano,2012,2,0,0,0,2,0,0,2
1161463,2012-08-24,Sexta,16:40:00,RN,101,108.7,PARNAMIRIM,Desobediência à sinalização,Colisão Transversal,Sem Vítimas,Pleno dia,Decrescente,Sol,Dupla,Cruzamento,Urbano,2012,2,0,0,0,2,0,0,2
1161503,2012-08-30,Quinta,16:30:00,RN,406,150.1,CEARA-MIRIM,Outras,Colisão traseira,Sem Vítimas,Pleno dia,Crescente,Ceu Claro,Simples,Reta,Urbano,2012,3,0,0,0,2,1,0,3
1161559,2012-08-30,Quinta,19:50:00,RN,304,47.9,MOSSORO,Outras,Atropelamento de pessoa,Com Vítimas Feridas,Plena noite,Decrescente,Ceu Claro,Simples,Reta,Urbano,2012,2,0,1,1,0,0,2,1
1161564,2012-08-30,Quinta,19:20:00,RN,304,38.9,MOSSORO,Falta de atenção,Colisão Transversal,Com Vítimas Feridas,Plena noite,Crescente,Ceu Claro,Simples,Reta,Urbano,2012,2,0,0,1,1,0,1,2
1161584,2012-08-14,Terça,17:40:00,RN,226,86,TANGARA,Ultrapassagem indevida,Colisão lateral,Com Vítimas Feridas,Pleno dia,Decrescente,Ceu Claro,Simples,Reta,Rural,2012,3,0,2,0,1,0,2,2
1161596,2012-08-30,Quinta,22:20:00,RN,101,101.6,PARNAMIRIM,Outras,Colisão traseira,Sem Vítimas,Plena noite,Decrescente,Ceu Claro,Dupla,Reta,Urbano,2012,3,0,0,0,3,0,0,3
1161677,2012-08-23,Quinta,09:30:00,RN,101,95.9,NATAL,Falta de atenção,Colisão lateral,Sem Vítimas,Pleno dia,Crescente,Ceu Claro,Múltipla,Cruzamento,Urbano,2012,2,0,0,0,2,0,0,2
1161705,2012-08-23,Quinta,12:30:00,RN,101,96.2,NATAL,Falta de atenção,Colisão traseira,Sem Vítimas,Pleno dia,Crescente,Ceu Claro,Dupla,Reta,Urbano,2012,2,0,0,0,2,0,0,2
1161709,2012-08-23,Quinta,23:00:00,RN,101,152.3,GOIANINHA,Animais na Pista,Atropelamento de animal,Sem Vítimas,Plena noite,Crescente,Nublado,Dupla,Reta,Rural,2012,1,0,0,0,1,0,0,1
1161713,2012-08-23,Quinta,15:50:00,RN,101,82.2,SAO GONCALO DO AMARANTE,Falta de atenção,Colisão traseira,Sem Vítimas,Pleno dia,Crescente,Ceu Claro,Dupla,Reta,Urbano,2012,2,0,0,0,2,0,0,2
1161718,2012-08-29,Quarta,17:20:00,RN,101,108.6,PARNAMIRIM,Falta de atenção,Colisão Transversal,Sem Vítimas,Pleno dia,Decrescente,Vento,Dupla,Cruzamento,Urbano,2012,2,0,0,0,2,0,0,2
1161721,2012-08-23,Quinta,18:30:00,RN,101,96.3,NATAL,Não guardar distância de segurança,Colisão traseira,Sem Vítimas,Plena noite,Crescente,Ceu Claro,Dupla,Reta,Urbano,2012,2,0,0,0,2,0,0,2
1161730,2012-08-31,Sexta,07:20:00,RN,101,103.4,PARNAMIRIM,Outras,Colisão traseira,Sem Vítimas,Pleno dia,Crescente,Nublado,Dupla,Reta,Urbano,2012,2,0,0,0,2,0,0,2
1161775,2012-08-28,Terça,02:25:00,RN,101,130.2,SAO JOSE DE MIPIBU,Animais na Pista,Atropelamento de animal,Ignorado,Plena noite,Decrescente,Nublado,Dupla,Curva,Rural,2012,1,0,0,0,0,1,0,1
1161841,2012-08-31,Sexta,10:00:00,RN,101,85.1,SAO GONCALO DO AMARANTE,Falta de atenção,Colisão traseira,Sem Vítimas,Pleno dia,Crescente,Ceu Claro,Dupla,Curva,Urbano,2012,3,0,0,0,3,0,0,3
1162000,2012-08-31,Sexta,09:50:00,RN,405,2.8,MOSSORO,Falta de atenção,Colisão lateral,Sem Vítimas,Plena noite,Decrescente,Sol,Simples,Curva,Urbano,2012,2,0,0,0,2,0,0,2
1162002,2012-08-31,Sexta,17:55:00,RN,406,169,NATAL,Falta de atenção,Colisão Transversal,Com Vítimas Feridas,Anoitecer,Crescente,Ceu Claro,Simples,Reta,Urbano,2012,3,0,2,0,1,0,2,2
1162215,2012-08-21,Terça,14:40:00,RN,304,271.5,SAO PEDRO,Não guardar distância de segurança,Colisão lateral,Sem Vítimas,Pleno dia,Crescente,Ceu Claro,Simples,Reta,Rural,2012,2,0,0,0,2,0,0,2
1162228,2012-09-01,Sábado,07:10:00,RN,101,84.2,SAO GONCALO DO AMARANTE,Não guardar distância de segurança,Colisão traseira,Sem Vítimas,Pleno dia,Crescente,Ceu Claro,Dupla,Reta,Urbano,2012,2,0,0,0,2,0,0,2
1162235,2012-08-26,Domingo,23:40:00,RN,101,103.5,NATAL,Outras,Atropelamento de pessoa,Com Vítimas Feridas,Plena noite,Decrescente,Ceu Claro,Dupla,Reta,Urbano,2012,2,0,2,0,0,0,2,1
1162256,2012-08-24,Sexta,18:50:00,RN,101,147.6,GOIANINHA,Outras,Colisão frontal,Com Vítimas Feridas,Plena noite,Decrescente,Ceu Claro,Simples,Reta,Urbano,2012,2,0,0,1,0,1,1,2
1162304,2012-08-29,Quarta,18:15:00,RN,427,97.9,CAICO,Outras,Colisão lateral,Com Vítimas Feridas,Plena noite,Crescente,Ceu Claro,Simples,Reta,Urbano,2012,3,0,2,1,0,0,3,2
1162307,2012-08-29,Quarta,18:50:00,RN,101,99.8,NATAL,Outras,Colisão traseira,Sem Vítimas,Plena noite,Decrescente,Ceu Claro,Dupla,Reta,Urbano,2012,3,0,0,0,3,0,0,3
1162314,2012-08-24,Sexta,23:00:00,RN,304,155.7,ANGICOS,Ultrapassagem indevida,Colisão frontal,Com Vítimas Feridas,Plena noite,Decrescente,Ceu Claro,Simples,Reta,Rural,2012,2,0,0,1,1,0,1,2
1162346,2012-08-24,Sexta,10:50:00,RN,101,102.3,PARNAMIRIM,Não guardar distância de segurança,Colisão traseira,Com Vítimas Feridas,Amanhecer,Crescente,Ceu Claro,Dupla,Curva,Urbano,2012,2,0,1,0,1,0,1,2
1162402,2012-09-01,Sábado,12:30:00,RN,101,84.2,SAO GONCALO DO AMARANTE,Não guardar distância de segurança,Colisão traseira,Sem Vítimas,Pleno dia,Crescente,Ceu Claro,Dupla,Reta,Urbano,2012,2,0,0,0,2,0,0,2
1162406,2012-09-01,Sábado,14:40:00,RN,226,116.5,SANTA CRUZ,Defeito mecânico em veículo,Capotamento,Com Vítimas Fatais,Pleno dia,Crescente,Ceu Claro,Simples,Reta,Rural,2012,5,1,0,3,1,0,3,1
1162419,2012-09-01,Sábado,15:00:00,RN,304,39.2,MOSSORO,Desobediência à sinalização,Colisão Transversal,Com Vítimas Feridas,Pleno dia,Decrescente,Ceu Claro,Simples,Cruzamento,Urbano,2012,2,0,0,1,0,1,1,2
1162425,2012-09-01,Sábado,11:15:00,RN,110,48.5,MOSSORO,Falta de atenção,Colisão lateral,Sem Vítimas,Pleno dia,Decrescente,Sol,Múltipla,Cruzamento,Urbano,2012,2,0,0,0,2,0,0,2
1162522,2012-09-01,Sábado,19:05:00,RN,101,98,NATAL,Falta de atenção,Colisão traseira,Sem Vítimas,Plena noite,Decrescente,Ceu Claro,Dupla,Cruzamento,Urbano,2012,2,0,0,0,2,0,0,2
1162618,2012-09-01,Sábado,21:30:00,RN,304,301.5,MACAIBA,Ingestão de álcool,Colisão lateral,Com Vítimas Feridas,Plena noite,Decrescente,Ceu Claro,Dupla,Reta,Rural,2012,5,0,3,0,2,0,3,2
1162769,2012-09-02,Domingo,06:30:00,RN,304,45,MOSSORO,Ingestão de álcool,Colisão com bicicleta,Com Vítimas Feridas,Pleno dia,Crescente,Ceu Claro,Dupla,Reta,Urbano,2012,2,0,1,0,1,0,1,2
1162880,2012-08-31,Sexta,21:00:00,RN,101,99.9,NATAL,Falta de atenção,Colisão traseira,Sem Vítimas,Plena noite,Crescente,Ceu Claro,Dupla,Reta,Urbano,2012,2,0,0,0,2,0,0,2
1162881,2012-09-02,Domingo,11:00:00,RN,101,78,SAO GONCALO DO AMARANTE,Animais na Pista,Atropelamento de animal,Sem Vítimas,Pleno dia,Crescente,Sol,Dupla,Reta,Rural,2012,1,0,0,0,1,0,0,1
1162923,2012-09-01,Sábado,05:20:00,RN,226,1.5,NATAL,Falta de atenção,Colisão lateral,Com Vítimas Feridas,Pleno dia,Decrescente,Ceu Claro,Simples,Reta,Urbano,2012,2,0,1,0,1,0,1,2
1162946,2012-08-22,Quarta,07:50:00,RN,226,1.9,NATAL,Falta de atenção,Colisão lateral,Sem Vítimas,Pleno dia,Decrescente,Ceu Claro,Dupla,Reta,Urbano,2012,2,0,0,0,2,0,0,2
1162972,2012-08-21,Terça,16:50:00,RN,101,94.5,NATAL,Falta de atenção,Colisão traseira,Sem Vítimas,Anoitecer,Decrescente,Ceu Claro,Múltipla,Reta,Urbano,2012,2,0,0,0,2,0,0,2
1162977,2012-09-02,Domingo,16:40:00,RN,101,85.6,SAO GONCALO DO AMARANTE,Falta de atenção,Colisão traseira,Sem Vítimas,Pleno dia,Crescente,Ceu Claro,Dupla,Reta,Urbano,2012,3,0,0,0,3,0,0,3
1162981,2012-08-22,Quarta,07:20:00,RN,101,102.1,PARNAMIRIM,Outras,Colisão Transversal,Com Vítimas Feridas,Pleno dia,Decrescente,Ceu Claro,Dupla,Reta,Urbano,2012,3,0,0,1,2,0,1,3
1162984,2012-08-21,Terça,19:20:00,RN,101,99.7,NATAL,Falta de atenção,Colisão traseira,Sem Vítimas,Plena noite,Crescente,Ceu Claro,Múltipla,Reta,Urbano,2012,2,0,0,0,2,0,0,2
1163211,2012-09-03,Segunda,04:30:00,RN,101,155.5,GOIANINHA,Outras,Capotamento,Sem Vítimas,Plena noite,Crescente,Ceu Claro,Dupla,Curva,Rural,2012,1,0,0,0,1,0,0,1
1163300,2012-09-03,Segunda,08:50:00,RN,101,123,SAO JOSE DE MIPIBU,Falta de atenção,Colisão traseira,Sem Vítimas,Pleno dia,Decrescente,Ceu Claro,Dupla,Reta,Urbano,2012,2,0,0,0,2,0,0,2
1163363,2012-09-03,Segunda,06:20:00,RN,101,0,PARNAMIRIM,Não guardar distância de segurança,Colisão traseira,Sem Vítimas,Pleno dia,Decrescente,Sol,Múltipla,Reta,Urbano,2012,2,0,0,0,2,0,0,2
1163508,2012-09-03,Segunda,12:40:00,RN,101,100,NATAL,Não guardar distância de segurança,Colisão traseira,Sem Vítimas,Pleno dia,Decrescente,Chuva,Múltipla,Curva,Urbano,2012,5,0,0,0,4,1,0,5
1163643,2012-09-03,Segunda,17:45:00,RN,101,160.2,CANGUARETAMA,Falta de atenção,Colisão traseira,Sem Vítimas,Anoitecer,Crescente,Nublado,Dupla,Cruzamento,Urbano,2012,2,0,0,0,2,0,0,2
1163732,2012-09-03,Segunda,17:30:00,RN,405,111.6,ITAU,Falta de atenção,Colisão frontal,Com Vítimas Feridas,Anoitecer,Decrescente,Ceu Claro,Simples,Cruzamento,Rural,2012,6,0,1,4,1,0,5,2
1163795,2012-08-31,Sexta,09:35:00,RN,101,102.3,PARNAMIRIM,Não guardar distância de segurança,Colisão traseira,Sem Vítimas,Pleno dia,Crescente,Nublado,Múltipla,Reta,Urbano,2012,2,0,0,0,1,1,0,2
1163799,2012-08-31,Sexta,17:05:00,RN,304,191.2,LAJES,Não guardar distância de segurança,Colisão traseira,Sem Vítimas,Pleno dia,Crescente,Sol,Simples,Reta,Urbano,2012,2,0,0,0,2,0,0,2
1163801,2012-08-31,Sexta,17:00:00,RN,101,106.4,PARNAMIRIM,Não guardar distância de segurança,Colisão traseira,Sem Vítimas,Pleno dia,Crescente,Nublado,Dupla,Reta,Urbano,2012,2,0,0,0,2,0,0,2
1163807,2012-08-31,Sexta,21:30:00,RN,101,94.9,NATAL,Não guardar distância de segurança,Colisão traseira,Sem Vítimas,Plena noite,Crescente,Ceu Claro,Dupla,Reta,Urbano,2012,2,0,0,0,2,0,0,2
1163808,2012-09-04,Terça,07:15:00,RN,101,108.6,PARNAMIRIM,Desobediência à sinalização,Colisão traseira,Sem Vítimas,Pleno dia,Crescente,Nublado,Dupla,Cruzamento,Urbano,2012,2,0,0,0,2,0,0,2
1163812,2012-08-31,Sexta,21:00:00,RN,101,166.5,CANGUARETAMA,Falta de atenção,Capotamento,Com Vítimas Feridas,Plena noite,Crescente,Ceu Claro,Dupla,Reta,Rural,2012,1,0,0,1,0,0,1,1
1163814,2012-08-31,Sexta,12:00:00,RN,101,84.5,NATAL,Falta de atenção,Colisão traseira,Sem Vítimas,Pleno dia,Decrescente,Ceu Claro,Simples,Reta,Urbano,2012,2,0,0,0,2,0,0,2
1163837,2012-09-01,Sábado,05:30:00,RN,101,86,NATAL,Falta de atenção,Colisão com objeto fixo,Com Vítimas Feridas,Pleno dia,Crescente,Ceu Claro,Simples,Reta,Rural,2012,2,0,1,0,1,0,1,1
1163864,2012-08-31,Sexta,21:35:00,RN,101,99.9,NATAL,Não guardar distância de segurança,Colisão traseira,Sem Vítimas,Plena noite,Crescente,Ceu Claro,Múltipla,Reta,Urbano,2012,2,0,0,0,2,0,0,2
1163923,2012-09-04,Terça,08:55:00,RN,101,144.1,ARES,Defeito mecânico em veículo,Capotamento,Com Vítimas Feridas,Pleno dia,Crescente,Chuva,Dupla,Curva,Rural,2012,2,0,1,0,1,0,1,1
1164015,2012-09-04,Terça,09:00:00,RN,101,102.4,PARNAMIRIM,Não guardar distância de segurança,Colisão traseira,Sem Vítimas,Pleno dia,Decrescente,Nublado,Múltipla,Reta,Urbano,2012,2,0,0,0,1,1,0,2
1164025,2012-09-01,Sábado,00:40:00,RN,101,95.5,NATAL,Desobediência à sinalização,Colisão Transversal,Sem Vítimas,Plena noite,Crescente,Ceu Claro,Múltipla,Reta,Urbano,2012,3,0,0,0,3,0,0,2
1164037,2012-09-04,Terça,09:20:00,RN,304,297.5,MACAIBA,Falta de atenção,Colisão traseira,Sem Vítimas,Pleno dia,Crescente,Chuva,Múltipla,Curva,Urbano,2012,2,0,0,0,2,0,0,2
1164047,2012-09-04,Terça,15:00:00,RN,101,78.3,NATAL,Falta de atenção,Colisão lateral,Sem Vítimas,Pleno dia,Decrescente,Nublado,Dupla,Reta,Rural,2012,2,0,0,0,2,0,0,2
1164080,2012-09-04,Terça,11:00:00,RN,101,151.6,GOIANINHA,Outras,Saída de Pista,Sem Vítimas,Pleno dia,Crescente,Chuva,Dupla,Reta,Rural,2012,1,0,0,0,1,0,0,1
1164178,2012-09-04,Terça,18:40:00,RN,304,36.7,MOSSORO,Outras,Colisão Transversal,Com Vítimas Feridas,Plena noite,Crescente,Ceu Claro,Simples,Cruzamento,Urbano,2012,3,0,1,0,1,1,1,2
1164215,2012-08-31,Sexta,19:40:00,RN,101,94.5,NATAL,Não guardar distância de segurança,Colisão traseira,Com Vítimas Feridas,Plena noite,Decrescente,Ceu Claro,Múltipla,Cruzamento,Urbano,2012,2,0,1,0,1,0,1,2
1164224,2012-09-04,Terça,08:30:00,RN,101,97.5,NATAL,Velocidade incompatível,Queda de motocicleta / bicicleta / veículo,Com Vítimas Feridas,Pleno dia,Decrescente,Chuva,Múltipla,Reta,Urbano,2012,1,0,1,0,0,0,1,1
1164231,2012-09-04,Terça,19:30:00,RN,304,302,MACAIBA,Defeito mecânico em veículo,Colisão traseira,Sem Vítimas,Plena noite,Crescente,Nublado,Múltipla,Reta,Rural,2012,2,0,0,0,1,1,0,2
1164234,2012-09-04,Terça,19:15:00,RN,304,40.3,MOSSORO,Falta de atenção,Colisão traseira,Com Vítimas Fatais,Plena noite,Decrescente,Ceu Claro,Dupla,Reta,Urbano,2012,2,1,0,0,1,0,0,2
1164236,2012-09-04,Terça,08:40:00,RN,101,99.9,NATAL,Não guardar distância de segurança,Colisão traseira,Sem Vítimas,Pleno dia,Crescente,Chuva,Múltipla,Cruzamento,Urbano,2012,2,0,0,0,1,1,0,2
1164242,2012-09-04,Terça,18:10:00,RN,110,47.4,MOSSORO,Outras,Colisão lateral,Sem Vítimas,Plena noite,Crescente,Ceu Claro,Simples,Reta,Urbano,2012,2,0,0,0,2,0,0,2
1164313,2012-09-03,Segunda,09:50:00,RN,304,106.4,ASSU,Outras,Derramamento de Carga,Sem Vítimas,Pleno dia,Crescente,Ceu Claro,Simples,Reta,Rural,2012,2,0,0,0,2,0,0,2
1164323,2012-08-26,Domingo,14:10:00,RN,226,68.1,SERRA CAIADA,Outras,Colisão Transversal,Com Vítimas Feridas,Pleno dia,Decrescente,Ceu Claro,Simples,Reta,Rural,2012,3,0,0,2,1,0,2,2
1164327,2012-09-01,Sábado,19:00:00,RN,101,101.8,PARNAMIRIM,Falta de atenção,Colisão traseira,Sem Vítimas,Plena noite,Crescente,Ceu Claro,Dupla,Reta,Urbano,2012,2,0,0,0,2,0,0,2
1164350,2012-09-01,Sábado,19:10:00,RN,226,6,NATAL,Falta de atenção,Colisão traseira,Sem Vítimas,Plena noite,Crescente,Ceu Claro,Simples,Reta,Urbano,2012,2,0,0,0,2,0,0,2
1164365,2012-09-02,Domingo,04:10:00,RN,110,49.2,MOSSORO,Falta de atenção,Atropelamento de pessoa,Com Vítimas Feridas,Plena noite,Decrescente,Ceu Claro,Múltipla,Reta,Urbano,2012,2,0,1,0,1,0,1,1
1164374,2012-06-30,Sábado,15:10:00,RN,226,143.9,CAMPO REDONDO,Outras,Colisão com bicicleta,Com Vítimas Feridas,Pleno dia,Crescente,Ceu Claro,Simples,Reta,Rural,2012,2,0,0,1,0,1,1,2
1164476,2012-09-05,Quarta,11:30:00,RN,101,102,NATAL,Falta de atenção,Colisão traseira,Sem Vítimas,Pleno dia,Decrescente,Nublado,Múltipla,Cruzamento,Urbano,2012,2,0,0,0,2,0,0,2
1164606,2012-09-01,Sábado,12:50:00,RN,101,96.8,NATAL,Falta de atenção,Colisão traseira,Sem Vítimas,Pleno dia,Crescente,Ceu Claro,Dupla,Reta,Urbano,2012,2,0,0,0,2,0,0,2
1164683,2012-09-05,Quarta,18:00:00,RN,101,96.7,NATAL,Outras,Colisão lateral,Sem Vítimas,Plena noite,Decrescente,Ceu Claro,Dupla,Reta,Urbano,2012,2,0,0,0,2,0,0,2
1164769,2012-09-05,Quarta,21:25:00,RN,101,102.5,PARNAMIRIM,Outras,Colisão traseira,Sem Vítimas,Plena noite,Crescente,Ceu Claro,Múltipla,Reta,Urbano,2012,2,0,0,0,2,0,0,2
1164836,2012-09-05,Quarta,18:40:00,RN,304,25.9,MOSSORO,Outras,Atropelamento de pessoa,Com Vítimas Feridas,Plena noite,Decrescente,Ceu Claro,Simples,Reta,Rural,2012,2,0,0,1,0,1,1,1
1164873,2012-09-03,Segunda,01:10:00,RN,304,295.9,MACAIBA,Ingestão de álcool,Colisão traseira,Sem Vítimas,Plena noite,Crescente,Ceu Claro,Simples,Reta,Urbano,2012,2,0,0,0,2,0,0,2
1164887,2012-08-20,Segunda,08:05:00,RN,226,1.2,NATAL,Outras,Colisão Transversal,Sem Vítimas,Pleno dia,Decrescente,Ceu Claro,Dupla,Reta,Urbano,2012,3,0,0,0,3,0,0,3
1164889,2012-09-01,Sábado,18:45:00,RN,101,106.1,PARNAMIRIM,Outras,Atropelamento de pessoa,Com Vítimas Feridas,Plena noite,Decrescente,Ceu Claro,Dupla,Reta,Urbano,2012,2,0,0,1,1,0,1,1
1164950,2012-09-06,Quinta,08:15:00,RN,101,84.9,NATAL,Outras,Colisão lateral,Sem Vítimas,Pleno dia,Crescente,Sol,Múltipla,Reta,Urbano,2012,2,0,0,0,2,0,0,2
1164966,2012-09-06,Quinta,09:15:00,RN,226,3.2,NATAL,Falta de atenção,Colisão lateral,Sem Vítimas,Pleno dia,Decrescente,Sol,Simples,Cruzamento,Urbano,2012,2,0,0,0,1,1,0,2
1165060,2012-08-19,Domingo,05:00:00,RN,405,34.8,GOVERNADOR DIX-SEPT ROSADO,Outras,Capotamento,Ignorado,Amanhecer,Decrescente,Ceu Claro,Simples,Reta,Rural,2012,1,0,0,0,0,1,0,1
1165192,2012-09-06,Quinta,08:20:00,RN,101,97.3,NATAL,Falta de atenção,Colisão lateral,Sem Vítimas,Pleno dia,Decrescente,Ceu Claro,Múltipla,Reta,Urbano,2012,2,0,0,0,2,0,0,2
1165208,2012-09-06,Quinta,17:05:00,RN,304,118,ITAJA,Animais na Pista,Atropelamento de animal,Sem Vítimas,Pleno dia,Decrescente,Sol,Simples,Reta,Urbano,2012,1,0,0,0,1,0,0,1
1165219,2012-09-06,Quinta,17:20:00,RN,226,48,BOM JESUS,Falta de atenção,Colisão lateral,Sem Vítimas,Anoitecer,Decrescente,Ignorada,Simples,Reta,Urbano,2012,2,0,0,0,1,1,0,2
1165234,2012-09-06,Quinta,15:50:00,RN,101,99.5,NATAL,Falta de atenção,Colisão traseira,Sem Vítimas,Pleno dia,Decrescente,Ceu Claro,Dupla,Cruzamento,Urbano,2012,2,0,0,0,2,0,0,2
1165271,2012-09-04,Terça,11:48:00,RN,101,97,NATAL,Falta de atenção,Colisão lateral,Sem Vítimas,Pleno dia,Crescente,Ceu Claro,Dupla,Cruzamento,Urbano,2012,2,0,0,0,2,0,0,2
1165287,2012-09-06,Quinta,18:30:00,RN,101,106.4,PARNAMIRIM,Falta de atenção,Colisão traseira,Sem Vítimas,Plena noite,Crescente,Ceu Claro,Dupla,Reta,Urbano,2012,3,0,0,0,3,0,0,3
1165302,2012-09-06,Quinta,19:00:00,RN,304,137.6,IPANGUACU,Animais na Pista,Atropelamento de animal,Sem Vítimas,Plena noite,Decrescente,Ceu Claro,Simples,Reta,Rural,2012,1,0,0,0,1,0,0,1
1165427,2012-09-06,Quinta,18:45:00,RN,226,112.3,SANTA CRUZ,Outras,Colisão frontal,Com Vítimas Feridas,Plena noite,Crescente,Ceu Claro,Simples,Reta,Urbano,2012,3,0,1,0,1,1,1,3
1165462,2012-09-06,Quinta,06:50:00,RN,110,46.9,MOSSORO,Falta de atenção,Colisão Transversal,Com Vítimas Feridas,Pleno dia,Crescente,Ceu Claro,Simples,Cruzamento,Urbano,2012,2,0,1,0,1,0,1,2
1165478,2012-09-07,Sexta,05:05:00,RN,101,101,PARNAMIRIM,Outras,Saída de Pista,Com Vítimas Feridas,Amanhecer,Decrescente,Ceu Claro,Dupla,Curva,Urbano,2012,1,0,1,0,0,0,1,1
1165564,2012-09-05,Quarta,00:05:00,RN,405,49.5,GOVERNADOR DIX-SEPT ROSADO,Animais na Pista,Atropelamento de animal,Sem Vítimas,Plena noite,Decrescente,Ceu Claro,Simples,Reta,Urbano,2012,1,0,0,0,1,0,0,1
1165633,2012-09-07,Sexta,10:35:00,RN,101,101,PARNAMIRIM,Falta de atenção,Colisão lateral,Sem Vítimas,Pleno dia,Decrescente,Sol,Múltipla,Reta,Urbano,2012,2,0,0,0,2,0,0,2
1165732,2012-09-03,Segunda,12:50:00,RN,101,99.8,NATAL,Outras,Colisão lateral,Sem Vítimas,Pleno dia,Crescente,Ceu Claro,Dupla,Reta,Urbano,2012,4,0,0,0,3,1,0,4
1165779,2012-09-03,Segunda,12:50:00,RN,304,307.1,PARNAMIRIM,Falta de atenção,Colisão lateral,Sem Vítimas,Pleno dia,Crescente,Sol,Múltipla,Cruzamento,Urbano,2012,2,0,0,0,2,0,0,2
1165810,2012-09-06,Quinta,17:00:00,RN,304,126,ASSU,Não guardar distância de segurança,Colisão traseira,Sem Vítimas,Pleno dia,Decrescente,Ceu Claro,Simples,Reta,Rural,2012,3,0,0,0,3,0,0,3
1165993,2012-09-07,Sexta,20:15:00,RN,101,95.9,NATAL,Falta de atenção,Colisão lateral,Sem Vítimas,Plena noite,Crescente,Ceu Claro,Múltipla,Cruzamento,Urbano,2012,2,0,0,0,2,0,0,2