id,data_inversa,dia_semana,horario,uf,br,km,municipio,causa_acidente,tipo_acidente,classificacao_acidente,fase_dia,sentido_via,condicao_metereologica,tipo_pista,tracado_via,uso_solo,ano,pessoas,mortos,feridos_leves,feridos_graves,ilesos,ignorados,feridos,veiculos
1182703,2012-10-09,Terça,17:40:00,RN,101,98.0,NATAL,Outras,Colisão traseira,Sem Vítimas,Anoitecer,Crescente,Vento,Dupla,Reta,Urbano,2012,3,0,0,0,3,0,0,3
1182726,2012-10-06,Sábado,18:45:00,RN,304,228.0,RIACHUELO,Não guardar distância de segurança,Colisão traseira,Sem Vítimas,Plena noite,Decrescente,Ceu Claro,Simples,Reta,Urbano,2012,2,0,0,0,2,0,0,2
1182736,2012-10-09,Terça,05:50:00,RN,226,2.3,NATAL,Falta de atenção,Colisão traseira,Sem Vítimas,Pleno dia,Crescente,Ceu Claro,Simples,Reta,Urbano,2012,2,0,0,0,2,0,0,2
1182768,2012-10-06,Sábado,19:25:00,RN,405,8.6,MOSSORO,Falta de atenção,Colisão traseira,Com Vítimas Feridas,Plena noite,Crescente,Ceu Claro,Simples,Reta,Rural,2012,2,0,0,1,1,0,1,2
1182788,2012-09-21,Sexta,03:10:00,RN,101,96.1,NATAL,Outras,Colisão traseira,Com Vítimas Feridas,Plena noite,Decrescente,Ceu Claro,Múltipla,Reta,Urbano,2012,2,0,0,1,1,0,1,2
1182797,2012-10-10,Quarta,08:15:00,RN,101,106.0,PARNAMIRIM,Não guardar distância de segurança,Colisão traseira,Sem Vítimas,Pleno dia,Crescente,Ceu Claro,Dupla,Reta,Urbano,2012,2,0,0,0,2,0,0,2
1182835,2012-10-07,Domingo,10:30:00,RN,304,249.3,RIACHUELO,Outras,Capotamento,Sem Vítimas,Pleno dia,Decrescente,Sol,Simples,Reta,Rural,2012,1,0,0,0,1,0,0,1
1182951,2012-10-10,Quarta,13:00:00,RN,101,94.0,NATAL,Não guardar distância de segurança,Colisão traseira,Sem Vítimas,Pleno dia,Crescente,Nublado,Simples,Reta,Urbano,2012,2,0,0,0,2,0,0,2
1182976,2012-10-10,Quarta,09:49:00,RN,304,209.0,CAICARA DO RIO DO VENTO,Defeito mecânico em veículo,Colisão com objeto fixo,Sem Vítimas,Pleno dia,Crescente,Ceu Claro,Simples,Reta,Rural,2012,1,0,0,0,1,0,0,1
1183029,2012-06-08,Sexta,17:40:00,RN,101,107.1,PARNAMIRIM,Outras,Colisão Transversal,Sem Vítimas,Plena noite,Crescente,Nublado,Dupla,Reta,Urbano,2012,2,0,0,0,2,0,0,2
1183039,2012-10-09,Terça,19:00:00,RN,110,91.6,UPANEMA,Outras,Colisão traseira,Com Vítimas Feridas,Plena noite,Crescente,Ceu Claro,Simples,Reta,Rural,2012,2,0,1,0,0,1,1,2
1183054,2012-10-10,Quarta,06:45:00,RN,101,100.2,PARNAMIRIM,Não guardar distância de segurança,Colisão traseira,Sem Vítimas,Pleno dia,Decrescente,Ceu Claro,Dupla,Reta,Urbano,2012,3,0,0,0,3,0,0,3
1183190,2012-10-05,Sexta,11:05:00,RN,101,105.0,PARNAMIRIM,Desobediência à sinalização,Colisão Transversal,Com Vítimas Feridas,Pleno dia,Decrescente,Ceu Claro,Dupla,Reta,Urbano,2012,3,0,2,0,1,0,2,2
1183208,2012-09-12,Quarta,18:50:00,RN,226,3.1,NATAL,Ingestão de álcool,Colisão traseira,Com Vítimas Feridas,Plena noite,Crescente,Ceu Claro,Simples,Curva,Urbano,2012,4,0,2,0,2,0,2,3
1183219,2012-10-05,Sexta,17:10:00,RN,101,102.0,PARNAMIRIM,Não guardar distância de segurança,Colisão traseira,Sem Vítimas,Pleno dia,Decrescente,Ceu Claro,Dupla,Reta,Urbano,2012,2,0,0,0,2,0,0,2
1183301,2012-10-10,Quarta,22:35:00,RN,101,99.7,NATAL,Outras,Atropelamento de pessoa,Com Vítimas Fatais,Plena noite,Decrescente,Chuva,Múltipla,Cruzamento,Urbano,2012,2,1,0,0,1,0,0,1
1183447,2012-10-07,Domingo,18:45:00,RN,101,125.5,SAO JOSE DE MIPIBU,Outras,Queda de motocicleta / bicicleta / veículo,Com Vítimas Feridas,Plena noite,Decrescente,Ceu Claro,Dupla,Curva,Urbano,2012,1,0,1,0,0,0,1,1
1183481,2012-10-11,Quinta,10:15:00,RN,101,106.0,PARNAMIRIM,Falta de atenção,Colisão traseira,Sem Vítimas,Pleno dia,Decrescente,Ceu Claro,Dupla,Reta,Urbano,2012,2,0,0,0,2,0,0,2
1183494,2012-10-11,Quinta,08:45:00,RN,101,99.9,NATAL,Não guardar distância de segurança,Colisão lateral,Sem Vítimas,Pleno dia,Decrescente,Ceu Claro,Dupla,Cruzamento,Urbano,2012,2,0,0,0,2,0,0,2
1183523,2012-08-30,Quinta,20:00:00,RN,101,96.9,NATAL,Falta de atenção,Atropelamento de pessoa,Com Vítimas Fatais,Plena noite,Decrescente,Ceu Claro,Dupla,Reta,Urbano,2012,2,1,0,0,0,1,0,1
1183547,2012-10-05,Sexta,19:00:00,RN,226,117.0,SANTA CRUZ,Desobediência à sinalização,Colisão Transversal,Com Vítimas Feridas,Plena noite,Decrescente,Ceu Claro,Simples,Reta,Urbano,2012,3,0,1,1,1,0,2,2
1183569,2012-10-08,Segunda,02:30:00,RN,226,106.0,SANTA CRUZ,Dormindo,Capotamento,Com Vítimas Feridas,Plena noite,Crescente,Ceu Claro,Simples,Reta,Rural,2012,1,0,1,0,0,0,1,1
1183652,2012-10-11,Quinta,07:45:00,RN,406,151.0,CEARA-MIRIM,Falta de atenção,Colisão lateral,Sem Vítimas,Pleno dia,Decrescente,Ceu Claro,Simples,Reta,Urbano,2012,2,0,0,0,2,0,0,2
1183730,2012-10-11,Quinta,18:03:00,RN,101,104.0,PARNAMIRIM,Não guardar distância de segurança,Colisão traseira,Sem Vítimas,Plena noite,Crescente,Ceu Claro,Dupla,Reta,Urbano,2012,3,0,0,0,2,1,0,3
1184027,2012-10-12,Sexta,04:40:00,RN,101,101.0,PARNAMIRIM,Ingestão de álcool,Colisão traseira,Sem Vítimas,Pleno dia,Decrescente,Ceu Claro,Dupla,Reta,Urbano,2012,4,0,0,0,4,0,0,3
1184126,2012-10-12,Sexta,10:45:00,RN,101,122.0,SAO JOSE DE MIPIBU,Outras,Colisão lateral,Sem Vítimas,Pleno dia,Decrescente,Ceu Claro,Dupla,Reta,Urbano,2012,2,0,0,0,2,0,0,2
1184393,2012-10-09,Terça,18:30:00,RN,405,158.0,RAFAEL FERNANDES,Outras,Colisão traseira,Com Vítimas Feridas,Plena noite,Crescente,Ceu Claro,Simples,Reta,Rural,2012,3,0,3,0,0,0,3,2
1184417,2012-10-12,Sexta,17:00:00,RN,427,1.1,CURRAIS NOVOS,Outras,Colisão com bicicleta,Com Vítimas Feridas,Pleno dia,Crescente,Ceu Claro,Simples,Reta,Rural,2012,3,0,0,1,1,1,1,2
1184424,2012-10-12,Sexta,19:00:00,RN,101,80.0,SAO GONCALO DO AMARANTE,Defeito mecânico em veículo,Colisão Transversal,Com Vítimas Feridas,Plena noite,Crescente,Vento,Dupla,Cruzamento,Urbano,2012,2,0,1,0,1,0,1,2
1184529,2012-10-11,Quinta,18:05:00,RN,226,113.0,SANTA CRUZ,Falta de atenção,Colisão lateral,Sem Vítimas,Plena noite,Decrescente,Ceu Claro,Simples,Reta,Urbano,2012,2,0,0,0,2,0,0,2
1184567,2012-10-13,Sábado,01:45:00,RN,101,127.0,SAO JOSE DE MIPIBU,Outras,Saída de Pista,Sem Vítimas,Plena noite,Decrescente,Ceu Claro,Dupla,Reta,Rural,2012,1,0,0,0,1,0,0,1
1184608,2012-10-11,Quinta,10:50:00,RN,304,53.3,MOSSORO,Falta de atenção,Tombamento,Sem Vítimas,Pleno dia,Crescente,Ceu Claro,Simples,Reta,Rural,2012,1,0,0,0,1,0,0,1
1184689,2012-10-08,Segunda,07:00:00,RN,304,43.0,MOSSORO,Falta de atenção,Colisão Transversal,Com Vítimas Feridas,Pleno dia,Decrescente,Ceu Claro,Dupla,Cruzamento,Urbano,2012,2,0,0,1,1,0,1,2
1184699,2012-10-13,Sábado,06:45:00,RN,101,128.1,SAO JOSE DE MIPIBU,Falta de atenção,Colisão com objeto fixo,Sem Vítimas,Amanhecer,Decrescente,Nevoeiro/neblina,Dupla,Reta,Rural,2012,1,0,0,0,1,0,0,1
1184719,2012-10-04,Quinta,17:30:00,RN,304,43.0,MOSSORO,Falta de atenção,Colisão lateral,Sem Vítimas,Anoitecer,Decrescente,Ceu Claro,Dupla,Cruzamento,Urbano,2012,2,0,0,0,2,0,0,2
1184751,2012-10-13,Sábado,09:10:00,RN,101,99.0,NATAL,Falta de atenção,Colisão traseira,Sem Vítimas,Pleno dia,Decrescente,Ceu Claro,Dupla,Cruzamento,Urbano,2012,2,0,0,0,2,0,0,2
1184760,2012-10-08,Segunda,09:25:00,RN,304,32.0,MOSSORO,Falta de atenção,Colisão Transversal,Com Vítimas Feridas,Pleno dia,Decrescente,Ceu Claro,Simples,Reta,Urbano,2012,2,0,1,1,0,0,2,2
1184766,2012-10-13,Sábado,10:10:00,RN,304,287.0,MACAIBA,Outras,Colisão lateral,Sem Vítimas,Pleno dia,Crescente,Sol,Simples,Reta,Rural,2012,2,0,0,0,2,0,0,2
1184834,2012-10-13,Sábado,14:00:00,RN,101,85.0,NATAL,Não guardar distância de segurança,Colisão traseira,Sem Vítimas,Pleno dia,Decrescente,Ceu Claro,Dupla,Reta,Urbano,2012,2,0,0,0,2,0,0,2
1184869,2012-10-13,Sábado,14:45:00,RN,101,108.0,PARNAMIRIM,Outras,Atropelamento de pessoa,Sem Vítimas,Pleno dia,Decrescente,Sol,Dupla,Reta,Urbano,2012,2,0,0,0,2,0,0,1
1184890,2012-10-13,Sábado,12:30:00,RN,101,104.4,PARNAMIRIM,Outras,Capotamento,Com Vítimas Feridas,Pleno dia,Decrescente,Ceu Claro,Múltipla,Curva,Urbano,2012,2,0,2,0,0,0,2,1
1184899,2012-10-13,Sábado,13:00:00,RN,101,99.7,PARNAMIRIM,Não guardar distância de segurança,Colisão lateral,Sem Vítimas,Pleno dia,Decrescente,Sol,Dupla,Reta,Urbano,2012,2,0,0,0,2,0,0,2
1184903,2012-10-13,Sábado,14:50:00,RN,101,99.9,PARNAMIRIM,Não guardar distância de segurança,Colisão traseira,Sem Vítimas,Pleno dia,Crescente,Sol,Dupla,Cruzamento,Urbano,2012,2,0,0,0,2,0,0,2
1184937,2012-10-11,Quinta,18:30:00,RN,101,95.9,NATAL,Não guardar distância de segurança,Colisão traseira,Sem Vítimas,Plena noite,Crescente,Ceu Claro,Dupla,Reta,Urbano,2012,2,0,0,0,2,0,0,2
1185018,2012-10-11,Quinta,18:50:00,RN,101,98.0,NATAL,Não guardar distância de segurança,Colisão traseira,Sem Vítimas,Plena noite,Decrescente,Ceu Claro,Dupla,Reta,Urbano,2012,3,0,0,0,3,0,0,3
1185071,2012-10-12,Sexta,00:10:00,RN,101,125.0,SAO JOSE DE MIPIBU,Animais na Pista,Capotamento,Sem Vítimas,Plena noite,Crescente,Ceu Claro,Dupla,Reta,Urbano,2012,1,0,0,0,1,0,0,1
1185132,2012-10-13,Sábado,18:10:00,RN,101,96.0,NATAL,Outras,Colisão traseira,Sem Vítimas,Plena noite,Crescente,Ceu Claro,Dupla,Reta,Urbano,2012,2,0,0,0,2,0,0,2
1185227,2012-10-14,Domingo,04:00:00,RN,406,37.0,GUAMARE,Dormindo,Saída de Pista,Sem Vítimas,Plena noite,Decrescente,Vento,Simples,Reta,Rural,2012,1,0,0,0,1,0,0,1
1185233,2012-10-10,Quarta,21:10:00,RN,101,123.0,SAO JOSE DE MIPIBU,Falta de atenção,Tombamento,Sem Vítimas,Plena noite,Decrescente,Ceu Claro,Dupla,Reta,Urbano,2012,1,0,0,0,1,0,0,1
1185253,2012-10-10,Quarta,17:10:00,RN,101,98.0,NATAL,Falta de atenção,Colisão lateral,Sem Vítimas,Pleno dia,Decrescente,Ceu Claro,Dupla,Reta,Urbano,2012,2,0,0,0,2,0,0,2
1185288,2012-10-13,Sábado,15:20:00,RN,101,167.0,CANGUARETAMA,Animais na Pista,Atropelamento de animal,Sem Vítimas,Pleno dia,Decrescente,Ceu Claro,Dupla,Reta,Rural,2012,1,0,0,0,1,0,0,1
1185335,2012-10-07,Domingo,11:00:00,RN,304,57.0,MOSSORO,Falta de atenção,Tombamento,Sem Vítimas,Pleno dia,Crescente,Sol,Simples,Reta,Rural,2012,1,0,0,0,1,0,0,1
1185372,2012-10-14,Domingo,11:20:00,RN,226,175.0,CURRAIS NOVOS,Falta de atenção,Colisão lateral,Com Vítimas Feridas,Pleno dia,Crescente,Ceu Claro,Simples,Reta,Urbano,2012,2,0,1,0,1,0,1,2
1185466,2012-10-14,Domingo,18:40:00,RN,101,118.0,SAO JOSE DE MIPIBU,Ingestão de álcool,Colisão com objeto fixo,Com Vítimas Feridas,Plena noite,Decrescente,Ceu Claro,Dupla,Cruzamento,Rural,2012,2,0,1,0,1,0,1,1
1185503,2012-10-14,Domingo,09:00:00,RN,226,242.0,JUCURUTU,Defeito mecânico em veículo,Capotamento,Com Vítimas Feridas,Pleno dia,Crescente,Ceu Claro,Simples,Reta,Rural,2012,1,0,1,0,0,0,1,1
1185556,2012-10-10,Quarta,20:15:00,RN,110,47.4,MOSSORO,Animais na Pista,Colisão frontal,Com Vítimas Feridas,Plena noite,Crescente,Ceu Claro,Simples,Reta,Urbano,2012,2,0,1,0,1,0,1,2
1185587,2012-10-14,Domingo,15:00:00,RN,304,36.5,MOSSORO,Falta de atenção,Colisão traseira,Sem Vítimas,Pleno dia,Crescente,Sol,Simples,Cruzamento,Urbano,2012,2,0,0,0,2,0,0,2
1185606,2012-10-14,Domingo,18:30:00,RN,101,99.0,NATAL,Não guardar distância de segurança,Colisão traseira,Sem Vítimas,Plena noite,Decrescente,Ceu Claro,Dupla,Reta,Urbano,2012,4,0,0,0,4,0,0,4
1185670,2012-10-15,Segunda,02:00:00,RN,110,21.6,AREIA BRANCA,Animais na Pista,Saída de Pista,Com Vítimas Feridas,Plena noite,Decrescente,Ceu Claro,Simples,Reta,Rural,2012,3,0,2,0,1,0,2,1
1185673,2012-10-14,Domingo,19:20:00,RN,304,37.5,MOSSORO,Desobediência à sinalização,Colisão Transversal,Com Vítimas Feridas,Plena noite,Crescente,Ceu Claro,Simples,Cruzamento,Urbano,2012,2,0,1,0,1,0,1,2
1185683,2012-10-14,Domingo,07:50:00,RN,110,47.5,MOSSORO,Outras,Colisão traseira,Com Vítimas Feridas,Pleno dia,Crescente,Ceu Claro,Simples,Reta,Urbano,2012,2,0,1,0,1,0,1,2
1185713,2012-10-11,Quinta,21:50:00,RN,101,151.7,GOIANINHA,Outras,Saída de Pista,Sem Vítimas,Plena noite,Crescente,Ceu Claro,Dupla,Reta,Rural,2012,1,0,0,0,1,0,0,1
1185725,2012-10-15,Segunda,07:00:00,RN,304,46.5,MOSSORO,Outras,Colisão com objeto móvel,Com Vítimas Feridas,Plena noite,Decrescente,Sol,Dupla,Cruzamento,Urbano,2012,2,0,1,0,0,1,1,2
1185772,2012-10-13,Sábado,19:45:00,RN,101,101.0,PARNAMIRIM,Falta de atenção,Colisão traseira,Sem Vítimas,Plena noite,Decrescente,Ceu Claro,Dupla,Cruzamento,Urbano,2012,2,0,0,0,2,0,0,2
1185799,2012-10-14,Domingo,02:00:00,RN,101,97.0,NATAL,Ingestão de álcool,Colisão com objeto fixo,Sem Vítimas,Plena noite,Crescente,Ceu Claro,Simples,Reta,Urbano,2012,1,0,0,0,1,0,0,1
1185841,2012-10-15,Segunda,09:50:00,RN,101,98.0,NATAL,Outras,Colisão traseira,Sem Vítimas,Pleno dia,Decrescente,Sol,Dupla,Cruzamento,Urbano,2012,2,0,0,0,2,0,0,2
1185900,2012-10-15,Segunda,08:50:00,RN,101,101.4,PARNAMIRIM,Falta de atenção,Colisão Transversal,Sem Vítimas,Pleno dia,Decrescente,Ceu Claro,Dupla,Reta,Urbano,2012,2,0,0,0,2,0,0,2
1185930,2012-10-08,Segunda,14:10:00,RN,304,136.0,IPANGUACU,Defeito mecânico em veículo,Saída de Pista,Com Vítimas Feridas,Pleno dia,Decrescente,Ceu Claro,Simples,Reta,Rural,2012,2,0,1,0,1,0,1,1
1185946,2012-10-15,Segunda,12:10:00,RN,101,100.0,PARNAMIRIM,Não guardar distância de segurança,Colisão traseira,Sem Vítimas,Pleno dia,Decrescente,Ceu Claro,Dupla,Reta,Urbano,2012,2,0,0,0,2,0,0,2
1185953,2012-10-14,Domingo,12:20:00,RN,110,46.5,MOSSORO,Falta de atenção,Colisão traseira,Com Vítimas Feridas,Pleno dia,Crescente,Sol,Simples,Reta,Urbano,2012,3,0,2,0,1,0,2,2
1186038,2012-10-14,Domingo,16:20:00,RN,304,25.1,MOSSORO,Falta de atenção,Colisão traseira,Sem Vítimas,Pleno dia,Crescente,Sol,Simples,Reta,Rural,2012,2,0,0,0,2,0,0,2
1186226,2012-10-15,Segunda,14:10:00,RN,304,108.3,ASSU,Falta de atenção,Colisão Transversal,Com Vítimas Feridas,Pleno dia,Decrescente,Sol,Simples,Cruzamento,Urbano,2012,2,0,0,1,1,0,1,2
1186257,2012-10-15,Segunda,17:15:00,RN,304,32.0,MOSSORO,Falta de atenção,Colisão Transversal,Com Vítimas Feridas,Pleno dia,Decrescente,Sol,Simples,Reta,Urbano,2012,3,0,1,0,2,0,1,2
1186259,2012-10-14,Domingo,19:15:00,RN,226,40.8,MACAIBA,Não guardar distância de segurança,Colisão traseira,Com Vítimas Feridas,Plena noite,Crescente,Ceu Claro,Simples,Reta,Urbano,2012,3,0,1,1,1,0,2,2
1186268,2012-10-15,Segunda,19:40:00,RN,101,107.0,PARNAMIRIM,Falta de atenção,Colisão lateral,Sem Vítimas,Plena noite,Crescente,Ceu Claro,Dupla,Reta,Urbano,2012,2,0,0,0,2,0,0,2
1186272,2012-10-11,Quinta,18:10:00,RN,304,297.0,MACAIBA,Falta de atenção,Colisão lateral,Sem Vítimas,Plena noite,Decrescente,Ceu Claro,Dupla,Curva,Urbano,2012,2,0,0,0,2,0,0,2
1186283,2012-10-11,Quinta,18:30:00,RN,304,286.0,MACAIBA,Outras,Colisão traseira,Sem Vítimas,Plena noite,Crescente,Ceu Claro,Simples,Reta,Rural,2012,2,0,0,0,2,0,0,2
1186291,2012-10-11,Quinta,17:30:00,RN,226,400.0,MACAIBA,Ultrapassagem indevida,Colisão traseira,Com Vítimas Feridas,Plena noite,Crescente,Ceu Claro,Simples,Reta,Urbano,2012,2,0,0,1,1,0,1,2
1186300,2012-10-15,Segunda,17:20:00,RN,101,95.0,NATAL,Outras,Colisão Transversal,Sem Vítimas,Anoitecer,Crescente,Nublado,Dupla,Reta,Urbano,2012,2,0,0,0,2,0,0,2
1186452,2012-10-11,Quinta,18:00:00,RN,101,97.0,NATAL,Outras,Atropelamento de pessoa,Com Vítimas Feridas,Plena noite,Decrescente,Ceu Claro,Dupla,Reta,Urbano,2012,2,0,0,2,0,0,2,1
1186468,2012-10-02,Terça,19:40:00,RN,110,46.8,MOSSORO,Desobediência à sinalização,Colisão Transversal,Sem Vítimas,Plena noite,Crescente,Ignorada,Simples,Cruzamento,Urbano,2012,2,0,0,0,2,0,0,2
1186481,2012-10-16,Terça,08:00:00,RN,101,85.0,SAO GONCALO DO AMARANTE,Outras,Colisão lateral,Sem Vítimas,Pleno dia,Crescente,Sol,Múltipla,Reta,Urbano,2012,2,0,0,0,2,0,0,2
1186580,2012-10-11,Quinta,16:00:00,RN,101,104.0,PARNAMIRIM,Falta de atenção,Colisão lateral,Com Vítimas Feridas,Pleno dia,Crescente,Sol,Dupla,Cruzamento,Urbano,2012,2,0,1,0,0,1,1,2
1186618,2012-10-10,Quarta,18:10:00,RN,304,61.0,MOSSORO,Falta de atenção,Colisão traseira,Com Vítimas Feridas,Plena noite,Crescente,Ceu Claro,Simples,Reta,Rural,2012,2,0,1,0,1,0,1,2
1186655,2012-10-11,Quinta,22:20:00,RN,304,38.1,MOSSORO,Animais na Pista,Atropelamento de animal,Com Vítimas Feridas,Plena noite,Crescente,Ignorada,Dupla,Reta,Urbano,2012,1,0,1,0,0,0,1,1
1186675,2012-10-08,Segunda,18:30:00,RN,304,130.0,IPANGUACU,Outras,Tombamento,Sem Vítimas,Plena noite,Decrescente,Ignorada,Simples,Reta,Rural,2012,1,0,0,0,1,0,0,1
1186713,2012-10-16,Terça,06:50:00,RN,101,102.6,PARNAMIRIM,Falta de atenção,Colisão traseira,Com Vítimas Feridas,Pleno dia,Crescente,Ceu Claro,Dupla,Reta,Urbano,2012,4,0,1,1,2,0,2,4
1186719,2012-10-16,Terça,14:20:00,RN,101,169.0,SAO GONCALO DO AMARANTE,Falta de atenção,Colisão Transversal,Com Vítimas Feridas,Pleno dia,Crescente,Sol,Simples,Reta,Urbano,2012,2,0,1,0,1,0,1,2
1186773,2012-10-16,Terça,08:00:00,RN,101,100.0,PARNAMIRIM,Falta de atenção,Colisão traseira,Sem Vítimas,Pleno dia,Decrescente,Ceu Claro,Dupla,Reta,Urbano,2012,2,0,0,0,2,0,0,2
1186812,2012-10-16,Terça,09:55:00,RN,101,96.0,NATAL,Outras,Colisão lateral,Sem Vítimas,Pleno dia,Crescente,Sol,Dupla,Reta,Urbano,2012,2,0,0,0,2,0,0,2
1186827,2012-10-16,Terça,12:10:00,RN,101,94.1,NATAL,Não guardar distância de segurança,Colisão traseira,Sem Vítimas,Pleno dia,Decrescente,Ceu Claro,Múltipla,Reta,Urbano,2012,2,0,0,0,2,0,0,2
1186847,2012-10-16,Terça,07:25:00,RN,101,99.8,NATAL,Falta de atenção,Colisão lateral,Sem Vítimas,Pleno dia,Decrescente,Ceu Claro,Dupla,Cruzamento,Urbano,2012,2,0,0,0,2,0,0,2
1186863,2012-10-16,Terça,12:49:00,RN,101,94.0,NATAL,Não guardar distância de segurança,Colisão traseira,Sem Vítimas,Pleno dia,Decrescente,Nevoeiro/neblina,Dupla,Reta,Urbano,2012,2,0,0,0,2,0,0,2
1186880,2012-10-16,Terça,21:00:00,RN,304,63.0,MOSSORO,Animais na Pista,Atropelamento de animal,Sem Vítimas,Pleno dia,Crescente,Ceu Claro,Simples,Reta,Urbano,2012,1,0,0,0,1,0,0,1
1186932,2012-10-16,Terça,09:10:00,RN,304,53.0,MOSSORO,Falta de atenção,Colisão traseira,Com Vítimas Feridas,Pleno dia,Decrescente,Ceu Claro,Simples,Reta,Rural,2012,6,0,4,0,2,0,4,3
1186975,2012-10-14,Domingo,04:45:00,RN,101,106.0,PARNAMIRIM,Ingestão de álcool,Colisão traseira,Com Vítimas Feridas,Amanhecer,Decrescente,Vento,Dupla,Reta,Urbano,2012,3,0,0,1,2,0,1,2
1186976,2012-10-17,Quarta,06:40:00,RN,110,49.0,MOSSORO,Falta de atenção,Colisão lateral,Sem Vítimas,Pleno dia,Crescente,Ceu Claro,Dupla,Reta,Urbano,2012,2,0,0,0,2,0,0,2
1186980,2012-10-13,Sábado,17:10:00,RN,101,118.5,SAO JOSE DE MIPIBU,Falta de atenção,Colisão lateral,Com Vítimas Feridas,Anoitecer,Decrescente,Ceu Claro,Dupla,Reta,Urbano,2012,2,0,1,0,1,0,1,2
1186982,2012-10-16,Terça,19:30:00,RN,226,138.5,CAMPO REDONDO,Animais na Pista,Atropelamento de animal,Sem Vítimas,Plena noite,Decrescente,Ceu Claro,Simples,Reta,Rural,2012,1,0,0,0,1,0,0,1
1187041,2012-10-06,Sábado,13:00:00,RN,101,106.0,PARNAMIRIM,Ingestão de álcool,Colisão Transversal,Com Vítimas Feridas,Pleno dia,Decrescente,Ceu Claro,Dupla,Reta,Urbano,2012,3,0,1,0,2,0,1,2
1187083,2012-10-17,Quarta,08:25:00,RN,101,85.7,SAO GONCALO DO AMARANTE,Não guardar distância de segurança,Colisão traseira,Sem Vítimas,Pleno dia,Crescente,Chuva,Dupla,Reta,Urbano,2012,8,0,0,0,8,0,0,8
1187084,2012-10-17,Quarta,09:40:00,RN,101,85.4,SAO GONCALO DO AMARANTE,Falta de atenção,Colisão traseira,Sem Vítimas,Pleno dia,Crescente,Nublado,Dupla,Reta,Urbano,2012,3,0,0,0,3,0,0,3
1187095,2012-10-17,Quarta,11:10:00,RN,304,266.0,SAO PEDRO,Dormindo,Colisão lateral,Sem Vítimas,Pleno dia,Crescente,Ceu Claro,Simples,Reta,Rural,2012,2,0,0,0,2,0,0,2
1187236,2012-10-17,Quarta,07:40:00,RN,101,83.2,SAO GONCALO DO AMARANTE,Falta de atenção,Colisão traseira,Com Vítimas Feridas,Pleno dia,Crescente,Chuva,Dupla,Reta,Urbano,2012,2,0,1,0,1,0,1,2
1187245,2012-10-17,Quarta,14:00:00,RN,110,5.0,MOSSORO,Falta de atenção,Colisão traseira,Sem Vítimas,Pleno dia,Crescente,Ceu Claro,Dupla,Cruzamento,Urbano,2012,2,0,0,0,2,0,0,2
1187254,2012-10-13,Sábado,10:50:00,RN,304,44.9,MOSSORO,Falta de atenção,Colisão lateral,Com Vítimas Feridas,Pleno dia,Crescente,Ceu Claro,Dupla,Reta,Urbano,2012,3,0,2,0,0,1,2,2
1187299,2012-10-17,Quarta,13:45:00,RN,427,134.4,SERRA NEGRA DO NORTE,Dormindo,Capotamento,Com Vítimas Feridas,Pleno dia,Crescente,Ceu Claro,Simples,Reta,Rural,2012,1,0,1,0,0,0,1,1
1187352,2012-10-17,Quarta,17:20:00,RN,101,94.0,NATAL,Outras,Colisão lateral,Com Vítimas Feridas,Pleno dia,Crescente,Ceu Claro,Simples,Reta,Urbano,2012,2,0,1,0,1,0,1,2
1187377,2012-10-17,Quarta,18:45:00,RN,406,152.1,CEARA-MIRIM,Falta de atenção,Colisão Transversal,Sem Vítimas,Pleno dia,Decrescente,Ceu Claro,Simples,Reta,Urbano,2012,2,0,0,0,2,0,0,2
1187412,2012-10-17,Quarta,18:45:00,RN,406,150.5,CEARA-MIRIM,Ultrapassagem indevida,Colisão frontal,Sem Vítimas,Plena noite,Decrescente,Ceu Claro,Simples,Reta,Urbano,2012,2,0,0,0,1,1,0,2
1187477,2012-10-17,Quarta,08:30:00,RN,304,281.0,MACAIBA,Desobediência à sinalização,Colisão traseira,Sem Vítimas,Pleno dia,Crescente,Nublado,Simples,Reta,Rural,2012,2,0,0,0,2,0,0,2
1187527,2012-10-17,Quarta,10:00:00,RN,101,106.0,PARNAMIRIM,Falta de atenção,Colisão Transversal,Com Vítimas Feridas,Pleno dia,Decrescente,Ceu Claro,Dupla,Reta,Urbano,2012,2,0,1,0,1,0,1,2
1187542,2012-10-14,Domingo,18:00:00,RN,226,2.9,NATAL,Outras,Colisão Transversal,Com Vítimas Feridas,Anoitecer,Decrescente,Ceu Claro,Simples,Curva,Urbano,2012,3,0,1,0,2,0,1,2
1187648,2012-10-18,Quinta,10:10:00,RN,304,46.5,MOSSORO,Desobediência à sinalização,Colisão traseira,Com Vítimas Feridas,Pleno dia,Decrescente,Ceu Claro,Dupla,Cruzamento,Urbano,2012,3,0,1,0,2,0,1,2
1187920,2012-10-18,Quinta,18:25:00,RN,101,96.8,NATAL,Não guardar distância de segurança,Colisão traseira,Sem Vítimas,Plena noite,Crescente,Ceu Claro,Múltipla,Reta,Urbano,2012,3,0,0,0,3,0,0,3
1187966,2012-10-14,Domingo,17:10:00,RN,304,35.0,MOSSORO,Velocidade incompatível,Colisão Transversal,Sem Vítimas,Anoitecer,Crescente,Ignorada,Simples,Reta,Urbano,2012,2,0,0,0,2,0,0,2