id,data_inversa,dia_semana,horario,uf,br,km,municipio,causa_acidente,tipo_acidente,classificacao_acidente,fase_dia,sentido_via,condicao_metereologica,tipo_pista,tracado_via,uso_solo,ano,pessoas,mortos,feridos_leves,feridos_graves,ilesos,ignorados,feridos,veiculos
1205460,2012-11-23,Sexta,17:30:00,RN,110,48.4,MOSSORO,Falta de atenção,Colisão traseira,Com Vítimas Feridas,Anoitecer,Decrescente,Ceu Claro,Dupla,Reta,Urbano,2012,4,0,0,1,2,1,1,2
1205461,2012-11-15,Quinta,16:00:00,RN,406,167.0,SAO GONCALO DO AMARANTE,Outras,Colisão lateral,Sem Vítimas,Plena noite,Crescente,Ceu Claro,Simples,Reta,Rural,2012,2,0,0,0,1,1,0,2
1205525,2012-11-23,Sexta,10:40:00,RN,405,151.2,PAU DOS FERROS,Falta de atenção,Colisão lateral,Sem Vítimas,Pleno dia,Crescente,Ceu Claro,Dupla,Reta,Urbano,2012,2,0,0,0,2,0,0,2
1205615,2012-11-23,Sexta,08:00:00,RN,101,101.6,PARNAMIRIM,Falta de atenção,Colisão Transversal,Com Vítimas Feridas,Pleno dia,Crescente,Sol,Múltipla,Curva,Urbano,2012,2,0,2,0,0,0,2,2
1205712,2012-11-16,Sexta,14:30:00,RN,101,9.4,NATAL,Não guardar distância de segurança,Colisão lateral,Sem Vítimas,Pleno dia,Crescente,Ceu Claro,Simples,Reta,Urbano,2012,2,0,0,0,2,0,0,2
1205713,2012-11-17,Sábado,00:15:00,RN,101,99.9,NATAL,Ingestão de álcool,Colisão traseira,Sem Vítimas,Plena noite,Crescente,Ceu Claro,Dupla,Cruzamento,Urbano,2012,2,0,0,0,2,0,0,2
1205724,2012-11-20,Terça,15:00:00,RN,405,0.6,MOSSORO,Defeito mecânico em veículo,Colisão traseira,Sem Vítimas,Pleno dia,Decrescente,Ceu Claro,Dupla,Reta,Urbano,2012,3,0,0,0,3,0,0,3
1205727,2012-11-14,Quarta,18:00:00,RN,304,116.0,ASSU,Animais na Pista,Atropelamento de animal,Sem Vítimas,Anoitecer,Decrescente,Ceu Claro,Simples,Reta,Rural,2012,3,0,0,0,3,0,0,1
1205737,2012-11-16,Sexta,22:50:00,RN,101,108.6,PARNAMIRIM,Ingestão de álcool,Colisão lateral,Sem Vítimas,Plena noite,Crescente,Ceu Claro,Dupla,Reta,Urbano,2012,2,0,0,0,2,0,0,2
1205810,2012-11-20,Terça,13:30:00,RN,101,173.3,CANGUARETAMA,Não guardar distância de segurança,Colisão traseira,Com Vítimas Feridas,Pleno dia,Crescente,Ceu Claro,Dupla,Reta,Rural,2012,3,0,0,2,1,0,2,2
1205820,2012-10-31,Quarta,19:10:00,RN,101,85.0,NATAL,Não guardar distância de segurança,Colisão traseira,Sem Vítimas,Plena noite,Crescente,Ignorada,Dupla,Reta,Urbano,2012,2,0,0,0,2,0,0,2
1205960,2012-11-18,Domingo,21:30:00,RN,304,211.5,CAICARA DO RIO DO VENTO,Dormindo,Colisão lateral,Sem Vítimas,Plena noite,Decrescente,Ceu Claro,Simples,Reta,Rural,2012,2,0,0,0,2,0,0,2
1205963,2012-11-20,Terça,06:33:00,RN,101,101.9,NATAL,Falta de atenção,Colisão traseira,Sem Vítimas,Pleno dia,Decrescente,Ceu Claro,Dupla,Cruzamento,Urbano,2012,2,0,0,0,2,0,0,2
1206008,2012-11-20,Terça,07:40:00,RN,101,98.8,NATAL,Falta de atenção,Colisão traseira,Sem Vítimas,Pleno dia,Decrescente,Ceu Claro,Dupla,Reta,Urbano,2012,3,0,0,0,3,0,0,3
1206170,2012-11-24,Sábado,15:30:00,RN,101,77.6,NATAL,Outras,Colisão Transversal,Com Vítimas Feridas,Pleno dia,Decrescente,Ceu Claro,Dupla,Cruzamento,Rural,2012,3,0,0,2,0,1,2,2
1206385,2012-11-23,Sexta,18:10:00,RN,226,60.9,SENADOR ELOI DE SOUZA,Outras,Atropelamento de pessoa,Com Vítimas Fatais,Anoitecer,Decrescente,Ceu Claro,Simples,Reta,Urbano,2012,2,1,0,0,1,0,0,1
1206435,2012-11-09,Sexta,08:00:00,RN,101,80.0,SAO GONCALO DO AMARANTE,Falta de atenção,Colisão traseira,Sem Vítimas,Pleno dia,Crescente,Sol,Dupla,Cruzamento,Urbano,2012,2,0,0,0,2,0,0,2
1206443,2012-11-21,Quarta,12:50:00,RN,101,147.0,GOIANINHA,Falta de atenção,Colisão Transversal,Sem Vítimas,Pleno dia,Crescente,Sol,Dupla,Reta,Urbano,2012,2,0,0,0,2,0,0,2
1206473,2012-11-21,Quarta,18:50:00,RN,101,99.9,NATAL,Falta de atenção,Colisão lateral,Sem Vítimas,Plena noite,Crescente,Ceu Claro,Dupla,Reta,Urbano,2012,2,0,0,0,2,0,0,2
1206680,2012-11-21,Quarta,23:55:00,RN,101,98.0,NATAL,Desobediência à sinalização,Colisão Transversal,Sem Vítimas,Pleno dia,Crescente,Ceu Claro,Dupla,Cruzamento,Urbano,2012,2,0,0,0,2,0,0,2
1206703,2012-11-25,Domingo,13:10:00,RN,101,95.0,NATAL,Desobediência à sinalização,Colisão Transversal,Sem Vítimas,Pleno dia,Crescente,Ceu Claro,Simples,Cruzamento,Urbano,2012,2,0,0,0,2,0,0,2
1206720,2012-11-25,Domingo,09:12:00,RN,101,95.9,NATAL,Falta de atenção,Colisão Transversal,Sem Vítimas,Pleno dia,Crescente,Ceu Claro,Dupla,Reta,Urbano,2012,2,0,0,0,2,0,0,2
1206857,2012-11-25,Domingo,16:50:00,RN,101,151.3,GOIANINHA,Falta de atenção,Capotamento,Com Vítimas Feridas,Pleno dia,Decrescente,Ceu Claro,Dupla,Reta,Rural,2012,2,0,2,0,0,0,2,1
1206861,2012-11-21,Quarta,17:45:00,RN,101,100.0,PARNAMIRIM,Outras,Colisão traseira,Sem Vítimas,Anoitecer,Decrescente,Ceu Claro,Dupla,Reta,Urbano,2012,2,0,0,0,2,0,0,2
1206876,2012-11-22,Quinta,19:00:00,RN,101,125.4,SAO JOSE DE MIPIBU,Falta de atenção,Colisão lateral,Com Vítimas Feridas,Plena noite,Decrescente,Ceu Claro,Dupla,Cruzamento,Urbano,2012,3,0,0,1,1,1,1,2
1207002,2012-11-26,Segunda,03:30:00,RN,101,129.0,SAO JOSE DE MIPIBU,Animais na Pista,Colisão traseira,Sem Vítimas,Plena noite,Decrescente,Ceu Claro,Dupla,Reta,Urbano,2012,2,0,0,0,1,1,0,2
1207019,2012-11-25,Domingo,22:35:00,RN,304,37.5,MOSSORO,Desobediência à sinalização,Colisão Transversal,Com Vítimas Feridas,Plena noite,Crescente,Ceu Claro,Simples,Cruzamento,Urbano,2012,3,0,2,0,1,0,2,2
1207115,2012-11-23,Sexta,04:20:00,RN,406,165.5,SAO GONCALO DO AMARANTE,Animais na Pista,Atropelamento de animal,Com Vítimas Feridas,Pleno dia,Crescente,Ceu Claro,Simples,Reta,Urbano,2012,2,0,1,0,1,0,1,1
1207119,2012-10-13,Sábado,17:40:00,RN,101,96.2,NATAL,Falta de atenção,Atropelamento de pessoa,Com Vítimas Fatais,Plena noite,Crescente,Ceu Claro,Múltipla,Reta,Urbano,2012,3,1,0,0,1,1,0,2
1207126,2012-11-10,Sábado,11:30:00,RN,226,2.2,NATAL,Falta de atenção,Colisão traseira,Sem Vítimas,Pleno dia,Decrescente,Sol,Simples,Reta,Urbano,2012,3,0,0,0,3,0,0,3
1207159,2012-11-26,Segunda,07:20:00,RN,101,100.1,PARNAMIRIM,Não guardar distância de segurança,Colisão traseira,Sem Vítimas,Pleno dia,Decrescente,Ceu Claro,Dupla,Reta,Urbano,2012,2,0,0,0,2,0,0,2
1207188,2012-11-26,Segunda,06:30:00,RN,101,106.7,PARNAMIRIM,Não guardar distância de segurança,Colisão traseira,Sem Vítimas,Pleno dia,Decrescente,Sol,Dupla,Reta,Urbano,2012,3,0,0,0,2,1,0,3
1207208,2012-11-16,Sexta,19:40:00,RN,304,25.1,MOSSORO,Animais na Pista,Atropelamento de animal,Sem Vítimas,Plena noite,Crescente,Ceu Claro,Simples,Reta,Rural,2012,1,0,0,0,1,0,0,1
1207225,2012-11-21,Quarta,06:30:00,RN,406,169.0,SAO GONCALO DO AMARANTE,Ultrapassagem indevida,Colisão lateral,Com Vítimas Feridas,Pleno dia,Crescente,Ceu Claro,Simples,Reta,Urbano,2012,2,0,0,1,1,0,1,2
1207320,2012-11-21,Quarta,04:40:00,RN,101,78.2,NATAL,Não guardar distância de segurança,Colisão traseira,Sem Vítimas,Amanhecer,Decrescente,Nublado,Dupla,Cruzamento,Urbano,2012,2,0,0,0,2,0,0,2
1207349,2012-11-26,Segunda,07:30:00,RN,101,98.1,NATAL,Falta de atenção,Colisão lateral,Sem Vítimas,Pleno dia,Decrescente,Ceu Claro,Dupla,Curva,Urbano,2012,2,0,0,0,2,0,0,2
1207552,2012-11-22,Quinta,08:30:00,RN,101,97.6,NATAL,Não guardar distância de segurança,Colisão traseira,Sem Vítimas,Pleno dia,Decrescente,Sol,Dupla,Reta,Urbano,2012,2,0,0,0,1,1,0,2
1207570,2012-11-26,Segunda,14:55:00,RN,101,108.5,PARNAMIRIM,Falta de atenção,Colisão Transversal,Com Vítimas Feridas,Pleno dia,Decrescente,Ceu Claro,Dupla,Cruzamento,Urbano,2012,2,0,0,1,1,0,1,2
1207643,2012-11-22,Quinta,15:30:00,RN,101,100.0,NATAL,Não guardar distância de segurança,Colisão traseira,Sem Vítimas,Pleno dia,Crescente,Sol,Dupla,Curva,Urbano,2012,2,0,0,0,2,0,0,2
1207701,2012-11-26,Segunda,08:10:00,RN,101,95.3,NATAL,Falta de atenção,Colisão traseira,Sem Vítimas,Pleno dia,Crescente,Ceu Claro,Múltipla,Reta,Urbano,2012,2,0,0,0,2,0,0,2
1207721,2012-11-26,Segunda,19:30:00,RN,304,46.5,MOSSORO,Outras,Colisão Transversal,Com Vítimas Feridas,Plena noite,Crescente,Ceu Claro,Dupla,Reta,Urbano,2012,3,0,2,0,1,0,2,2
1207818,2012-11-26,Segunda,20:50:00,RN,226,113.0,SANTA CRUZ,Falta de atenção,Colisão lateral,Com Vítimas Feridas,Plena noite,Decrescente,Ceu Claro,Simples,Reta,Urbano,2012,2,0,1,0,1,0,1,2
1207847,2012-11-27,Terça,03:00:00,RN,110,48.2,MOSSORO,Outras,Tombamento,Sem Vítimas,Pleno dia,Crescente,Ceu Claro,Simples,Cruzamento,Urbano,2012,2,0,0,0,2,0,0,2
1207897,2012-11-11,Domingo,23:05:00,RN,226,142.9,CAMPO REDONDO,Outras,Capotamento,Sem Vítimas,Plena noite,Crescente,Ceu Claro,Simples,Reta,Rural,2012,3,0,0,0,3,0,0,1
1207905,2012-11-24,Sábado,00:50:00,RN,101,103.6,PARNAMIRIM,Outras,Colisão traseira,Com Vítimas Feridas,Plena noite,Crescente,Ceu Claro,Múltipla,Reta,Urbano,2012,3,0,1,0,2,0,1,2
1207965,2012-11-23,Sexta,07:40:00,RN,101,152.0,GOIANINHA,Outras,Capotamento,Com Vítimas Feridas,Pleno dia,Crescente,Ceu Claro,Dupla,Reta,Rural,2012,1,0,1,0,0,0,1,1
1208123,2012-11-27,Terça,08:30:00,RN,101,113.0,SAO JOSE DE MIPIBU,Falta de atenção,Colisão Transversal,Sem Vítimas,Pleno dia,Crescente,Sol,Dupla,Reta,Urbano,2012,2,0,0,0,2,0,0,2
1208130,2012-11-27,Terça,06:40:00,RN,226,11.9,MACAIBA,Outras,Colisão Transversal,Com Vítimas Feridas,Pleno dia,Crescente,Sol,Simples,Reta,Rural,2012,3,0,3,0,0,0,3,2
1208275,2012-11-19,Segunda,21:50:00,RN,304,293.3,MACAIBA,Defeito mecânico em veículo,Capotamento,Com Vítimas Feridas,Plena noite,Decrescente,Vento,Simples,Reta,Rural,2012,1,0,1,0,0,0,1,1
1208371,2012-11-27,Terça,09:30:00,RN,101,96.3,NATAL,Falta de atenção,Colisão traseira,Sem Vítimas,Pleno dia,Decrescente,Sol,Dupla,Cruzamento,Urbano,2012,2,0,0,0,2,0,0,2
1208391,2012-11-27,Terça,08:15:00,RN,226,84.0,TANGARA,Falta de atenção,Colisão traseira,Sem Vítimas,Pleno dia,Crescente,Ceu Claro,Simples,Cruzamento,Urbano,2012,2,0,0,0,2,0,0,2
1208435,2012-11-27,Terça,21:00:00,RN,101,125.0,SAO JOSE DE MIPIBU,Não guardar distância de segurança,Colisão traseira,Sem Vítimas,Plena noite,Decrescente,Ceu Claro,Dupla,Reta,Urbano,2012,2,0,0,0,2,0,0,2
1208551,2012-11-24,Sábado,18:00:00,RN,101,107.0,PARNAMIRIM,Outras,Colisão traseira,Sem Vítimas,Plena noite,Decrescente,Ceu Claro,Dupla,Cruzamento,Urbano,2012,2,0,0,0,2,0,0,2
1208565,2012-11-21,Quarta,05:30:00,RN,110,49.6,MOSSORO,Ingestão de álcool,Colisão com objeto fixo,Com Vítimas Feridas,Amanhecer,Decrescente,Ceu Claro,Simples,Curva,Urbano,2012,1,0,1,0,0,0,1,1
1208580,2012-11-12,Segunda,17:00:00,RN,304,39.1,MOSSORO,Falta de atenção,Colisão Transversal,Com Vítimas Feridas,Anoitecer,Decrescente,Ceu Claro,Simples,Reta,Urbano,2012,4,0,2,1,0,1,3,3
1208616,2012-11-16,Sexta,19:00:00,RN,101,101.2,PARNAMIRIM,Falta de atenção,Colisão traseira,Sem Vítimas,Plena noite,Crescente,Ceu Claro,Dupla,Reta,Urbano,2012,2,0,0,0,2,0,0,2
1208711,2012-11-24,Sábado,13:00:00,RN,101,96.0,NATAL,Falta de atenção,Colisão traseira,Sem Vítimas,Pleno dia,Decrescente,Ceu Claro,Dupla,Reta,Urbano,2012,2,0,0,0,2,0,0,2
1208713,2012-11-12,Segunda,13:30:00,RN,101,79.2,NATAL,Não guardar distância de segurança,Colisão traseira,Sem Vítimas,Pleno dia,Decrescente,Ceu Claro,Dupla,Reta,Urbano,2012,2,0,0,0,2,0,0,2
1208783,2012-11-16,Sexta,19:45:00,RN,101,85.0,SAO GONCALO DO AMARANTE,Outras,Colisão traseira,Com Vítimas Feridas,Plena noite,Crescente,Ceu Claro,Dupla,Reta,Urbano,2012,4,0,1,0,3,0,1,3
1208793,2012-11-28,Quarta,07:35:00,RN,101,100.0,PARNAMIRIM,Falta de atenção,Colisão lateral,Sem Vítimas,Pleno dia,Crescente,Ceu Claro,Dupla,Reta,Urbano,2012,2,0,0,0,2,0,0,2
1208805,2012-11-12,Segunda,14:30:00,RN,101,96.0,NATAL,Falta de atenção,Colisão traseira,Sem Vítimas,Pleno dia,Decrescente,Ceu Claro,Simples,Reta,Urbano,2012,2,0,0,0,2,0,0,2
1208840,2012-11-28,Quarta,08:00:00,RN,101,97.8,NATAL,Outras,Colisão traseira,Sem Vítimas,Pleno dia,Decrescente,Ceu Claro,Dupla,Reta,Urbano,2012,2,0,0,0,2,0,0,2
1208850,2012-11-28,Quarta,08:15:00,RN,101,85.0,NATAL,Falta de atenção,Colisão lateral,Sem Vítimas,Pleno dia,Crescente,Ceu Claro,Múltipla,Reta,Urbano,2012,2,0,0,0,2,0,0,2
1208874,2012-11-24,Sábado,23:50:00,RN,226,6.0,NATAL,Ingestão de álcool,Colisão lateral,Sem Vítimas,Plena noite,Crescente,Ceu Claro,Simples,Reta,Urbano,2012,2,0,0,0,2,0,0,2
1208876,2012-11-20,Terça,19:00:00,RN,226,82.7,TANGARA,Animais na Pista,Atropelamento de animal,Sem Vítimas,Plena noite,Crescente,Ceu Claro,Simples,Reta,Rural,2012,1,0,0,0,1,0,0,1
1208879,2012-11-28,Quarta,12:50:00,RN,101,97.2,NATAL,Outras,Colisão lateral,Sem Vítimas,Pleno dia,Crescente,Sol,Dupla,Reta,Urbano,2012,2,0,0,0,2,0,0,2
1208941,2012-11-28,Quarta,14:00:00,RN,101,82.6,NATAL,Outras,Colisão com bicicleta,Com Vítimas Feridas,Pleno dia,Decrescente,Ceu Claro,Dupla,Reta,Urbano,2012,2,0,1,0,1,0,1,2
1208967,2012-11-24,Sábado,16:50:00,RN,427,32.0,ACARI,Outras,Colisão traseira,Sem Vítimas,Pleno dia,Crescente,Ceu Claro,Simples,Reta,Rural,2012,3,0,0,0,3,0,0,3
1209067,2012-11-28,Quarta,19:30:00,RN,101,80.0,NATAL,Desobediência à sinalização,Colisão Transversal,Com Vítimas Feridas,Plena noite,Decrescente,Ceu Claro,Múltipla,Cruzamento,Urbano,2012,3,0,2,0,0,1,2,2
1209146,2012-11-28,Quarta,19:20:00,RN,101,99.9,NATAL,Desobediência à sinalização,Colisão Transversal,Sem Vítimas,Plena noite,Decrescente,Ceu Claro,Dupla,Cruzamento,Urbano,2012,2,0,0,0,2,0,0,2
1209178,2012-11-28,Quarta,19:00:00,RN,304,94.0,ASSU,Animais na Pista,Atropelamento de animal,Sem Vítimas,Plena noite,Decrescente,Ceu Claro,Simples,Reta,Rural,2012,1,0,0,0,1,0,0,1
1209182,2012-11-28,Quarta,16:55:00,RN,101,100.0,NATAL,Falta de atenção,Colisão lateral,Sem Vítimas,Pleno dia,Crescente,Ceu Claro,Dupla,Cruzamento,Urbano,2012,2,0,0,0,2,0,0,2
1209230,2012-11-14,Quarta,17:45:00,RN,304,48.0,MOSSORO,Falta de atenção,Colisão frontal,Com Vítimas Feridas,Anoitecer,Decrescente,Ceu Claro,Simples,Reta,Urbano,2012,2,0,1,0,1,0,1,2
1209246,2012-11-21,Quarta,10:30:00,RN,406,99.0,JOAO CAMARA,Falta de atenção,Colisão Transversal,Com Vítimas Feridas,Pleno dia,Crescente,Sol,Simples,Reta,Rural,2012,4,0,1,2,1,0,3,2
1209270,2012-11-15,Quinta,05:30:00,RN,304,250.3,SANTA MARIA,Outras,Colisão frontal,Com Vítimas Fatais,Amanhecer,Crescente,Ceu Claro,Simples,Reta,Rural,2012,7,4,0,0,3,0,0,4
1209292,2012-11-27,Terça,19:30:00,RN,101,83.0,NATAL,Falta de atenção,Colisão Transversal,Sem Vítimas,Plena noite,Decrescente,Ceu Claro,Simples,Reta,Urbano,2012,2,0,0,0,2,0,0,2
1209309,2012-11-13,Terça,11:45:00,RN,226,8.8,NATAL,Outras,Colisão frontal,Com Vítimas Feridas,Pleno dia,Decrescente,Sol,Simples,Reta,Urbano,2012,2,0,1,0,1,0,1,2
1209321,2012-11-02,Sexta,08:00:00,RN,427,1.2,CURRAIS NOVOS,Outras,Colisão lateral,Com Vítimas Feridas,Pleno dia,Decrescente,Ceu Claro,Simples,Reta,Urbano,2012,2,0,0,1,1,0,1,2
1209416,2012-11-21,Quarta,17:20:00,RN,101,84.0,SAO GONCALO DO AMARANTE,Desobediência à sinalização,Colisão Transversal,Com Vítimas Feridas,Pleno dia,Crescente,Sol,Múltipla,Cruzamento,Urbano,2012,2,0,1,0,1,0,1,2
1209528,2012-11-17,Sábado,10:30:00,RN,406,102.5,JOAO CAMARA,Falta de atenção,Colisão lateral,Sem Vítimas,Pleno dia,Decrescente,Sol,Simples,Reta,Urbano,2012,2,0,0,0,2,0,0,2
1209580,2012-11-29,Quinta,16:00:00,RN,304,231.9,RIACHUELO,Falta de atenção,Colisão lateral,Sem Vítimas,Pleno dia,Decrescente,Ceu Claro,Simples,Curva,Rural,2012,2,0,0,0,2,0,0,2
1209606,2012-11-29,Quinta,18:00:00,RN,226,132.9,CAMPO REDONDO,Outras,Colisão traseira,Com Vítimas Feridas,Plena noite,Decrescente,Ceu Claro,Simples,Reta,Rural,2012,3,0,2,0,1,0,2,2
1209623,2012-01-08,Domingo,02:40:00,RN,304,45.0,MOSSORO,Ingestão de álcool,Colisão frontal,Com Vítimas Feridas,Plena noite,Decrescente,Ceu Claro,Simples,Reta,Urbano,2012,2,0,0,1,1,0,1,2
1209732,2012-11-29,Quinta,22:30:00,RN,101,83.0,NATAL,Falta de atenção,Colisão com objeto fixo,Sem Vítimas,Plena noite,Decrescente,Ceu Claro,Simples,Reta,Urbano,2012,1,0,0,0,1,0,0,1
1209793,2012-11-26,Segunda,13:40:00,RN,101,97.3,NATAL,Falta de atenção,Colisão traseira,Sem Vítimas,Pleno dia,Decrescente,Sol,Dupla,Reta,Urbano,2012,2,0,0,0,2,0,0,2
1209905,2012-11-26,Segunda,17:00:00,RN,226,4.2,NATAL,Outras,Colisão Transversal,Com Vítimas Feridas,Anoitecer,Crescente,Ceu Claro,Simples,Reta,Urbano,2012,2,0,1,0,1,0,1,2
1209921,2012-11-30,Sexta,10:50:00,RN,110,48.5,MOSSORO,Não guardar distância de segurança,Colisão traseira,Sem Vítimas,Pleno dia,Crescente,Nublado,Dupla,Cruzamento,Urbano,2012,2,0,0,0,2,0,0,2
1209984,2012-11-30,Sexta,11:30:00,RN,101,94.0,NATAL,Não guardar distância de segurança,Colisão traseira,Sem Vítimas,Pleno dia,Decrescente,Sol,Dupla,Reta,Urbano,2012,2,0,0,0,1,1,0,2
1209999,2012-11-29,Quinta,12:30:00,RN,101,97.7,NATAL,Não guardar distância de segurança,Colisão lateral,Sem Vítimas,Pleno dia,Crescente,Sol,Dupla,Reta,Urbano,2012,2,0,0,0,2,0,0,2
1210061,2012-11-30,Sexta,13:50:00,RN,101,83.0,SAO GONCALO DO AMARANTE,Outras,Colisão Transversal,Sem Vítimas,Pleno dia,Crescente,Ceu Claro,Dupla,Reta,Urbano,2012,2,0,0,0,1,1,0,2
1210066,2012-11-30,Sexta,15:40:00,RN,406,160.2,CEARA-MIRIM,Outras,Tombamento,Sem Vítimas,Pleno dia,Crescente,Ceu Claro,Simples,Reta,Rural,2012,1,0,0,0,1,0,0,1
1210181,2012-11-30,Sexta,18:40:00,RN,101,100.5,PARNAMIRIM,Não guardar distância de segurança,Colisão traseira,Sem Vítimas,Plena noite,Decrescente,Ceu Claro,Dupla,Reta,Urbano,2012,4,0,0,0,2,2,0,4
1210187,2012-11-26,Segunda,21:00:00,RN,101,99.9,NATAL,Desobediência à sinalização,Colisão Transversal,Sem Vítimas,Plena noite,Crescente,Ceu Claro,Dupla,Cruzamento,Urbano,2012,3,0,0,0,3,0,0,3
1210214,2012-11-30,Sexta,20:00:00,RN,226,161.3,CURRAIS NOVOS,Velocidade incompatível,Colisão traseira,Com Vítimas Feridas,Plena noite,Crescente,Ceu Claro,Simples,Reta,Rural,2012,5,0,1,0,4,0,1,2
1210226,2012-11-30,Sexta,22:40:00,RN,101,97.3,NATAL,Falta de atenção,Atropelamento de pessoa,Com Vítimas Feridas,Plena noite,Decrescente,Vento,Dupla,Reta,Urbano,2012,2,0,1,0,1,0,1,1
1210227,2012-11-30,Sexta,12:15:00,RN,101,97.7,NATAL,Falta de atenção,Colisão traseira,Sem Vítimas,Pleno dia,Decrescente,Sol,Dupla,Reta,Urbano,2012,6,0,0,0,6,0,0,6
1210229,2012-11-30,Sexta,18:40:00,RN,405,102.1,SEVERIANO MELO,Ingestão de álcool,Colisão frontal,Com Vítimas Fatais,Plena noite,Decrescente,Ceu Claro,Simples,Reta,Rural,2012,3,2,0,0,0,1,0,2
1210286,2012-11-30,Sexta,23:50:00,RN,304,39.0,MOSSORO,Ingestão de álcool,Colisão frontal,Com Vítimas Feridas,Plena noite,Crescente,Ceu Claro,Simples,Cruzamento,Urbano,2012,3,0,1,0,2,0,1,3
1210354,2012-11-28,Quarta,17:00:00,RN,101,96.0,NATAL,Não guardar distância de segurança,Colisão traseira,Sem Vítimas,Pleno dia,Crescente,Ceu Claro,Dupla,Reta,Urbano,2012,4,0,0,0,4,0,0,4
1210359,2012-11-28,Quarta,06:20:00,RN,304,306.6,PARNAMIRIM,Outras,Colisão Transversal,Com Vítimas Feridas,Pleno dia,Decrescente,Sol,Dupla,Reta,Urbano,2012,2,0,1,0,1,0,1,2
1210473,2012-12-01,Sábado,08:05:00,RN,304,29.0,MOSSORO,Falta de atenção,Colisão traseira,Sem Vítimas,Pleno dia,Decrescente,Ceu Claro,Simples,Reta,Urbano,2012,2,0,0,0,2,0,0,2
1210590,2012-11-17,Sábado,17:50:00,RN,101,73.0,EXTREMOZ,Outras,Colisão frontal,Com Vítimas Fatais,Plena noite,Decrescente,Ceu Claro,Simples,Reta,Rural,2012,2,1,0,0,1,0,0,2
1210612,2012-12-01,Sábado,16:30:00,RN,101,102.0,PARNAMIRIM,Falta de atenção,Colisão traseira,Com Vítimas Feridas,Pleno dia,Decrescente,Ceu Claro,Dupla,Reta,Urbano,2012,2,0,1,0,1,0,1,2
1210662,2012-11-16,Sexta,20:15:00,RN,304,48.3,MOSSORO,Outras,Colisão Transversal,Sem Vítimas,Plena noite,Decrescente,Ceu Claro,Simples,Reta,Urbano,2012,2,0,0,0,1,1,0,2
1210668,2012-11-05,Segunda,07:50:00,RN,304,32.9,MOSSORO,Falta de atenção,Colisão Transversal,Sem Vítimas,Pleno dia,Decrescente,Ceu Claro,Simples,Reta,Urbano,2012,2,0,0,0,1,1,0,2
1210917,2012-12-02,Domingo,09:40:00,RN,406,169.0,NATAL,Outras,Colisão Transversal,Com Vítimas Feridas,Pleno dia,Crescente,Ceu Claro,Simples,Reta,Rural,2012,2,0,1,0,1,0,1,2
1210953,2012-11-30,Sexta,10:30:00,RN,101,146.4,GOIANINHA,Não guardar distância de segurança,Colisão traseira,Com Vítimas Feridas,Pleno dia,Decrescente,Sol,Dupla,Reta,Urbano,2012,2,0,1,0,1,0,1,2
1210972,2012-12-02,Domingo,12:40:00,RN,101,99.9,NATAL,Desobediência à sinalização,Colisão Transversal,Com Vítimas Feridas,Pleno dia,Crescente,Ceu Claro,Dupla,Cruzamento,Urbano,2012,3,0,2,0,1,0,2,2
1210996,2012-11-12,Segunda,08:00:00,RN,304,295.0,MACAIBA,Falta de atenção,Colisão traseira,Sem Vítimas,Pleno dia,Decrescente,Sol,Simples,Reta,Urbano,2012,2,0,0,0,2,0,0,2
1211017,2012-11-30,Sexta,18:30:00,RN,101,100.4,PARNAMIRIM,Velocidade incompatível,Colisão lateral,Sem Vítimas,Plena noite,Decrescente,Ceu Claro,Dupla,Reta,Urbano,2012,2,0,0,0,2,0,0,2
1211041,2012-12-02,Domingo,10:30:00,RN,101,170.0,CANGUARETAMA,Falta de atenção,Atropelamento de pessoa,Com Vítimas Feridas,Pleno dia,Decrescente,Nublado,Dupla,Reta,Rural,2012,2,0,0,1,1,0,1,1
1211331,2012-11-17,Sábado,19:40:00,RN,101,96.9,NATAL,Falta de atenção,Colisão traseira,Sem Vítimas,Pleno dia,Crescente,Ceu Claro,Múltipla,Cruzamento,Urbano,2012,2,0,0,0,2,0,0,2
1211380,2012-11-05,Segunda,12:00:00,RN,304,233.0,CAICARA DO RIO DO VENTO,Defeito mecânico em veículo,Tombamento,Sem Vítimas,Pleno dia,Decrescente,Ceu Claro,Simples,Curva,Rural,2012,1,0,0,0,1,0,0,1
1211383,2012-12-03,Segunda,06:55:00,RN,101,84.8,SAO GONCALO DO AMARANTE,Falta de atenção,Colisão traseira,Sem Vítimas,Pleno dia,Crescente,Ceu Claro,Dupla,Reta,Urbano,2012,2,0,0,0,2,0,0,2
1211390,2012-11-30,Sexta,05:00:00,RN,101,96.7,NATAL,Falta de atenção,Colisão com objeto fixo,Sem Vítimas,Amanhecer,Crescente,Chuva,Dupla,Curva,Urbano,2012,1,0,0,0,1,0,0,1
1211477,2012-12-01,Sábado,21:00:00,RN,406,147.0,CEARA-MIRIM,Ingestão de álcool,Colisão lateral,Sem Vítimas,Plena noite,Crescente,Ceu Claro,Simples,Reta,Rural,2012,2,0,0,0,2,0,0,2