id,data_inversa,dia_semana,horario,uf,br,km,municipio,causa_acidente,tipo_acidente,classificacao_acidente,fase_dia,sentido_via,condicao_metereologica,tipo_pista,tracado_via,uso_solo,ano,pessoas,mortos,feridos_leves,feridos_graves,ilesos,ignorados,feridos,veiculos
1211574,2012-11-29,Quinta,15:30:00,RN,101,97.9,NATAL,Falta de atenção,Colisão traseira,Sem Vítimas,Pleno dia,Crescente,Sol,Múltipla,Reta,Urbano,2012,2,0,0,0,2,0,0,2
1211600,2012-12-02,Domingo,09:20:00,RN,101,101.8,PARNAMIRIM,Outras,Colisão traseira,Sem Vítimas,Pleno dia,Decrescente,Sol,Dupla,Cruzamento,Urbano,2012,2,0,0,0,2,0,0,2
1211668,2012-12-03,Segunda,15:40:00,RN,101,96.2,NATAL,Desobediência à sinalização,Colisão traseira,Sem Vítimas,Pleno dia,Decrescente,Ceu Claro,Dupla,Cruzamento,Urbano,2012,2,0,0,0,2,0,0,2
1211771,2012-12-03,Segunda,17:20:00,RN,101,99.8,NATAL,Outras,Atropelamento de pessoa,Com Vítimas Feridas,Anoitecer,Decrescente,Ceu Claro,Dupla,Reta,Urbano,2012,2,0,1,0,1,0,1,1
1211853,2012-12-03,Segunda,18:40:00,RN,101,101.4,PARNAMIRIM,Falta de atenção,Colisão lateral,Sem Vítimas,Plena noite,Crescente,Ceu Claro,Múltipla,Reta,Urbano,2012,2,0,0,0,2,0,0,2
1211879,2012-12-03,Segunda,22:15:00,RN,101,78.2,SAO GONCALO DO AMARANTE,Não guardar distância de segurança,Colisão traseira,Com Vítimas Feridas,Plena noite,Crescente,Vento,Dupla,Reta,Rural,2012,2,0,1,0,1,0,1,2
1211992,2012-11-30,Sexta,12:45:00,RN,101,98.7,NATAL,Falta de atenção,Colisão traseira,Sem Vítimas,Pleno dia,Decrescente,Ceu Claro,Múltipla,Reta,Urbano,2012,3,0,0,0,3,0,0,3
1212096,2012-12-03,Segunda,08:10:00,RN,304,66.5,MOSSORO,Defeito mecânico em veículo,Saída de Pista,Sem Vítimas,Pleno dia,Crescente,Ceu Claro,Simples,Reta,Rural,2012,1,0,0,0,1,0,0,1
1212099,2012-12-03,Segunda,09:10:00,RN,304,37.6,MOSSORO,Falta de atenção,Colisão traseira,Sem Vítimas,Pleno dia,Crescente,Ceu Claro,Simples,Reta,Urbano,2012,2,0,0,0,2,0,0,2
1212163,2012-12-04,Terça,09:50:00,RN,101,96.1,NATAL,Falta de atenção,Colisão traseira,Sem Vítimas,Pleno dia,Crescente,Sol,Dupla,Cruzamento,Urbano,2012,2,0,0,0,2,0,0,2
1212166,2012-12-04,Terça,10:20:00,RN,101,83.5,NATAL,Falta de atenção,Colisão traseira,Com Vítimas Feridas,Pleno dia,Decrescente,Ceu Claro,Dupla,Reta,Urbano,2012,2,0,1,0,1,0,1,2
1212172,2012-12-04,Terça,10:20:00,RN,405,1.1,MOSSORO,Não guardar distância de segurança,Colisão traseira,Sem Vítimas,Pleno dia,Crescente,Nublado,Dupla,Reta,Urbano,2012,2,0,0,0,2,0,0,2
1212236,2012-12-01,Sábado,05:10:00,RN,101,98.3,NATAL,Outras,Atropelamento de pessoa,Com Vítimas Fatais,Amanhecer,Crescente,Ceu Claro,Dupla,Reta,Urbano,2012,2,1,0,0,1,0,0,1
1212271,2012-12-04,Terça,13:40:00,RN,101,99.0,NATAL,Falta de atenção,Colisão traseira,Sem Vítimas,Pleno dia,Decrescente,Ceu Claro,Múltipla,Reta,Urbano,2012,2,0,0,0,2,0,0,2
1212286,2012-12-04,Terça,11:00:00,RN,226,2.0,NATAL,Desobediência à sinalização,Colisão Transversal,Com Vítimas Feridas,Pleno dia,Crescente,Ceu Claro,Simples,Cruzamento,Urbano,2012,2,0,1,0,1,0,1,2
1212339,2012-11-08,Quinta,18:40:00,RN,304,115.7,ASSU,Ultrapassagem indevida,Colisão lateral,Com Vítimas Fatais,Plena noite,Decrescente,Ceu Claro,Simples,Reta,Rural,2012,3,1,1,0,1,0,1,2
1212345,2012-12-04,Terça,14:10:00,RN,406,160.6,CEARA-MIRIM,Não guardar distância de segurança,Colisão traseira,Sem Vítimas,Pleno dia,Crescente,Ceu Claro,Simples,Reta,Urbano,2012,2,0,0,0,2,0,0,2
1212378,2012-12-04,Terça,14:30:00,RN,101,83.0,NATAL,Não guardar distância de segurança,Colisão traseira,Sem Vítimas,Pleno dia,Decrescente,Ceu Claro,Dupla,Reta,Urbano,2012,2,0,0,0,2,0,0,2
1212440,2012-12-04,Terça,19:00:00,RN,101,94.5,NATAL,Falta de atenção,Colisão traseira,Sem Vítimas,Plena noite,Crescente,Ceu Claro,Dupla,Reta,Urbano,2012,2,0,0,0,1,1,0,2
1212512,2012-12-04,Terça,13:50:00,RN,405,2.0,MOSSORO,Falta de atenção,Colisão Transversal,Sem Vítimas,Pleno dia,Decrescente,Ceu Claro,Dupla,Reta,Urbano,2012,2,0,0,0,2,0,0,2
1212531,2012-12-04,Terça,23:30:00,RN,226,38.0,MACAIBA,Falta de atenção,Tombamento,Com Vítimas Feridas,Plena noite,Decrescente,Vento,Simples,Reta,Urbano,2012,1,0,0,1,0,0,1,1
1212546,2012-12-04,Terça,04:30:00,RN,405,26.0,MOSSORO,Animais na Pista,Tombamento,Com Vítimas Feridas,Amanhecer,Decrescente,Ceu Claro,Simples,Reta,Rural,2012,4,0,4,0,0,0,4,1
1212582,2012-11-27,Terça,12:30:00,RN,101,106.0,PARNAMIRIM,Não guardar distância de segurança,Colisão lateral,Sem Vítimas,Pleno dia,Decrescente,Ceu Claro,Múltipla,Cruzamento,Urbano,2012,3,0,0,0,3,0,0,3
1212585,2012-11-23,Sexta,21:50:00,RN,101,96.2,NATAL,Não guardar distância de segurança,Colisão traseira,Sem Vítimas,Plena noite,Decrescente,Ceu Claro,Simples,Reta,Urbano,2012,2,0,0,0,2,0,0,2
1212597,2012-12-03,Segunda,16:00:00,RN,406,171.0,SAO GONCALO DO AMARANTE,Falta de atenção,Colisão Transversal,Sem Vítimas,Pleno dia,Decrescente,Ceu Claro,Dupla,Curva,Urbano,2012,2,0,0,0,2,0,0,2
1212676,2012-12-01,Sábado,14:10:00,RN,304,196.4,LAJES,Defeito mecânico em veículo,Tombamento,Com Vítimas Feridas,Pleno dia,Decrescente,Ceu Claro,Simples,Reta,Rural,2012,2,0,1,0,1,0,1,2
1212712,2012-11-29,Quinta,08:00:00,RN,101,98.0,NATAL,Outras,Colisão traseira,Sem Vítimas,Pleno dia,Decrescente,Ceu Claro,Dupla,Reta,Urbano,2012,3,0,0,0,3,0,0,3
1212733,2012-11-07,Quarta,18:00:00,RN,427,94.0,CAICO,Velocidade incompatível,Colisão lateral,Com Vítimas Feridas,Anoitecer,Crescente,Ceu Claro,Simples,Reta,Urbano,2012,3,0,2,0,0,1,2,2
1212761,2012-12-05,Quarta,10:56:00,RN,101,99.5,NATAL,Falta de atenção,Atropelamento de pessoa,Com Vítimas Feridas,Pleno dia,Crescente,Sol,Dupla,Curva,Urbano,2012,2,0,1,0,1,0,1,1
1212766,2012-12-02,Domingo,03:50:00,RN,226,142.5,CAMPO REDONDO,Dormindo,Capotamento,Com Vítimas Feridas,Plena noite,Decrescente,Chuva,Simples,Reta,Rural,2012,6,0,5,1,0,0,6,1
1212797,2012-11-27,Terça,15:15:00,RN,101,96.7,NATAL,Outras,Colisão lateral,Sem Vítimas,Pleno dia,Decrescente,Ceu Claro,Múltipla,Reta,Urbano,2012,2,0,0,0,2,0,0,2
1212823,2012-12-02,Domingo,06:00:00,RN,226,113.0,SANTA CRUZ,Outras,Colisão com objeto fixo,Sem Vítimas,Pleno dia,Crescente,Ceu Claro,Simples,Reta,Urbano,2012,1,0,0,0,1,0,0,1
1212840,2012-10-27,Sábado,19:00:00,RN,101,85.0,NATAL,Não guardar distância de segurança,Colisão traseira,Sem Vítimas,Pleno dia,Decrescente,Chuva,Dupla,Reta,Urbano,2012,3,0,0,0,3,0,0,3
1212844,2012-11-17,Sábado,16:20:00,RN,101,65.0,EXTREMOZ,Outras,Queda de motocicleta / bicicleta / veículo,Com Vítimas Fatais,Pleno dia,Decrescente,Ceu Claro,Simples,Reta,Rural,2012,2,1,0,1,0,0,1,1
1213017,2012-12-03,Segunda,05:40:00,RN,101,111.1,PARNAMIRIM,Não guardar distância de segurança,Colisão traseira,Sem Vítimas,Pleno dia,Decrescente,Ceu Claro,Dupla,Reta,Rural,2012,2,0,0,0,2,0,0,2
1213083,2012-11-27,Terça,16:20:00,RN,101,82.9,NATAL,Falta de atenção,Colisão com objeto fixo,Com Vítimas Feridas,Pleno dia,Decrescente,Sol,Dupla,Reta,Urbano,2012,2,0,0,1,1,0,1,1
1213134,2012-12-05,Quarta,12:25:00,RN,101,95.3,NATAL,Outras,Colisão traseira,Com Vítimas Feridas,Pleno dia,Decrescente,Sol,Múltipla,Reta,Urbano,2012,2,0,1,1,0,0,2,2
1213139,2012-12-05,Quarta,19:15:00,RN,427,1.2,CURRAIS NOVOS,Falta de atenção,Colisão lateral,Com Vítimas Feridas,Plena noite,Decrescente,Ceu Claro,Simples,Reta,Urbano,2012,3,0,1,0,2,0,1,2
1213202,2012-12-02,Domingo,22:00:00,RN,304,223.8,CAICARA DO RIO DO VENTO,Dormindo,Tombamento,Sem Vítimas,Plena noite,Decrescente,Ceu Claro,Simples,Reta,Rural,2012,1,0,0,0,1,0,0,1
1213244,2012-11-21,Quarta,12:40:00,RN,110,47.5,MOSSORO,Outras,Colisão Transversal,Com Vítimas Feridas,Pleno dia,Decrescente,Ceu Claro,Simples,Reta,Urbano,2012,2,0,2,0,0,0,2,2
1213271,2012-11-24,Sábado,18:50:00,RN,101,100.0,NATAL,Ingestão de álcool,Colisão frontal,Com Vítimas Fatais,Plena noite,Crescente,Ceu Claro,Dupla,Reta,Urbano,2012,11,3,3,3,2,0,6,5
1213292,2012-12-06,Quinta,07:20:00,RN,110,48.6,MOSSORO,Falta de atenção,Colisão traseira,Com Vítimas Feridas,Pleno dia,Crescente,Ceu Claro,Dupla,Reta,Urbano,2012,2,0,1,0,1,0,1,2
1213409,2012-12-06,Quinta,06:40:00,RN,101,101.0,PARNAMIRIM,Falta de atenção,Colisão traseira,Sem Vítimas,Pleno dia,Decrescente,Ceu Claro,Múltipla,Reta,Urbano,2012,2,0,0,0,2,0,0,2
1213540,2012-12-06,Quinta,09:15:00,RN,101,101.8,PARNAMIRIM,Não guardar distância de segurança,Colisão traseira,Sem Vítimas,Pleno dia,Crescente,Ceu Claro,Dupla,Cruzamento,Urbano,2012,2,0,0,0,2,0,0,2
1213545,2012-12-06,Quinta,07:50:00,RN,226,117.2,SANTA CRUZ,Falta de atenção,Colisão lateral,Com Vítimas Feridas,Pleno dia,Crescente,Sol,Simples,Reta,Rural,2012,2,0,0,2,0,0,2,2
1213577,2012-11-18,Domingo,18:40:00,RN,406,171.0,NATAL,Não guardar distância de segurança,Colisão traseira,Sem Vítimas,Plena noite,Decrescente,Ceu Claro,Simples,Reta,Urbano,2012,2,0,0,0,2,0,0,2
1213662,2012-12-06,Quinta,14:10:00,RN,101,95.3,NATAL,Outras,Colisão lateral,Sem Vítimas,Pleno dia,Crescente,Ceu Claro,Dupla,Cruzamento,Urbano,2012,2,0,0,0,2,0,0,2
1213727,2012-12-06,Quinta,17:10:00,RN,101,97.1,NATAL,Falta de atenção,Colisão traseira,Sem Vítimas,Pleno dia,Crescente,Ceu Claro,Dupla,Reta,Urbano,2012,2,0,0,0,2,0,0,2
1213837,2012-12-07,Sexta,07:10:00,RN,101,79.0,NATAL,Outras,Colisão traseira,Sem Vítimas,Pleno dia,Decrescente,Vento,Dupla,Reta,Urbano,2012,3,0,0,0,3,0,0,3
1213883,2012-12-07,Sexta,09:00:00,RN,427,91.5,CAICO,Falta de atenção,Capotamento,Sem Vítimas,Pleno dia,Crescente,Ceu Claro,Simples,Curva,Rural,2012,1,0,0,0,1,0,0,1
1213993,2012-12-07,Sexta,09:30:00,RN,101,85.0,NATAL,Não guardar distância de segurança,Colisão traseira,Sem Vítimas,Pleno dia,Decrescente,Sol,Dupla,Reta,Urbano,2012,4,0,0,0,4,0,0,4
1214050,2012-12-07,Sexta,12:00:00,RN,101,156.0,CANGUARETAMA,Falta de atenção,Colisão traseira,Sem Vítimas,Pleno dia,Crescente,Ceu Claro,Dupla,Reta,Rural,2012,2,0,0,0,2,0,0,2
1214052,2012-12-07,Sexta,14:25:00,RN,101,106.3,PARNAMIRIM,Falta de atenção,Colisão traseira,Sem Vítimas,Pleno dia,Decrescente,Ceu Claro,Dupla,Reta,Urbano,2012,4,0,0,0,2,2,0,4
1214091,2012-12-07,Sexta,12:15:00,RN,304,36.4,MOSSORO,Desobediência à sinalização,Colisão Transversal,Com Vítimas Feridas,Pleno dia,Crescente,Ceu Claro,Simples,Reta,Urbano,2012,2,0,0,1,0,1,1,2
1214128,2012-12-07,Sexta,15:25:00,RN,304,36.4,MOSSORO,Não guardar distância de segurança,Colisão traseira,Com Vítimas Feridas,Pleno dia,Crescente,Ceu Claro,Simples,Reta,Urbano,2012,3,0,1,0,2,0,1,2
1214180,2012-12-07,Sexta,14:00:00,RN,101,100.0,PARNAMIRIM,Falta de atenção,Colisão traseira,Sem Vítimas,Pleno dia,Decrescente,Sol,Dupla,Reta,Urbano,2012,2,0,0,0,2,0,0,2
1214184,2012-12-07,Sexta,18:20:00,RN,101,130.5,SAO JOSE DE MIPIBU,Outras,Colisão com objeto fixo,Sem Vítimas,Plena noite,Decrescente,Ceu Claro,Dupla,Curva,Rural,2012,1,0,0,0,1,0,0,1
1214261,2012-12-07,Sexta,20:00:00,RN,226,69.7,SERRA CAIADA,Animais na Pista,Atropelamento de animal,Sem Vítimas,Plena noite,Decrescente,Ceu Claro,Simples,Reta,Urbano,2012,1,0,0,0,1,0,0,1
1214417,2012-12-08,Sábado,06:30:00,RN,101,85.0,SAO GONCALO DO AMARANTE,Não guardar distância de segurança,Colisão traseira,Sem Vítimas,Pleno dia,Crescente,Ceu Claro,Dupla,Reta,Urbano,2012,2,0,0,0,2,0,0,2
1214494,2012-11-19,Segunda,04:42:00,RN,101,107.3,PARNAMIRIM,Falta de atenção,Colisão traseira,Com Vítimas Feridas,Amanhecer,Decrescente,Ceu Claro,Dupla,Reta,Urbano,2012,2,0,1,0,1,0,1,2
1214533,2012-12-08,Sábado,06:15:00,RN,406,150.0,CEARA-MIRIM,Outras,Colisão Transversal,Sem Vítimas,Pleno dia,Decrescente,Ceu Claro,Simples,Reta,Urbano,2012,2,0,0,0,2,0,0,2
1214539,2012-12-08,Sábado,09:50:00,RN,101,102.2,PARNAMIRIM,Não guardar distância de segurança,Colisão traseira,Sem Vítimas,Pleno dia,Decrescente,Ceu Claro,Múltipla,Reta,Urbano,2012,4,0,0,0,4,0,0,4
1214594,2012-12-08,Sábado,14:00:00,RN,101,84.3,NATAL,Outras,Colisão traseira,Sem Vítimas,Pleno dia,Decrescente,Ceu Claro,Dupla,Reta,Urbano,2012,3,0,0,0,2,1,0,3
1214612,2012-12-08,Sábado,12:30:00,RN,101,95.5,NATAL,Outras,Atropelamento de pessoa,Com Vítimas Feridas,Pleno dia,Crescente,Sol,Dupla,Reta,Urbano,2012,2,0,1,0,0,1,1,1
1214706,2012-12-08,Sábado,17:00:00,RN,304,33.7,MOSSORO,Ingestão de álcool,Colisão Transversal,Com Vítimas Feridas,Pleno dia,Decrescente,Ceu Claro,Simples,Reta,Urbano,2012,3,0,2,0,1,0,2,2
1214761,2012-12-08,Sábado,08:20:00,RN,101,107.7,PARNAMIRIM,Não guardar distância de segurança,Colisão traseira,Sem Vítimas,Pleno dia,Decrescente,Sol,Dupla,Cruzamento,Urbano,2012,3,0,0,0,3,0,0,3
1214765,2012-12-08,Sábado,16:40:00,RN,101,94.3,NATAL,Falta de atenção,Colisão traseira,Com Vítimas Feridas,Pleno dia,Decrescente,Sol,Múltipla,Reta,Urbano,2012,2,0,1,0,1,0,1,2
1214792,2012-12-08,Sábado,20:45:00,RN,101,83.4,SAO GONCALO DO AMARANTE,Falta de atenção,Colisão lateral,Com Vítimas Feridas,Plena noite,Crescente,Ceu Claro,Dupla,Reta,Urbano,2012,3,0,0,2,0,1,2,2
1214855,2012-12-09,Domingo,02:20:00,RN,406,163.2,CEARA-MIRIM,Outras,Capotamento,Com Vítimas Feridas,Plena noite,Crescente,Ceu Claro,Simples,Reta,Rural,2012,1,0,1,0,0,0,1,1
1214869,2012-12-09,Domingo,04:10:00,RN,427,46.5,JARDIM DO SERIDO,Dormindo,Queda de motocicleta / bicicleta / veículo,Com Vítimas Feridas,Amanhecer,Decrescente,Ceu Claro,Simples,Curva,Rural,2012,1,0,0,1,0,0,1,1
1214872,2012-12-08,Sábado,21:45:00,RN,304,290.0,MACAIBA,Ultrapassagem indevida,Colisão frontal,Com Vítimas Feridas,Plena noite,Decrescente,Vento,Simples,Reta,Rural,2012,4,0,0,4,0,0,4,2
1215063,2012-12-09,Domingo,13:30:00,RN,304,191.0,LAJES,Defeito mecânico em veículo,Incêndio,Sem Vítimas,Pleno dia,Decrescente,Ceu Claro,Simples,Reta,Urbano,2012,1,0,0,0,1,0,0,1
1215068,2012-12-01,Sábado,21:05:00,RN,101,107.7,PARNAMIRIM,Desobediência à sinalização,Colisão Transversal,Com Vítimas Fatais,Plena noite,Crescente,Ceu Claro,Dupla,Cruzamento,Urbano,2012,3,1,1,1,0,0,2,2
1215095,2012-12-08,Sábado,14:05:00,RN,304,36.1,MOSSORO,Desobediência à sinalização,Colisão Transversal,Com Vítimas Fatais,Pleno dia,Decrescente,Ceu Claro,Simples,Cruzamento,Urbano,2012,4,1,2,0,1,0,2,2
1215131,2012-12-07,Sexta,22:20:00,RN,101,94.3,NATAL,Não guardar distância de segurança,Colisão traseira,Sem Vítimas,Plena noite,Crescente,Ignorada,Dupla,Reta,Urbano,2012,3,0,0,0,3,0,0,3
1215251,2012-12-09,Domingo,18:15:00,RN,101,85.5,SAO GONCALO DO AMARANTE,Não guardar distância de segurança,Colisão traseira,Sem Vítimas,Plena noite,Crescente,Ceu Claro,Dupla,Reta,Urbano,2012,2,0,0,0,2,0,0,2
1215270,2012-12-09,Domingo,18:50:00,RN,101,85.5,SAO GONCALO DO AMARANTE,Não guardar distância de segurança,Colisão traseira,Sem Vítimas,Plena noite,Crescente,Ceu Claro,Dupla,Reta,Urbano,2012,2,0,0,0,2,0,0,2
1215406,2012-12-09,Domingo,19:40:00,RN,101,148.0,GOIANINHA,Outras,Capotamento,Com Vítimas Feridas,Plena noite,Decrescente,Ignorada,Dupla,Reta,Urbano,2012,1,0,0,1,0,0,1,1
1215487,2012-12-02,Domingo,10:15:00,RN,101,96.0,NATAL,Falta de atenção,Colisão lateral,Sem Vítimas,Pleno dia,Crescente,Sol,Dupla,Reta,Urbano,2012,2,0,0,0,2,0,0,2
1215508,2012-12-06,Quinta,23:15:00,RN,101,95.0,NATAL,Falta de atenção,Colisão lateral,Sem Vítimas,Plena noite,Crescente,Ceu Claro,Dupla,Reta,Urbano,2012,2,0,0,0,2,0,0,2
1215520,2012-12-10,Segunda,07:40:00,RN,101,83.0,SAO GONCALO DO AMARANTE,Outras,Colisão lateral,Sem Vítimas,Pleno dia,Crescente,Ceu Claro,Múltipla,Reta,Urbano,2012,2,0,0,0,2,0,0,2
1215570,2012-10-14,Domingo,21:15:00,RN,304,306.8,PARNAMIRIM,Animais na Pista,Atropelamento de animal,Com Vítimas Feridas,Plena noite,Crescente,Nublado,Dupla,Reta,Urbano,2012,2,0,1,1,0,0,2,1
1215623,2012-12-10,Segunda,09:00:00,RN,110,48.5,MOSSORO,Falta de atenção,Colisão lateral,Sem Vítimas,Pleno dia,Decrescente,Ceu Claro,Dupla,Reta,Urbano,2012,2,0,0,0,2,0,0,2
1215666,2012-12-07,Sexta,08:55:00,RN,110,47.0,MOSSORO,Outras,Colisão lateral,Com Vítimas Feridas,Pleno dia,Decrescente,Ceu Claro,Simples,Cruzamento,Urbano,2012,2,0,1,0,1,0,1,2
1215885,2012-12-10,Segunda,18:30:00,RN,101,102.2,PARNAMIRIM,Falta de atenção,Colisão traseira,Sem Vítimas,Plena noite,Decrescente,Ceu Claro,Dupla,Reta,Urbano,2012,2,0,0,0,2,0,0,2
1215975,2012-12-10,Segunda,19:10:00,RN,110,48.0,MOSSORO,Não guardar distância de segurança,Colisão traseira,Sem Vítimas,Plena noite,Decrescente,Ceu Claro,Simples,Reta,Urbano,2012,2,0,0,0,2,0,0,2
1216008,2012-12-10,Segunda,19:00:00,RN,110,1.1,AREIA BRANCA,Falta de atenção,Colisão Transversal,Com Vítimas Fatais,Plena noite,Crescente,Ceu Claro,Simples,Reta,Urbano,2012,2,1,0,0,0,1,0,2
1216057,2012-12-09,Domingo,13:45:00,RN,101,106.0,PARNAMIRIM,Não guardar distância de segurança,Colisão traseira,Sem Vítimas,Pleno dia,Decrescente,Ceu Claro,Dupla,Reta,Urbano,2012,3,0,0,0,3,0,0,3
1216067,2012-12-07,Sexta,18:20:00,RN,304,35.6,MOSSORO,Falta de atenção,Colisão traseira,Com Vítimas Feridas,Plena noite,Crescente,Ceu Claro,Simples,Reta,Urbano,2012,3,0,2,0,1,0,2,2
1216109,2012-12-11,Terça,08:40:00,RN,101,83.3,SAO GONCALO DO AMARANTE,Não guardar distância de segurança,Colisão traseira,Sem Vítimas,Pleno dia,Crescente,Sol,Dupla,Reta,Urbano,2012,3,0,0,0,3,0,0,3
1216112,2012-12-07,Sexta,18:30:00,RN,101,96.9,NATAL,Outras,Colisão lateral,Sem Vítimas,Plena noite,Crescente,Ceu Claro,Simples,Cruzamento,Urbano,2012,2,0,0,0,2,0,0,2
1216116,2012-12-05,Quarta,13:15:00,RN,304,255.3,SANTA MARIA,Falta de atenção,Colisão traseira,Sem Vítimas,Pleno dia,Crescente,Ceu Claro,Simples,Reta,Rural,2012,2,0,0,0,2,0,0,2
1216121,2012-12-05,Quarta,16:30:00,RN,406,170.0,NATAL,Defeito mecânico em veículo,Colisão com objeto móvel,Sem Vítimas,Pleno dia,Crescente,Ceu Claro,Simples,Reta,Rural,2012,2,0,0,0,2,0,0,2
1216131,2012-12-07,Sexta,21:40:00,RN,101,94.4,NATAL,Animais na Pista,Atropelamento de animal,Com Vítimas Feridas,Plena noite,Decrescente,Ceu Claro,Dupla,Reta,Urbano,2012,2,0,1,0,1,0,1,1
1216138,2012-12-05,Quarta,10:15:00,RN,101,95.0,NATAL,Outras,Colisão lateral,Sem Vítimas,Pleno dia,Decrescente,Ceu Claro,Simples,Cruzamento,Urbano,2012,2,0,0,0,2,0,0,2
1216139,2012-12-05,Quarta,10:30:00,RN,101,95.0,NATAL,Outras,Colisão traseira,Sem Vítimas,Pleno dia,Decrescente,Ceu Claro,Simples,Reta,Urbano,2012,2,0,0,0,2,0,0,2
1216141,2012-12-11,Terça,09:00:00,RN,101,99.8,PARNAMIRIM,Desobediência à sinalização,Colisão Transversal,Sem Vítimas,Pleno dia,Decrescente,Ceu Claro,Múltipla,Reta,Urbano,2012,2,0,0,0,2,0,0,2
1216149,2012-12-11,Terça,07:40:00,RN,101,96.4,NATAL,Outras,Queda de motocicleta / bicicleta / veículo,Com Vítimas Feridas,Pleno dia,Crescente,Ceu Claro,Dupla,Cruzamento,Urbano,2012,2,0,2,0,0,0,2,1
1216165,2012-12-11,Terça,09:00:00,RN,304,36.1,MOSSORO,Falta de atenção,Colisão Transversal,Com Vítimas Feridas,Pleno dia,Crescente,Nublado,Simples,Reta,Urbano,2012,2,0,0,1,1,0,1,2
1216171,2012-12-09,Domingo,04:00:00,RN,226,74.1,SERRA CAIADA,Outras,Colisão traseira,Com Vítimas Feridas,Plena noite,Decrescente,Ceu Claro,Simples,Reta,Rural,2012,3,0,1,0,2,0,1,2
1216232,2012-06-10,Domingo,13:20:00,RN,304,93.1,ASSU,Outras,Saída de Pista,Com Vítimas Feridas,Pleno dia,Crescente,Sol,Simples,Reta,Rural,2012,3,0,2,0,1,0,2,1
1216276,2012-12-11,Terça,11:45:00,RN,304,34.4,MOSSORO,Não guardar distância de segurança,Colisão traseira,Sem Vítimas,Pleno dia,Decrescente,Sol,Simples,Cruzamento,Urbano,2012,2,0,0,0,2,0,0,2
1216360,2012-12-11,Terça,01:20:00,RN,101,119.6,SAO JOSE DE MIPIBU,Falta de atenção,Colisão traseira,Com Vítimas Feridas,Plena noite,Decrescente,Ceu Claro,Dupla,Reta,Rural,2012,3,0,0,2,1,0,2,2
1216491,2012-12-11,Terça,20:10:00,RN,101,107.3,PARNAMIRIM,Ingestão de álcool,Colisão traseira,Sem Vítimas,Plena noite,Decrescente,Vento,Dupla,Cruzamento,Urbano,2012,2,0,0,0,2,0,0,2
1216544,2012-12-07,Sexta,20:10:00,RN,101,99.7,NATAL,Não guardar distância de segurança,Colisão traseira,Sem Vítimas,Plena noite,Decrescente,Ceu Claro,Simples,Cruzamento,Urbano,2012,2,0,0,0,1,1,0,2
1216636,2012-12-12,Quarta,07:10:00,RN,101,106.1,PARNAMIRIM,Outras,Colisão traseira,Com Vítimas Feridas,Pleno dia,Crescente,Ceu Claro,Dupla,Cruzamento,Urbano,2012,2,0,2,0,0,0,2,2
1216664,2012-12-10,Segunda,06:10:00,RN,304,294.6,MACAIBA,Não guardar distância de segurança,Colisão traseira,Sem Vítimas,Pleno dia,Crescente,Sol,Simples,Reta,Rural,2012,5,0,0,0,5,0,0,5
1216667,2012-12-04,Terça,15:04:00,RN,304,306.7,PARNAMIRIM,Outras,Colisão Transversal,Com Vítimas Feridas,Pleno dia,Crescente,Sol,Dupla,Reta,Urbano,2012,2,0,0,1,1,0,1,2
1216699,2012-12-11,Terça,13:45:00,RN,304,34.6,MOSSORO,Falta de atenção,Colisão lateral,Com Vítimas Feridas,Pleno dia,Crescente,Ceu Claro,Simples,Reta,Urbano,2012,2,0,1,0,0,1,1,2
1216767,2012-12-11,Terça,20:50:00,RN,406,100.0,JOAO CAMARA,Outras,Atropelamento de animal,Com Vítimas Feridas,Plena noite,Decrescente,Ceu Claro,Simples,Reta,Urbano,2012,2,0,0,1,1,0,1,1
1216774,2012-12-08,Sábado,13:55:00,RN,101,95.0,NATAL,Defeito na via,Colisão lateral,Sem Vítimas,Pleno dia,Decrescente,Sol,Múltipla,Curva,Urbano,2012,2,0,0,0,2,0,0,2
1216819,2012-05-20,Domingo,09:00:00,RN,427,144.5,SERRA NEGRA DO NORTE,Ingestão de álcool,Saída de Pista,Com Vítimas Fatais,Anoitecer,Decrescente,Ceu Claro,Simples,Reta,Rural,2012,1,1,0,0,0,0,0,1
1216832,2012-12-11,Terça,07:05:00,RN,304,271.5,SAO PEDRO,Ultrapassagem indevida,Colisão frontal,Com Vítimas Feridas,Pleno dia,Crescente,Sol,Simples,Reta,Rural,2012,4,0,0,1,3,0,1,4
1216898,2012-12-12,Quarta,13:40:00,RN,101,101.8,PARNAMIRIM,Falta de atenção,Colisão traseira,Sem Vítimas,Pleno dia,Decrescente,Ceu Claro,Múltipla,Cruzamento,Urbano,2012,2,0,0,0,2,0,0,2
1216907,2012-12-12,Quarta,17:30:00,RN,304,290.0,MACAIBA,Falta de atenção,Colisão lateral,Sem Vítimas,Pleno dia,Crescente,Ceu Claro,Simples,Curva,Rural,2012,2,0,0,0,2,0,0,2
1217110,2012-12-09,Domingo,10:00:00,RN,101,163.0,CANGUARETAMA,Outras,Colisão frontal,Com Vítimas Fatais,Pleno dia,Decrescente,Ceu Claro,Dupla,Reta,Urbano,2012,3,1,0,1,0,1,1,2