id,data_inversa,dia_semana,horario,uf,br,km,municipio,causa_acidente,tipo_acidente,classificacao_acidente,fase_dia,sentido_via,condicao_metereologica,tipo_pista,tracado_via,uso_solo,ano,pessoas,mortos,feridos_leves,feridos_graves,ilesos,ignorados,feridos,veiculos
1224504,2012-12-24,Segunda,07:30:00,RN,406,106.9,JOAO CAMARA,Outras,Capotamento,Com Vítimas Feridas,Pleno dia,Crescente,Ceu Claro,Dupla,Reta,Urbano,2012,1,0,1,0,0,0,1,1
1224674,2012-12-23,Domingo,13:15:00,RN,101,80.1,SAO GONCALO DO AMARANTE,Animais na Pista,Colisão traseira,Com Vítimas Feridas,Pleno dia,Crescente,Ceu Claro,Dupla,Reta,Urbano,2012,2,0,1,0,1,0,1,2
1224685,2012-12-24,Segunda,15:30:00,RN,427,10.9,ACARI,Velocidade incompatível,Saída de Pista,Com Vítimas Feridas,Pleno dia,Crescente,Ceu Claro,Simples,Reta,Rural,2012,2,0,1,0,1,0,1,1
1224693,2012-12-23,Domingo,16:30:00,RN,101,83.0,SAO GONCALO DO AMARANTE,Ingestão de álcool,Colisão traseira,Sem Vítimas,Pleno dia,Decrescente,Ceu Claro,Dupla,Reta,Urbano,2012,2,0,0,0,2,0,0,2
1224733,2012-12-24,Segunda,15:20:00,RN,226,10.0,MACAIBA,Dormindo,Colisão traseira,Sem Vítimas,Pleno dia,Decrescente,Ceu Claro,Simples,Reta,Urbano,2012,2,0,0,0,2,0,0,2
1224774,2012-12-21,Sexta,03:50:00,RN,101,100.4,PARNAMIRIM,Ingestão de álcool,Colisão lateral,Sem Vítimas,Plena noite,Decrescente,Ceu Claro,Dupla,Reta,Urbano,2012,2,0,0,0,2,0,0,2
1224787,2012-12-24,Segunda,19:15:00,RN,101,65.7,EXTREMOZ,Animais na Pista,Atropelamento de animal,Com Vítimas Feridas,Plena noite,Decrescente,Ceu Claro,Dupla,Reta,Rural,2012,1,0,0,1,0,0,1,1
1224790,2012-12-24,Segunda,23:00:00,RN,304,236.6,RIACHUELO,Outras,Capotamento,Com Vítimas Feridas,Plena noite,Crescente,Ceu Claro,Simples,Reta,Rural,2012,1,0,1,0,0,0,1,1
1224880,2012-12-21,Sexta,16:00:00,RN,101,110.8,PARNAMIRIM,Ingestão de álcool,Colisão lateral,Sem Vítimas,Pleno dia,Decrescente,Ceu Claro,Dupla,Reta,Rural,2012,2,0,0,0,2,0,0,2
1224896,2012-12-25,Terça,06:00:00,RN,101,100.3,PARNAMIRIM,Outras,Colisão com objeto fixo,Sem Vítimas,Pleno dia,Crescente,Ceu Claro,Simples,Reta,Urbano,2012,2,0,0,0,2,0,0,2
1225032,2012-12-22,Sábado,05:30:00,RN,101,106.7,PARNAMIRIM,Desobediência à sinalização,Colisão Transversal,Com Vítimas Feridas,Amanhecer,Decrescente,Ceu Claro,Dupla,Cruzamento,Urbano,2012,2,0,0,1,0,1,1,2
1225044,2012-12-23,Domingo,04:30:00,RN,304,222.0,CAICARA DO RIO DO VENTO,Outras,Tombamento,Com Vítimas Feridas,Amanhecer,Decrescente,Ceu Claro,Simples,Reta,Rural,2012,1,0,0,1,0,0,1,1
1225121,2012-12-09,Domingo,22:20:00,RN,101,107.0,PARNAMIRIM,Ingestão de álcool,Colisão Transversal,Com Vítimas Feridas,Plena noite,Crescente,Ceu Claro,Dupla,Cruzamento,Urbano,2012,2,0,1,0,1,0,1,2
1225294,2012-12-25,Terça,06:05:00,RN,226,2.8,NATAL,Não guardar distância de segurança,Colisão Transversal,Sem Vítimas,Pleno dia,Decrescente,Sol,Simples,Reta,Urbano,2012,2,0,0,0,2,0,0,2
1225315,2012-12-23,Domingo,00:30:00,RN,101,99.9,NATAL,Falta de atenção,Colisão lateral,Sem Vítimas,Plena noite,Crescente,Ceu Claro,Simples,Reta,Urbano,2012,2,0,0,0,2,0,0,2
1225320,2012-12-14,Sexta,19:20:00,RN,101,96.7,NATAL,Não guardar distância de segurança,Colisão traseira,Sem Vítimas,Plena noite,Decrescente,Ceu Claro,Dupla,Reta,Urbano,2012,4,0,0,0,3,1,0,4
1225374,2012-12-26,Quarta,07:10:00,RN,304,36.0,MOSSORO,Falta de atenção,Colisão lateral,Com Vítimas Feridas,Pleno dia,Crescente,Ceu Claro,Simples,Reta,Urbano,2012,3,0,2,0,1,0,2,2
1225377,2012-12-11,Terça,00:10:00,RN,406,87.8,JOAO CAMARA,Outras,Capotamento,Com Vítimas Feridas,Plena noite,Decrescente,Ceu Claro,Simples,Reta,Rural,2012,4,0,2,1,1,0,3,1
1225461,2012-12-14,Sexta,20:00:00,RN,304,293.0,MACAIBA,Outras,Saída de Pista,Com Vítimas Feridas,Pleno dia,Decrescente,Ceu Claro,Simples,Reta,Rural,2012,1,0,1,0,0,0,1,1
1225494,2012-12-14,Sexta,21:50:00,RN,101,97.3,NATAL,Falta de atenção,Colisão traseira,Com Vítimas Feridas,Plena noite,Decrescente,Ceu Claro,Dupla,Reta,Urbano,2012,2,0,1,0,1,0,1,2
1225753,2012-12-26,Quarta,14:25:00,RN,101,109.0,PARNAMIRIM,Falta de atenção,Colisão traseira,Com Vítimas Feridas,Pleno dia,Crescente,Sol,Dupla,Reta,Urbano,2012,3,0,1,1,1,0,2,2
1225787,2012-12-26,Quarta,14:00:00,RN,101,82.8,SAO GONCALO DO AMARANTE,Falta de atenção,Colisão lateral,Sem Vítimas,Pleno dia,Crescente,Ceu Claro,Simples,Cruzamento,Urbano,2012,3,0,0,0,3,0,0,3
1225849,2012-12-26,Quarta,18:00:00,RN,101,125.0,SAO JOSE DE MIPIBU,Falta de atenção,Colisão Transversal,Com Vítimas Feridas,Plena noite,Crescente,Ceu Claro,Múltipla,Cruzamento,Urbano,2012,2,0,0,1,0,1,1,2
1225860,2012-12-21,Sexta,20:10:00,RN,304,167.7,ANGICOS,Falta de atenção,Colisão Transversal,Sem Vítimas,Plena noite,Decrescente,Ceu Claro,Simples,Reta,Rural,2012,2,0,0,0,2,0,0,2
1225870,2012-12-26,Quarta,13:30:00,RN,101,96.8,NATAL,Falta de atenção,Colisão lateral,Sem Vítimas,Pleno dia,Crescente,Sol,Dupla,Cruzamento,Urbano,2012,2,0,0,0,2,0,0,2
1225966,2012-12-26,Quarta,20:40:00,RN,304,39.0,MOSSORO,Falta de atenção,Colisão Transversal,Com Vítimas Feridas,Plena noite,Crescente,Ceu Claro,Simples,Cruzamento,Rural,2012,2,0,0,1,0,1,1,2
1225981,2012-12-23,Domingo,03:00:00,RN,101,101.3,PARNAMIRIM,Falta de atenção,Colisão lateral,Sem Vítimas,Plena noite,Decrescente,Ceu Claro,Dupla,Reta,Urbano,2012,2,0,0,0,2,0,0,2
1225996,2012-12-26,Quarta,20:40:00,RN,101,72.7,EXTREMOZ,Animais na Pista,Atropelamento de animal,Sem Vítimas,Plena noite,Decrescente,Ceu Claro,Dupla,Reta,Rural,2012,1,0,0,0,1,0,0,1
1226023,2012-12-26,Quarta,22:30:00,RN,101,84.0,SAO GONCALO DO AMARANTE,Outras,Queda de motocicleta / bicicleta / veículo,Com Vítimas Feridas,Plena noite,Crescente,Ceu Claro,Simples,Curva,Urbano,2012,1,0,1,0,0,0,1,1
1226162,2012-12-23,Domingo,13:40:00,RN,101,84.6,NATAL,Outras,Colisão com objeto fixo,Com Vítimas Fatais,Pleno dia,Crescente,Sol,Simples,Curva,Urbano,2012,2,1,1,0,0,0,1,1
1226185,2012-12-23,Domingo,17:10:00,RN,101,68.4,EXTREMOZ,Falta de atenção,Colisão Transversal,Com Vítimas Feridas,Anoitecer,Crescente,Ceu Claro,Simples,Reta,Rural,2012,2,0,0,1,1,0,1,2
1226472,2012-12-27,Quinta,17:20:00,RN,304,108.4,ASSU,Outras,Colisão Transversal,Sem Vítimas,Anoitecer,Crescente,Ceu Claro,Simples,Reta,Rural,2012,2,0,0,0,2,0,0,2
1226521,2012-12-27,Quinta,15:31:00,RN,101,97.7,NATAL,Falta de atenção,Colisão traseira,Sem Vítimas,Pleno dia,Decrescente,Ceu Claro,Dupla,Cruzamento,Urbano,2012,2,0,0,0,2,0,0,2
1226563,2012-12-27,Quinta,07:45:00,RN,101,97.6,NATAL,Não guardar distância de segurança,Colisão traseira,Sem Vítimas,Pleno dia,Decrescente,Sol,Dupla,Reta,Urbano,2012,4,0,0,0,4,0,0,4
1226615,2012-12-27,Quinta,20:20:00,RN,304,32.9,MOSSORO,Falta de atenção,Colisão traseira,Com Vítimas Feridas,Plena noite,Decrescente,Ceu Claro,Simples,Reta,Urbano,2012,2,0,1,0,0,1,1,2
1226687,2012-12-28,Sexta,04:30:00,RN,304,301.5,MACAIBA,Animais na Pista,Atropelamento de animal,Sem Vítimas,Amanhecer,Decrescente,Ceu Claro,Dupla,Reta,Rural,2012,1,0,0,0,1,0,0,1
1226692,2012-12-28,Sexta,04:31:00,RN,304,301.5,MACAIBA,Animais na Pista,Atropelamento de animal,Sem Vítimas,Amanhecer,Decrescente,Ceu Claro,Dupla,Reta,Rural,2012,1,0,0,0,1,0,0,1
1226726,2012-12-25,Terça,17:40:00,RN,226,111.7,SANTA CRUZ,Defeito mecânico em veículo,Colisão Transversal,Sem Vítimas,Anoitecer,Decrescente,Ceu Claro,Simples,Reta,Urbano,2012,3,0,0,0,3,0,0,3
1226751,2012-12-28,Sexta,06:20:00,RN,226,2.0,NATAL,Ultrapassagem indevida,Colisão lateral,Sem Vítimas,Pleno dia,Decrescente,Ceu Claro,Simples,Reta,Urbano,2012,2,0,0,0,2,0,0,2
1226756,2012-12-24,Segunda,16:30:00,RN,101,96.0,NATAL,Outras,Colisão lateral,Com Vítimas Feridas,Pleno dia,Crescente,Ceu Claro,Múltipla,Reta,Urbano,2012,3,0,1,1,1,0,2,2
1226838,2012-12-28,Sexta,12:52:00,RN,101,94.3,NATAL,Outras,Colisão lateral,Sem Vítimas,Pleno dia,Crescente,Sol,Dupla,Reta,Urbano,2012,2,0,0,0,2,0,0,2
1226841,2012-12-26,Quarta,14:00:00,RN,101,95.0,NATAL,Outras,Colisão lateral,Sem Vítimas,Pleno dia,Crescente,Ceu Claro,Múltipla,Cruzamento,Urbano,2012,2,0,0,0,2,0,0,2
1226960,2012-12-28,Sexta,11:15:00,RN,101,108.0,PARNAMIRIM,Não guardar distância de segurança,Colisão traseira,Sem Vítimas,Pleno dia,Decrescente,Sol,Dupla,Reta,Urbano,2012,4,0,0,0,4,0,0,4
1226976,2012-12-28,Sexta,13:50:00,RN,101,106.9,PARNAMIRIM,Falta de atenção,Colisão traseira,Sem Vítimas,Pleno dia,Crescente,Ceu Claro,Dupla,Reta,Urbano,2012,2,0,0,0,2,0,0,2
1226992,2012-12-27,Quinta,16:00:00,RN,304,270.2,SAO PEDRO,Outras,Colisão lateral,Sem Vítimas,Pleno dia,Decrescente,Ceu Claro,Simples,Reta,Rural,2012,2,0,0,0,2,0,0,2
1227033,2012-12-28,Sexta,15:45:00,RN,101,99.9,NATAL,Outras,Colisão lateral,Sem Vítimas,Pleno dia,Crescente,Ceu Claro,Dupla,Cruzamento,Urbano,2012,2,0,0,0,2,0,0,2
1227210,2012-12-28,Sexta,18:00:00,RN,226,114.9,SANTA CRUZ,Ingestão de álcool,Colisão frontal,Com Vítimas Feridas,Plena noite,Decrescente,Ceu Claro,Simples,Curva,Rural,2012,2,0,2,0,0,0,2,2
1227439,2012-12-25,Terça,16:20:00,RN,101,114.0,SAO JOSE DE MIPIBU,Velocidade incompatível,Queda de motocicleta / bicicleta / veículo,Com Vítimas Feridas,Pleno dia,Decrescente,Ceu Claro,Dupla,Curva,Rural,2012,1,0,1,0,0,0,1,1
1227520,2012-12-29,Sábado,09:20:00,RN,101,99.9,NATAL,Velocidade incompatível,Colisão traseira,Com Vítimas Fatais,Pleno dia,Crescente,Ceu Claro,Dupla,Reta,Urbano,2012,3,1,0,2,0,0,2,2
1227845,2012-12-26,Quarta,18:50:00,RN,101,97.0,NATAL,Outras,Colisão lateral,Sem Vítimas,Plena noite,Decrescente,Ceu Claro,Dupla,Reta,Urbano,2012,2,0,0,0,2,0,0,2
1227861,2012-12-29,Sábado,14:40:00,RN,304,92.8,ASSU,Defeito mecânico em veículo,Colisão Transversal,Sem Vítimas,Pleno dia,Crescente,Ceu Claro,Simples,Reta,Rural,2012,6,0,0,0,6,0,0,2
1227953,2012-12-25,Terça,16:00:00,RN,304,265.5,SAO PEDRO,Outras,Colisão Transversal,Com Vítimas Feridas,Pleno dia,Decrescente,Sol,Simples,Reta,Rural,2012,2,0,2,0,0,0,2,2
1227986,2012-12-29,Sábado,07:35:00,RN,304,280.9,MACAIBA,Outras,Tombamento,Com Vítimas Feridas,Pleno dia,Crescente,Sol,Simples,Curva,Rural,2012,1,0,1,0,0,0,1,1
1228067,2012-12-28,Sexta,21:10:00,RN,406,101.7,JOAO CAMARA,Ingestão de álcool,Colisão traseira,Com Vítimas Feridas,Plena noite,Decrescente,Ceu Claro,Simples,Curva,Urbano,2012,4,0,2,1,1,0,3,2
1228148,2012-12-27,Quinta,08:45:00,RN,226,61.9,SENADOR ELOI DE SOUZA,Desobediência à sinalização,Colisão traseira,Sem Vítimas,Pleno dia,Decrescente,Ceu Claro,Simples,Reta,Urbano,2012,2,0,0,0,2,0,0,2
1228224,2012-12-30,Domingo,11:40:00,RN,110,1.0,AREIA BRANCA,Falta de atenção,Colisão traseira,Sem Vítimas,Pleno dia,Decrescente,Ceu Claro,Simples,Reta,Urbano,2012,4,0,0,0,4,0,0,4
1228229,2012-12-30,Domingo,14:20:00,RN,304,43.0,MOSSORO,Falta de atenção,Queda de motocicleta / bicicleta / veículo,Com Vítimas Feridas,Pleno dia,Decrescente,Sol,Dupla,Reta,Urbano,2012,1,0,1,0,0,0,1,1
1228501,2012-12-31,Segunda,04:30:00,RN,304,121.0,ITAJA,Animais na Pista,Tombamento,Sem Vítimas,Plena noite,Crescente,Ceu Claro,Simples,Reta,Rural,2012,1,0,0,0,1,0,0,1
1228529,2012-12-19,Quarta,08:40:00,RN,304,47.6,MOSSORO,Falta de atenção,Colisão traseira,Sem Vítimas,Pleno dia,Decrescente,Ceu Claro,Simples,Reta,Urbano,2012,2,0,0,0,1,1,0,2
1228606,2012-12-31,Segunda,08:30:00,RN,101,98.0,NATAL,Falta de atenção,Colisão Transversal,Sem Vítimas,Pleno dia,Decrescente,Ceu Claro,Múltipla,Cruzamento,Urbano,2012,2,0,0,0,2,0,0,2
1228634,2012-12-31,Segunda,07:35:00,RN,101,95.5,NATAL,Não guardar distância de segurança,Colisão lateral,Sem Vítimas,Pleno dia,Decrescente,Ceu Claro,Múltipla,Reta,Urbano,2012,3,0,0,0,3,0,0,2
1228681,2012-12-31,Segunda,11:45:00,RN,304,296.7,MACAIBA,Outras,Colisão Transversal,Sem Vítimas,Pleno dia,Decrescente,Sol,Simples,Cruzamento,Urbano,2012,2,0,0,0,2,0,0,2
1228689,2012-12-31,Segunda,13:25:00,RN,304,24.0,MOSSORO,Não guardar distância de segurança,Colisão traseira,Sem Vítimas,Pleno dia,Decrescente,Ceu Claro,Dupla,Reta,Rural,2012,4,0,0,0,4,0,0,4
1228718,2012-12-25,Terça,16:45:00,RN,226,12.5,MACAIBA,Falta de atenção,Colisão Transversal,Com Vítimas Feridas,Pleno dia,Crescente,Ceu Claro,Simples,Cruzamento,Urbano,2012,2,0,0,1,1,0,1,2
1228770,2012-12-27,Quinta,11:20:00,RN,101,95.1,NATAL,Falta de atenção,Colisão traseira,Sem Vítimas,Pleno dia,Crescente,Ceu Claro,Múltipla,Reta,Urbano,2012,2,0,0,0,1,1,0,2
1228944,2012-12-28,Sexta,11:20:00,RN,101,105.7,PARNAMIRIM,Falta de atenção,Colisão lateral,Sem Vítimas,Pleno dia,Decrescente,Ceu Claro,Dupla,Reta,Urbano,2012,2,0,0,0,2,0,0,2
1229222,2012-12-28,Sexta,17:30:00,RN,101,62.0,CEARA-MIRIM,Ingestão de álcool,Colisão Transversal,Sem Vítimas,Pleno dia,Crescente,Ceu Claro,Simples,Cruzamento,Rural,2012,2,0,0,0,2,0,0,2
1229334,2012-12-28,Sexta,11:30:00,RN,304,48.5,MOSSORO,Falta de atenção,Colisão Transversal,Sem Vítimas,Pleno dia,Crescente,Sol,Simples,Cruzamento,Urbano,2012,2,0,0,0,2,0,0,2
1229350,2012-12-29,Sábado,04:15:00,RN,304,83.8,ASSU,Falta de atenção,Colisão traseira,Com Vítimas Feridas,Plena noite,Crescente,Ceu Claro,Simples,Reta,Rural,2012,2,0,0,1,1,0,1,2
1229393,2012-12-29,Sábado,19:00:00,RN,101,97.5,NATAL,Falta de atenção,Colisão traseira,Sem Vítimas,Plena noite,Decrescente,Ceu Claro,Simples,Reta,Urbano,2012,2,0,0,0,2,0,0,2
1229555,2012-12-29,Sábado,20:40:00,RN,101,96.6,NATAL,Falta de atenção,Atropelamento de pessoa,Com Vítimas Feridas,Plena noite,Decrescente,Ceu Claro,Dupla,Curva,Urbano,2012,2,0,0,2,0,0,2,1
1230014,2012-12-30,Domingo,17:20:00,RN,304,36.0,MOSSORO,Falta de atenção,Colisão traseira,Sem Vítimas,Anoitecer,Crescente,Ceu Claro,Simples,Cruzamento,Urbano,2012,9,0,0,0,9,0,0,2
1230099,2012-11-14,Quarta,20:50:00,RN,101,101.9,PARNAMIRIM,Outras,Colisão traseira,Sem Vítimas,Plena noite,Decrescente,Ceu Claro,Dupla,Reta,Urbano,2012,2,0,0,0,2,0,0,2
1230210,2012-05-01,Terça,16:00:00,RN,405,154.0,PAU DOS FERROS,Não guardar distância de segurança,Colisão traseira,Ignorado,Pleno dia,Decrescente,Ceu Claro,Simples,Reta,Rural,2012,2,0,0,0,0,2,0,2
1230317,2012-10-23,Terça,07:00:00,RN,101,99.9,NATAL,Falta de atenção,Colisão lateral,Sem Vítimas,Pleno dia,Crescente,Ceu Claro,Dupla,Reta,Urbano,2012,2,0,0,0,2,0,0,2
1230544,2012-12-31,Segunda,11:30:00,RN,101,94.4,NATAL,Outras,Atropelamento de pessoa,Com Vítimas Fatais,Pleno dia,Decrescente,Ceu Claro,Múltipla,Reta,Urbano,2012,2,1,0,0,1,0,0,1
1231900,2012-10-19,Sexta,15:30:00,RN,226,136.3,CAMPO REDONDO,Outras,Atropelamento de pessoa,Com Vítimas Feridas,Pleno dia,Decrescente,Ceu Claro,Simples,Reta,Rural,2012,2,0,0,1,0,1,1,1
1232037,2012-03-25,Domingo,06:20:00,RN,406,145.1,CEARA-MIRIM,Outras,Colisão traseira,Com Vítimas Feridas,Pleno dia,Crescente,Sol,Simples,Reta,Urbano,2012,3,0,1,1,0,1,2,2
1232138,2012-09-20,Quinta,06:10:00,RN,101,107.3,PARNAMIRIM,Desobediência à sinalização,Colisão Transversal,Com Vítimas Feridas,Pleno dia,Crescente,Sol,Dupla,Cruzamento,Urbano,2012,2,0,1,1,0,0,2,2
1232383,2012-12-31,Segunda,12:30:00,RN,101,82.9,SAO GONCALO DO AMARANTE,Falta de atenção,Colisão lateral,Sem Vítimas,Pleno dia,Crescente,Sol,Dupla,Curva,Urbano,2012,2,0,0,0,2,0,0,2
1232387,2012-12-01,Sábado,09:15:00,RN,226,35.9,MACAIBA,Ingestão de álcool,Colisão lateral,Com Vítimas Feridas,Pleno dia,Decrescente,Sol,Simples,Reta,Rural,2012,3,0,1,0,2,0,1,2
1232596,2012-10-04,Quinta,14:20:00,RN,101,84.9,SAO GONCALO DO AMARANTE,Outras,Colisão lateral,Sem Vítimas,Pleno dia,Crescente,Ceu Claro,Dupla,Reta,Urbano,2012,2,0,0,0,2,0,0,2
1232871,2012-05-31,Quinta,07:30:00,RN,110,49.0,MOSSORO,Não guardar distância de segurança,Colisão traseira,Sem Vítimas,Amanhecer,Decrescente,Ceu Claro,Dupla,Reta,Urbano,2012,2,0,0,0,2,0,0,2
1233865,2012-06-22,Sexta,15:55:00,RN,226,138.9,CAMPO REDONDO,Outras,Tombamento,Com Vítimas Feridas,Pleno dia,Crescente,Chuva,Simples,Reta,Rural,2012,2,0,1,0,1,0,1,1
1233925,2012-11-19,Segunda,17:35:00,RN,304,30.5,MOSSORO,Defeito mecânico em veículo,Colisão frontal,Com Vítimas Fatais,Anoitecer,Decrescente,Sol,Simples,Reta,Urbano,2012,5,1,1,1,2,0,2,4
1233987,2012-11-21,Quarta,16:35:00,RN,101,97.0,NATAL,Outras,Colisão Transversal,Sem Vítimas,Pleno dia,Crescente,Sol,Múltipla,Curva,Urbano,2012,4,0,0,0,4,0,0,4
1234241,2012-10-11,Quinta,14:30:00,RN,101,94.0,NATAL,Falta de atenção,Colisão traseira,Sem Vítimas,Pleno dia,Crescente,Ceu Claro,Dupla,Reta,Urbano,2012,3,0,0,0,3,0,0,3
1234877,2012-12-27,Quinta,17:26:00,RN,101,106.0,PARNAMIRIM,Desobediência à sinalização,Colisão Transversal,Com Vítimas Feridas,Pleno dia,Crescente,Ceu Claro,Dupla,Reta,Urbano,2012,2,0,0,1,1,0,1,2
1234949,2012-09-09,Domingo,21:25:00,RN,304,43.0,MOSSORO,Falta de atenção,Colisão traseira,Com Vítimas Feridas,Plena noite,Crescente,Ignorada,Dupla,Cruzamento,Rural,2012,2,0,1,0,1,0,1,2
1235085,2012-12-28,Sexta,10:00:00,RN,101,107.3,PARNAMIRIM,Não guardar distância de segurança,Colisão traseira,Sem Vítimas,Pleno dia,Crescente,Ceu Claro,Dupla,Cruzamento,Urbano,2012,2,0,0,0,2,0,0,2
1235099,2012-12-28,Sexta,18:30:00,RN,101,96.6,NATAL,Falta de atenção,Colisão lateral,Sem Vítimas,Pleno dia,Crescente,Ceu Claro,Múltipla,Cruzamento,Urbano,2012,2,0,0,0,2,0,0,2
1235176,2012-11-30,Sexta,09:00:00,RN,101,97.3,NATAL,Falta de atenção,Colisão traseira,Sem Vítimas,Pleno dia,Decrescente,Ceu Claro,Dupla,Reta,Urbano,2012,5,0,0,0,5,0,0,5
1236147,2012-12-27,Quinta,14:50:00,RN,101,84.0,SAO GONCALO DO AMARANTE,Outras,Colisão lateral,Com Vítimas Feridas,Pleno dia,Crescente,Sol,Dupla,Reta,Urbano,2012,3,0,1,0,1,1,1,2
1236166,2012-12-09,Domingo,18:00:00,RN,101,58.0,CEARA-MIRIM,Outras,Colisão lateral,Com Vítimas Feridas,Anoitecer,Crescente,Ceu Claro,Simples,Reta,Rural,2012,3,0,0,2,1,0,2,2
1236167,2012-12-09,Domingo,18:00:00,RN,101,58.0,CEARA-MIRIM,Outras,Colisão lateral,Com Vítimas Feridas,Anoitecer,Crescente,Ceu Claro,Simples,Reta,Rural,2012,3,0,0,2,1,0,2,2
1236502,2012-12-14,Sexta,22:00:00,RN,101,94.0,NATAL,Falta de atenção,Colisão traseira,Sem Vítimas,Plena noite,Crescente,Ceu Claro,Dupla,Reta,Urbano,2012,3,0,0,0,3,0,0,3
1237371,2012-12-17,Segunda,04:45:00,RN,101,99.8,NATAL,Falta de atenção,Colisão lateral,Sem Vítimas,Amanhecer,Crescente,Ceu Claro,Múltipla,Reta,Urbano,2012,2,0,0,0,2,0,0,2
1237417,2012-11-17,Sábado,13:10:00,RN,406,112.7,JOAO CAMARA,Outras,Saída de Pista,Com Vítimas Feridas,Pleno dia,Crescente,Ceu Claro,Simples,Reta,Rural,2012,4,0,1,3,0,0,4,1
1238729,2012-11-21,Quarta,16:35:00,RN,101,97.0,NATAL,Não guardar distância de segurança,Colisão traseira,Sem Vítimas,Pleno dia,Crescente,Sol,Múltipla,Curva,Urbano,2012,4,0,0,0,4,0,0,4
1240181,2012-07-26,Quinta,18:00:00,RN,406,100.0,JOAO CAMARA,Outras,Colisão Transversal,Com Vítimas Feridas,Plena noite,Crescente,Ceu Claro,Simples,Reta,Rural,2012,2,0,0,1,1,0,1,2
1248299,2012-12-29,Sábado,21:15:00,RN,101,163.0,CANGUARETAMA,Animais na Pista,Saída de Pista,Sem Vítimas,Plena noite,Decrescente,Ceu Claro,Dupla,Reta,Urbano,2012,1,0,0,0,1,0,0,1
1255742,2012-10-04,Quinta,14:20:00,RN,101,85.0,SAO GONCALO DO AMARANTE,Não guardar distância de segurança,Colisão lateral,Sem Vítimas,Pleno dia,Crescente,Ceu Claro,Dupla,Reta,Urbano,2012,2,0,0,0,2,0,0,2
1256434,2012-09-15,Sábado,11:40:00,RN,304,206.1,LAJES,Outras,Colisão traseira,Com Vítimas Feridas,Pleno dia,Decrescente,Ceu Claro,Simples,Reta,Rural,2012,4,0,0,3,1,0,3,2
1259054,2012-08-24,Sexta,06:40:00,RN,110,50.2,MOSSORO,Falta de atenção,Colisão lateral,Com Vítimas Feridas,Pleno dia,Decrescente,Sol,Dupla,Reta,Urbano,2012,3,0,2,0,1,0,2,2
1263252,2012-12-10,Segunda,15:15:00,RN,101,96.0,NATAL,Outras,Colisão traseira,Sem Vítimas,Pleno dia,Crescente,Ceu Claro,Simples,Reta,Urbano,2012,3,0,0,0,3,0,0,3
1272583,2012-12-26,Quarta,13:30:00,RN,101,95.6,NATAL,Não guardar distância de segurança,Colisão traseira,Sem Vítimas,Pleno dia,Crescente,Sol,Dupla,Reta,Urbano,2012,2,0,0,0,2,0,0,2
1276564,2012-08-05,Domingo,01:15:00,RN,304,34.0,MOSSORO,Ingestão de álcool,Colisão frontal,Com Vítimas Feridas,Plena noite,Decrescente,Ceu Claro,Simples,Reta,Urbano,2012,2,0,1,0,1,0,1,2
1283515,2012-05-05,Sábado,00:20:00,RN,304,113.0,ASSU,Animais na Pista,Tombamento,Com Vítimas Feridas,Plena noite,Decrescente,Ceu Claro,Simples,Reta,Rural,2012,2,0,0,2,0,0,2,1
1283546,2012-09-07,Sexta,18:27:00,RN,101,96.8,NATAL,Outras,Atropelamento de pessoa,Com Vítimas Feridas,Plena noite,Crescente,Ceu Claro,Dupla,Reta,Urbano,2012,2,0,0,1,1,0,1,1
1324239,2012-08-31,Sexta,21:20:00,RN,101,94.9,NATAL,Outras,Atropelamento de pessoa,Com Vítimas Fatais,Plena noite,Crescente,Ceu Claro,Dupla,Reta,Urbano,2012,2,1,0,1,0,0,1,1
1336409,2012-12-12,Quarta,16:50:00,RN,406,169.1,SAO GONCALO DO AMARANTE,Falta de atenção,Colisão Transversal,Com Vítimas Feridas,Pleno dia,Decrescente,Sol,Dupla,Reta,Urbano,2012,3,0,0,2,1,0,2,2
83062402,2012-09-06,Quinta,21:50:00,RN,427,107.0,CAICO,Ingestão de álcool,Colisão frontal,Com Vítimas Feridas,Plena noite,Crescente,Ceu Claro,Simples,Reta,Rural,2012,2,0,0,1,1,0,1,2
83078419,2012-12-15,Sábado,23:20:00,RN,304,297.1,MACAIBA,Ingestão de álcool,Colisão frontal,Com Vítimas Fatais,Plena noite,Decrescente,Ceu Claro,Simples,Reta,Urbano,2012,8,3,0,3,2,0,3,3
83118704,2012-12-25,Terça,16:40:00,RN,304,37.0,MOSSORO,Não guardar distância de segurança,Colisão traseira,Com Vítimas Feridas,Pleno dia,Crescente,Ceu Claro,Simples,Reta,Urbano,2012,6,0,2,0,3,1,2,2
83185336,2012-09-09,Domingo,10:50:00,RN,101,103.5,PARNAMIRIM,Falta de atenção,Colisão traseira,Com Vítimas Fatais,Pleno dia,Decrescente,Sol,Dupla,Reta,Urbano,2012,3,1,0,1,1,0,1,2
83232089,2012-11-19,Segunda,05:30:00,RN,101,67.0,EXTREMOZ,Falta de atenção,Queda de motocicleta / bicicleta / veículo,Com Vítimas Fatais,Amanhecer,Crescente,Ceu Claro,Simples,Curva,Rural,2012,1,1,0,0,0,0,0,1
83381542,2012-07-09,Segunda,01:50:00,RN,304,37.9,MOSSORO,Outras,Colisão frontal,Com Vítimas Fatais,Plena noite,Crescente,Ceu Claro,Simples,Reta,Urbano,2012,2,1,0,1,0,0,1,2